scenario,year,region,input,FiberCrop_withdrawal,Rice_withdrawal,Wheat_withdrawal,SugarCrop_withdrawal,MiscAll_withdrawals,Corn_withdrawal,MiscCrop_withdrawal,OilCrop_withdrawal,OtherGrain_withdrawal,Root_Tuber_withdrawal,gw,res,esm,tax,ssp,ag,soc,cluster_FiberCrop_withdrawal_Rice_withdrawal,cluster_FiberCrop_withdrawal_SugarCrop_withdrawal,cluster_FiberCrop_withdrawal_Wheat_withdrawal,cluster_FiberCrop_withdrawal_MiscAll_withdrawals,cluster_Rice_withdrawal_SugarCrop_withdrawal,cluster_Rice_withdrawal_Wheat_withdrawal
ssp_ag1_soc3_gwhi_exp_gfdl_NDC_Tax_ffict,2100,Africa_Southern,water_td_irr_ZambeziR_W,0.303182,0.808319,0.287366,1.233431,1.82929955,0.1643917999999999,1.583201,0.0400067,0.0322911,0.00940895,3,2,1,1,2,1,3,2,2,5,4,7,6
ssp_ag1_soc3_gwhi_exp_hadgem_NDC_Tax_ffict,2100,Africa_Southern,water_td_irr_ZambeziR_W,0.304322,0.801445,0.283183,1.238788,1.82535576,0.1628281,1.581166,0.0398402,0.032147,0.00937446,3,2,2,1,2,1,3,2,2,5,4,7,6
ssp_ag1_soc3_gwhi_exp_ipsl_NDC_Tax_ffict,2100,Africa_Southern,water_td_irr_ZambeziR_W,0.2951,0.7998069999999999,0.281454,1.233231,1.80771702,0.1629202,1.563883,0.0397458,0.0318255,0.00934252,3,2,3,1,2,1,3,2,2,5,4,7,6
ssp_ag1_soc3_gwhi_exp_miroc_NDC_Tax_ffict,2100,Africa_Southern,water_td_irr_ZambeziR_W,0.299378,0.79548,0.283097,1.226966,1.81872883,0.1603987,1.577723,0.0393441,0.0319474,0.00931563,3,2,4,1,2,1,3,2,2,5,4,7,6
ssp_ag1_soc3_gwhi_exp_noresm_NDC_Tax_ffict,2100,Africa_Southern,water_td_irr_ZambeziR_W,0.305892,0.8129350000000001,0.28428,1.251727,1.8562636399999999,0.1659912999999999,1.607268,0.0405363,0.0328985,0.00956954,3,2,5,1,2,1,3,2,2,5,4,7,6
ssp_ag1_soc3_gwhi_rs_gfdl_NDC_Tax_ffict,2100,Africa_Southern,water_td_irr_ZambeziR_W,0.304124,0.811462,0.288865,1.243166,1.8535710499999998,0.1643209,1.607523,0.0400851999999999,0.0322362,0.00940575,3,1,1,1,2,1,3,2,2,5,4,7,6
ssp_ag1_soc3_gwhi_rs_hadgem_NDC_Tax_ffict,2100,Africa_Southern,water_td_irr_ZambeziR_W,0.305206,0.804672,0.284084,1.24544,1.8475601399999997,0.1627051,1.6034469999999998,0.0399441999999999,0.0320952,0.00936864,3,1,2,1,2,1,3,2,2,5,4,7,6
ssp_ag1_soc3_gwhi_rs_ipsl_NDC_Tax_ffict,2100,Africa_Southern,water_td_irr_ZambeziR_W,0.297,0.805057,0.283313,1.18654,1.8325497599999998,0.1623701,1.589498,0.0394305,0.031871,0.0093801599999999,3,1,3,1,2,1,3,2,2,5,4,7,6
ssp_ag1_soc3_gwhi_rs_miroc_NDC_Tax_ffict,2100,Africa_Southern,water_td_irr_ZambeziR_W,0.30069,0.79848,0.2849,1.234056,1.8452179399999995,0.1603302999999999,1.604194,0.0394803,0.0318937,0.00931964,3,1,4,1,2,1,3,2,2,5,4,7,6
ssp_ag1_soc3_gwhi_rs_noresm_NDC_Tax_ffict,2100,Africa_Southern,water_td_irr_ZambeziR_W,0.306593,0.8143149999999999,0.285429,1.2555070000000002,1.86838577,0.1660108,1.619321,0.0406136999999999,0.032867,0.00957327,3,1,5,1,2,1,3,2,2,5,4,7,6
ssp_ag1_soc3_gwlo_exp_gfdl_NDC_Tax_ffict,2100,Africa_Southern,water_td_irr_ZambeziR_W,0.30299,0.808237,0.2873469999999999,1.230772,1.8585234999999998,0.1640989,1.612889,0.039885,0.0322488,0.0094017999999999,1,2,1,1,2,1,3,2,2,5,4,7,6
ssp_ag1_soc3_gwlo_exp_hadgem_NDC_Tax_ffict,2100,Africa_Southern,water_td_irr_ZambeziR_W,0.304223,0.8017340000000001,0.283442,1.235678,1.8572844000000002,0.16254,1.613528,0.0397449,0.0321031,0.0093684,1,2,2,1,2,1,3,2,2,5,4,7,6
ssp_ag1_soc3_gwlo_exp_ipsl_NDC_Tax_ffict,2100,Africa_Southern,water_td_irr_ZambeziR_W,0.295268,0.800138,0.281662,1.230165,1.82709137,0.1627554,1.583459,0.0397003,0.0318329,0.00934377,1,2,3,1,2,1,3,2,2,5,4,7,6
ssp_ag1_soc3_gwlo_exp_miroc_NDC_Tax_ffict,2100,Africa_Southern,water_td_irr_ZambeziR_W,0.299579,0.796678,0.28373,1.22314,1.85669697,0.1601537,1.616096,0.0392498,0.0318771,0.00932037,1,2,4,1,2,1,3,2,2,5,4,7,6
ssp_ag1_soc3_gwlo_exp_noresm_NDC_Tax_ffict,2100,Africa_Southern,water_td_irr_ZambeziR_W,0.305998,0.813294,0.284548,1.2506700000000002,1.8642278099999998,0.1659161,1.615352,0.0405022,0.0328891,0.00956841,1,2,5,1,2,1,3,2,2,5,4,7,6
ssp_ag1_soc3_gwlo_rs_gfdl_NDC_Tax_ffict,2100,Africa_Southern,water_td_irr_ZambeziR_W,0.304427,0.812673,0.289495,1.237991,1.89632905,0.1639228999999999,1.650856,0.0399575,0.0321717,0.00942095,1,1,1,1,2,1,3,2,2,5,4,7,6
ssp_ag1_soc3_gwlo_rs_hadgem_NDC_Tax_ffict,2100,Africa_Southern,water_td_irr_ZambeziR_W,0.30534,0.805859,0.284799,1.2407290000000002,1.88590439,0.1624072,1.642265,0.0398135,0.0320455,0.00937319,1,1,2,1,2,1,3,2,2,5,4,7,6
ssp_ag1_soc3_gwlo_rs_ipsl_NDC_Tax_ffict,2100,Africa_Southern,water_td_irr_ZambeziR_W,0.296697,0.8049459999999999,0.28299,1.25215,1.87307966,0.1625741,1.629786,0.0396013,0.0317555999999999,0.00936266,1,1,3,1,2,1,3,2,2,5,4,7,6
ssp_ag1_soc3_gwlo_rs_miroc_NDC_Tax_ffict,2100,Africa_Southern,water_td_irr_ZambeziR_W,0.301485,0.8008740000000001,0.286112,1.231169,1.88788488,0.1601154,1.6472600000000002,0.0393529,0.0318152,0.00934138,1,1,4,1,2,1,3,2,2,5,4,7,6
ssp_ag1_soc3_gwlo_rs_noresm_NDC_Tax_ffict,2100,Africa_Southern,water_td_irr_ZambeziR_W,0.306933,0.8156129999999999,0.286191,1.249041,1.91736289,0.1655319,1.668998,0.0404592,0.0327919,0.00958189,1,1,5,1,2,1,3,2,2,5,4,7,6
ssp_ag1_soc3_gwmed_exp_gfdl_NDC_Tax_ffict,2100,Africa_Southern,water_td_irr_ZambeziR_W,0.30311,0.8083060000000001,0.287348,1.2330230000000002,1.8377392399999997,0.1642624999999999,1.591805,0.0399825999999999,0.0322817,0.00940744,2,2,1,1,2,1,3,2,2,5,4,7,6
ssp_ag1_soc3_gwmed_exp_hadgem_NDC_Tax_ffict,2100,Africa_Southern,water_td_irr_ZambeziR_W,0.304116,0.8012,0.282983,1.24803,1.83205462,0.1628402,1.587838,0.039887,0.0321197,0.00936972,2,2,2,1,2,1,3,2,2,5,4,7,6
ssp_ag1_soc3_gwmed_exp_ipsl_NDC_Tax_ffict,2100,Africa_Southern,water_td_irr_ZambeziR_W,0.295236,0.7999729999999999,0.281596,1.231349,1.8104201599999998,0.1628927999999999,1.566565,0.0397597,0.031858,0.00934466,2,2,3,1,2,1,3,2,2,5,4,7,6
ssp_ag1_soc3_gwmed_exp_miroc_NDC_Tax_ffict,2100,Africa_Southern,water_td_irr_ZambeziR_W,0.299302,0.795517,0.283064,1.225719,1.83424351,0.1602389,1.593532,0.0392318,0.0319278,0.00931301,2,2,4,1,2,1,3,2,2,5,4,7,6
ssp_ag1_soc3_gwmed_exp_noresm_NDC_Tax_ffict,2100,Africa_Southern,water_td_irr_ZambeziR_W,0.3059159999999999,0.8129660000000001,0.284311,1.251778,1.85691009,0.1659746,1.607931,0.040536,0.032899,0.00956949,2,2,5,1,2,1,3,2,2,5,4,7,6
ssp_ag1_soc3_gwmed_rs_gfdl_NDC_Tax_ffict,2100,Africa_Southern,water_td_irr_ZambeziR_W,0.30406,0.8115559999999999,0.288836,1.240822,1.87262656,0.1641132,1.6268669999999998,0.0400301,0.032211,0.00940526,2,1,1,1,2,1,3,2,2,5,4,7,6
ssp_ag1_soc3_gwmed_rs_hadgem_NDC_Tax_ffict,2100,Africa_Southern,water_td_irr_ZambeziR_W,0.305064,0.804649,0.284006,1.243051,1.8658529999999998,0.1625307,1.6220249999999998,0.0398626999999999,0.0320689,0.0093657,2,1,2,1,2,1,3,2,2,5,4,7,6
ssp_ag1_soc3_gwmed_rs_ipsl_NDC_Tax_ffict,2100,Africa_Southern,water_td_irr_ZambeziR_W,0.296127,0.8034060000000001,0.282308,1.248258,1.8472191100000002,0.1627789,1.6033270000000002,0.0399962,0.0317695,0.00934751,2,1,3,1,2,1,3,2,2,5,4,7,6
ssp_ag1_soc3_gwmed_rs_miroc_NDC_Tax_ffict,2100,Africa_Southern,water_td_irr_ZambeziR_W,0.300662,0.798783,0.284939,1.233308,1.8610824499999998,0.1602336,1.620234,0.0394283,0.0318645,0.00932205,2,1,4,1,2,1,3,2,2,5,4,7,6
ssp_ag1_soc3_gwmed_rs_noresm_NDC_Tax_ffict,2100,Africa_Southern,water_td_irr_ZambeziR_W,0.306472,0.814128,0.285363,1.256835,1.88046908,0.1659207,1.6315,0.0406332,0.0328445,0.00957068,2,1,5,1,2,1,3,2,2,5,4,7,6
ssp_ag2_soc3_gwhi_exp_gfdl_NDC_Tax_ffict,2100,Africa_Southern,water_td_irr_ZambeziR_W,0.240412,0.702719,0.280099,1.20214,1.6894661999999998,0.1103658999999999,1.490603,0.0417207,0.032172,0.0146046,3,2,1,1,2,2,3,6,2,1,1,7,6
ssp_ag2_soc3_gwhi_exp_hadgem_NDC_Tax_ffict,2100,Africa_Southern,water_td_irr_ZambeziR_W,0.2409016,0.6994309999999999,0.27746,1.2019190000000002,1.6871905200000001,0.1095481,1.489268,0.0417869,0.0320613,0.01452622,3,2,2,1,2,2,3,6,2,1,1,7,6
ssp_ag2_soc3_gwhi_exp_ipsl_NDC_Tax_ffict,2100,Africa_Southern,water_td_irr_ZambeziR_W,0.2371047,0.6983779999999999,0.276839,1.199338,1.67646919,0.1090307,1.479266,0.0417375,0.0319102,0.01452479,3,2,3,1,2,2,3,6,2,1,1,7,6
ssp_ag2_soc3_gwhi_exp_miroc_NDC_Tax_ffict,2100,Africa_Southern,water_td_irr_ZambeziR_W,0.2390007999999999,0.696342,0.278408,1.196576,1.6905992200000002,0.107903,1.4947700000000002,0.0414265999999999,0.0319798,0.01451982,3,2,4,1,2,2,3,6,2,1,1,7,6
ssp_ag2_soc3_gwhi_exp_noresm_NDC_Tax_ffict,2100,Africa_Southern,water_td_irr_ZambeziR_W,0.2451182,0.714673,0.283321,1.2256429999999998,1.72851709,0.1121088,1.525933,0.0426125,0.0329466,0.01491619,3,2,5,1,2,2,3,6,2,1,1,7,6
ssp_ag2_soc3_gwhi_rs_gfdl_NDC_Tax_ffict,2100,Africa_Southern,water_td_irr_ZambeziR_W,0.2422867,0.707608,0.282043,1.214956,1.71432698,0.109702,1.515872,0.0419759,0.0321237,0.01465338,3,1,1,1,2,2,3,6,2,1,1,7,6
ssp_ag2_soc3_gwhi_rs_hadgem_NDC_Tax_ffict,2100,Africa_Southern,water_td_irr_ZambeziR_W,0.2423788,0.703893,0.278568,1.21204,1.70862057,0.1091132,1.5111059999999998,0.0418566,0.0319868,0.01455797,3,1,2,1,2,2,3,6,2,1,1,7,6
ssp_ag2_soc3_gwhi_rs_ipsl_NDC_Tax_ffict,2100,Africa_Southern,water_td_irr_ZambeziR_W,0.2384366,0.702386,0.277551,1.20813,1.6963714599999997,0.1089943999999999,1.499287,0.0417561999999999,0.0317786,0.01455526,3,1,3,1,2,2,3,6,2,1,1,7,6
ssp_ag2_soc3_gwhi_rs_miroc_NDC_Tax_ffict,2100,Africa_Southern,water_td_irr_ZambeziR_W,0.2403637,0.6995319999999999,0.279472,1.205488,1.71233909,0.1078549999999999,1.516617,0.0414603,0.0318586,0.01454819,3,1,4,1,2,2,3,6,2,1,1,7,6
ssp_ag2_soc3_gwhi_rs_noresm_NDC_Tax_ffict,2100,Africa_Southern,water_td_irr_ZambeziR_W,0.2457485,0.71609,0.283763,1.230195,1.74519476,0.1121689,1.542723,0.0425651,0.032793,0.01494476,3,1,5,1,2,2,3,6,2,1,1,7,6
ssp_ag2_soc3_gwlo_exp_gfdl_NDC_Tax_ffict,2100,Africa_Southern,water_td_irr_ZambeziR_W,0.2412538,0.702771,0.279458,1.199598,1.7126404299999998,0.1108306,1.5139,0.0413183,0.0319946,0.01459693,1,2,1,1,2,2,3,6,2,1,1,7,6
ssp_ag2_soc3_gwlo_exp_hadgem_NDC_Tax_ffict,2100,Africa_Southern,water_td_irr_ZambeziR_W,0.2415166,0.701412,0.27881,1.2042959999999998,1.7117074099999998,0.1093243,1.5141019999999998,0.0417066999999999,0.0320259,0.01454851,1,2,2,1,2,2,3,6,2,1,1,7,6
ssp_ag2_soc3_gwlo_exp_ipsl_NDC_Tax_ffict,2100,Africa_Southern,water_td_irr_ZambeziR_W,0.2381117,0.6983779999999999,0.276039,1.197079,1.6878149999999998,0.1094426999999999,1.490576,0.0414958,0.0317812,0.0145193,1,2,3,1,2,2,3,6,2,1,1,7,6
ssp_ag2_soc3_gwlo_exp_miroc_NDC_Tax_ffict,2100,Africa_Southern,water_td_irr_ZambeziR_W,0.241062,0.69792,0.278615,1.196357,1.72070687,0.1077388,1.525203,0.041341,0.0318935,0.01453057,1,2,4,1,2,2,3,6,2,1,1,7,6
ssp_ag2_soc3_gwlo_exp_noresm_NDC_Tax_ffict,2100,Africa_Southern,water_td_irr_ZambeziR_W,0.2481101,0.716766,0.283559,1.227892,1.7455907699999997,0.1113965,1.543512,0.0428206999999999,0.0329164,0.01494517,1,2,5,1,2,2,3,6,2,1,1,7,6
ssp_ag2_soc3_gwlo_rs_gfdl_NDC_Tax_ffict,2100,Africa_Southern,water_td_irr_ZambeziR_W,0.2449518,0.709849,0.282206,1.214633,1.75710852,0.1094507,1.5591540000000002,0.0418321,0.0319933,0.01467842,1,1,1,1,2,2,3,6,2,1,1,7,6
ssp_ag2_soc3_gwlo_rs_hadgem_NDC_Tax_ffict,2100,Africa_Southern,water_td_irr_ZambeziR_W,0.243775,0.706446,0.280028,1.213641,1.74653713,0.1089015,1.549376,0.0417687,0.0319105,0.01458043,1,1,2,1,2,2,3,6,2,1,1,7,6
ssp_ag2_soc3_gwlo_rs_ipsl_NDC_Tax_ffict,2100,Africa_Southern,water_td_irr_ZambeziR_W,0.2421642,0.705004,0.277686,1.208176,1.7374767100000001,0.1087333999999999,1.540835,0.0416315,0.0316894,0.01458741,1,1,3,1,2,2,3,6,2,1,1,7,6
ssp_ag2_soc3_gwlo_rs_miroc_NDC_Tax_ffict,2100,Africa_Southern,water_td_irr_ZambeziR_W,0.2438428,0.701724,0.27955,1.204126,1.7539604599999996,0.1081512999999999,1.5584289999999998,0.0411416,0.0316733,0.01456526,1,1,4,1,2,2,3,6,2,1,1,7,6
ssp_ag2_soc3_gwlo_rs_noresm_NDC_Tax_ffict,2100,Africa_Southern,water_td_irr_ZambeziR_W,0.2509721,0.719986,0.284688,1.232451,1.7882071,0.1116152,1.586361,0.0425663,0.0326915,0.0149731,1,1,5,1,2,2,3,6,2,1,4,7,6
ssp_ag2_soc3_gwmed_exp_gfdl_NDC_Tax_ffict,2100,Africa_Southern,water_td_irr_ZambeziR_W,0.2407634,0.703434,0.280502,1.203342,1.6974240599999997,0.1101716999999999,1.4987,0.0417774999999999,0.0321514,0.01462346,2,2,1,1,2,2,3,6,2,1,1,7,6
ssp_ag2_soc3_gwmed_exp_hadgem_NDC_Tax_ffict,2100,Africa_Southern,water_td_irr_ZambeziR_W,0.241428,0.7006479999999999,0.278283,1.204067,1.6956393800000003,0.1092718,1.497934,0.0418137,0.0320701,0.01454978,2,2,2,1,2,2,3,6,2,1,1,7,6
ssp_ag2_soc3_gwmed_exp_ipsl_NDC_Tax_ffict,2100,Africa_Southern,water_td_irr_ZambeziR_W,0.2372837,0.698667,0.27703,1.199461,1.6822637999999999,0.1090502999999999,1.485066,0.0417216,0.0318913,0.0145346,2,2,3,1,2,2,3,6,2,1,1,7,6
ssp_ag2_soc3_gwmed_exp_miroc_NDC_Tax_ffict,2100,Africa_Southern,water_td_irr_ZambeziR_W,0.2390057,0.6965100000000001,0.278608,1.196358,1.7003719,0.1078512,1.504655,0.0413971,0.0319458,0.0145228,2,2,4,1,2,2,3,6,2,1,1,7,6
ssp_ag2_soc3_gwmed_exp_noresm_NDC_Tax_ffict,2100,Africa_Southern,water_td_irr_ZambeziR_W,0.2449149,0.7146520000000001,0.283083,1.225425,1.73481497,0.1119438999999999,1.532435,0.0426225,0.0328821,0.01493147,2,2,5,1,2,2,3,6,2,1,1,7,6
ssp_ag2_soc3_gwmed_rs_gfdl_NDC_Tax_ffict,2100,Africa_Southern,water_td_irr_ZambeziR_W,0.2422796,0.707865,0.282132,1.214581,1.7261261399999999,0.1096224,1.5278239999999998,0.0419293,0.0320895,0.01466094,2,1,1,1,2,2,3,6,2,1,1,7,6
ssp_ag2_soc3_gwmed_rs_hadgem_NDC_Tax_ffict,2100,Africa_Southern,water_td_irr_ZambeziR_W,0.2423824,0.7043790000000001,0.278908,1.212466,1.71958397,0.1090676,1.522159,0.0418278,0.0319663,0.01456327,2,1,2,1,2,2,3,6,2,1,1,7,6
ssp_ag2_soc3_gwmed_rs_ipsl_NDC_Tax_ffict,2100,Africa_Southern,water_td_irr_ZambeziR_W,0.2386223,0.702762,0.277794,1.208004,1.70599695,0.1089952,1.508961,0.041712,0.0317635,0.01456525,2,1,3,1,2,2,3,6,2,1,1,7,6
ssp_ag2_soc3_gwmed_rs_miroc_NDC_Tax_ffict,2100,Africa_Southern,water_td_irr_ZambeziR_W,0.2405547999999999,0.7000569999999999,0.27994,1.205563,1.72751841,0.1077999,1.531922,0.041418,0.0318182,0.01456031,2,1,4,1,2,2,3,6,2,1,1,7,6
ssp_ag2_soc3_gwmed_rs_noresm_NDC_Tax_ffict,2100,Africa_Southern,water_td_irr_ZambeziR_W,0.2453693,0.7157549999999999,0.283329,1.229023,1.7509225599999998,0.1124463999999999,1.548394,0.0424114,0.0327325999999999,0.01493816,2,1,5,1,2,2,3,6,2,1,1,7,6
ssp_ag5_soc3_gwhi_exp_gfdl_NDC_Tax_ffict,2100,Africa_Southern,water_td_irr_ZambeziR_W,0.368105,0.814484,0.266505,0.990346,1.73100265,0.1625681,1.489028,0.0390532,0.030963,0.00939035,3,2,1,1,2,5,3,2,2,5,4,7,6
ssp_ag5_soc3_gwhi_exp_hadgem_NDC_Tax_ffict,2100,Africa_Southern,water_td_irr_ZambeziR_W,0.36863,0.8102210000000001,0.264043,0.990699,1.7291619899999997,0.1614182,1.4886089999999998,0.0389353,0.0308459,0.00935359,3,2,2,1,2,5,3,2,2,5,4,7,6
ssp_ag5_soc3_gwhi_exp_ipsl_NDC_Tax_ffict,2100,Africa_Southern,water_td_irr_ZambeziR_W,0.359642,0.806669,0.261,0.982798,1.7141660499999998,0.1633956999999999,1.472639,0.0383441999999999,0.0304725,0.00931465,3,2,3,1,2,5,3,2,2,5,4,7,6
ssp_ag5_soc3_gwhi_exp_miroc_NDC_Tax_ffict,2100,Africa_Southern,water_td_irr_ZambeziR_W,0.36567,0.806778,0.264348,0.986407,1.72652257,0.1598351,1.487831,0.0386791,0.0308389,0.00933847,3,2,4,1,2,5,3,2,2,5,4,7,6
ssp_ag5_soc3_gwhi_exp_noresm_NDC_Tax_ffict,2100,Africa_Southern,water_td_irr_ZambeziR_W,0.372478,0.8232149999999999,0.266541,1.004116,1.76065506,0.1642477,1.515449,0.0398615,0.0315412,0.00955566,3,2,5,1,2,5,3,2,2,5,4,7,6
ssp_ag5_soc3_gwhi_rs_gfdl_NDC_Tax_ffict,2100,Africa_Southern,water_td_irr_ZambeziR_W,0.368039,0.815574,0.266907,0.99662,1.7491305799999999,0.1636466,1.506392,0.0388982,0.0308167,0.00937708,3,1,1,1,2,5,3,2,2,5,4,7,6
ssp_ag5_soc3_gwhi_rs_hadgem_NDC_Tax_ffict,2100,Africa_Southern,water_td_irr_ZambeziR_W,0.369397,0.8124319999999999,0.2645409999999999,0.996833,1.7461082499999998,0.1613776,1.50557,0.0390301999999999,0.0307809,0.00934955,3,1,2,1,2,5,3,2,2,5,4,7,6
ssp_ag5_soc3_gwhi_rs_ipsl_NDC_Tax_ffict,2100,Africa_Southern,water_td_irr_ZambeziR_W,0.362414,0.811743,0.26279,0.993486,1.7348289,0.1614455,1.494513,0.038977,0.0305437,0.0093497,3,1,3,1,2,5,3,2,2,5,4,7,6
ssp_ag5_soc3_gwhi_rs_miroc_NDC_Tax_ffict,2100,Africa_Southern,water_td_irr_ZambeziR_W,0.366401,0.8087690000000001,0.265367,0.994255,1.7489903599999999,0.1598969,1.510254,0.0387644,0.0307312,0.00934386,3,1,4,1,2,5,3,2,2,5,4,7,6
ssp_ag5_soc3_gwhi_rs_noresm_NDC_Tax_ffict,2100,Africa_Southern,water_td_irr_ZambeziR_W,0.371795,0.822478,0.266386,1.007487,1.7671128299999999,0.1655965999999999,1.521001,0.0395716,0.0314008,0.00954283,3,1,5,1,2,5,3,2,2,5,4,7,6
ssp_ag5_soc3_gwlo_exp_gfdl_NDC_Tax_ffict,2100,Africa_Southern,water_td_irr_ZambeziR_W,0.366352,0.812513,0.265361,0.987979,1.75349333,0.1639897,1.510636,0.0387167,0.0307868,0.00936413,1,2,1,1,2,5,3,2,2,5,4,7,6
ssp_ag5_soc3_gwlo_exp_hadgem_NDC_Tax_ffict,2100,Africa_Southern,water_td_irr_ZambeziR_W,0.368214,0.810458,0.264285,0.989893,1.7551948000000002,0.1612313,1.51495,0.0388733,0.0307917,0.0093485,1,2,2,1,2,5,3,2,2,5,4,7,6
ssp_ag5_soc3_gwlo_exp_ipsl_NDC_Tax_ffict,2100,Africa_Southern,water_td_irr_ZambeziR_W,0.359941,0.807211,0.261234,0.982608,1.72759034,0.1634768999999999,1.4859209999999998,0.0384332,0.0304424,0.00931684,1,2,3,1,2,5,3,2,2,5,4,7,6
ssp_ag5_soc3_gwlo_exp_miroc_NDC_Tax_ffict,2100,Africa_Southern,water_td_irr_ZambeziR_W,0.365442,0.807388,0.264488,0.984672,1.76422589,0.1597056,1.525931,0.038527,0.0307187,0.00934359,1,2,4,1,2,5,3,2,2,5,4,7,6
ssp_ag5_soc3_gwlo_exp_noresm_NDC_Tax_ffict,2100,Africa_Southern,water_td_irr_ZambeziR_W,0.368907,0.818361,0.263896,0.995664,1.75826286,0.1685984999999999,1.510083,0.0388463,0.0312357,0.00949936,1,2,5,1,2,5,3,2,2,5,4,7,6
ssp_ag5_soc3_gwlo_rs_gfdl_NDC_Tax_ffict,2100,Africa_Southern,water_td_irr_ZambeziR_W,0.369189,0.817806,0.267769,0.997578,1.7946117300000002,0.1621764,1.553256,0.0390039,0.0307679,0.00940753,1,1,1,1,2,5,3,2,2,5,4,7,6
ssp_ag5_soc3_gwlo_rs_hadgem_NDC_Tax_ffict,2100,Africa_Southern,water_td_irr_ZambeziR_W,0.369224,0.81353,0.265064,0.996624,1.7887290599999996,0.1609587,1.5488309999999998,0.0389020999999999,0.0306749,0.00936236,1,1,2,1,2,5,3,2,2,5,4,7,6
ssp_ag5_soc3_gwlo_rs_ipsl_NDC_Tax_ffict,2100,Africa_Southern,water_td_irr_ZambeziR_W,0.358912,0.807377,0.26013,0.982246,1.7687465899999997,0.1654245999999999,1.5259269999999998,0.0379629,0.0301310999999999,0.00930099,1,1,3,1,2,5,3,2,2,5,4,7,6
ssp_ag5_soc3_gwlo_rs_miroc_NDC_Tax_ffict,2100,Africa_Southern,water_td_irr_ZambeziR_W,0.366625,0.809938,0.265573,0.991094,1.79606254,0.1603292,1.557382,0.0384443,0.030549,0.00935804,1,1,4,1,2,5,3,2,2,5,4,7,6
ssp_ag5_soc3_gwlo_rs_noresm_NDC_Tax_ffict,2100,Africa_Southern,water_td_irr_ZambeziR_W,0.3725719999999999,0.823894,0.26686,1.005443,1.81394851,0.1650215,1.568653,0.0394152,0.0313008,0.00955801,1,1,5,1,2,5,3,2,2,5,4,7,6
ssp_ag5_soc3_gwmed_exp_gfdl_NDC_Tax_ffict,2100,Africa_Southern,water_td_irr_ZambeziR_W,0.368166,0.814637,0.26657,0.990503,1.73589762,0.1624021,1.494078,0.0390620999999999,0.030964,0.00939142,2,2,1,1,2,5,3,2,2,5,4,7,6
ssp_ag5_soc3_gwmed_exp_hadgem_NDC_Tax_ffict,2100,Africa_Southern,water_td_irr_ZambeziR_W,0.364196,0.8052520000000001,0.261083,0.976127,1.72542365,0.1660055,1.481865,0.0377624,0.0304995999999999,0.00929115,2,2,2,1,2,5,3,2,2,5,4,7,6
ssp_ag5_soc3_gwmed_exp_ipsl_NDC_Tax_ffict,2100,Africa_Southern,water_td_irr_ZambeziR_W,0.359209,0.806244,0.26069,0.980535,1.7142136199999998,0.163787,1.472411,0.0382716,0.0304345,0.00930952,2,2,3,1,2,5,3,2,2,5,4,7,6
ssp_ag5_soc3_gwmed_exp_miroc_NDC_Tax_ffict,2100,Africa_Southern,water_td_irr_ZambeziR_W,0.365247,0.806413,0.26411,0.984906,1.7387514500000003,0.1596938,1.500332,0.0385922,0.0307994,0.00933405,2,2,4,1,2,5,3,2,2,5,4,7,6
ssp_ag5_soc3_gwmed_exp_noresm_NDC_Tax_ffict,2100,Africa_Southern,water_td_irr_ZambeziR_W,0.370546,0.820319,0.265176,0.999431,1.7574354099999996,0.1671436,1.5102479999999998,0.0391582,0.0313651,0.00952051,2,2,5,1,2,5,3,2,2,5,4,7,6
ssp_ag5_soc3_gwmed_rs_gfdl_NDC_Tax_ffict,2100,Africa_Southern,water_td_irr_ZambeziR_W,0.368483,0.81653,0.267298,0.997386,1.7677944,0.1627121,1.525824,0.03904,0.0308294,0.0093889,2,1,1,1,2,5,3,2,2,5,4,7,6
ssp_ag5_soc3_gwmed_rs_hadgem_NDC_Tax_ffict,2100,Africa_Southern,water_td_irr_ZambeziR_W,0.369185,0.8129139999999999,0.264769,0.996909,1.7627651399999997,0.1611581,1.5224879999999998,0.0390146,0.0307543,0.00935014,2,1,2,1,2,5,3,2,2,5,4,7,6
ssp_ag5_soc3_gwmed_rs_ipsl_NDC_Tax_ffict,2100,Africa_Southern,water_td_irr_ZambeziR_W,0.360604,0.8100569999999999,0.261557,0.989659,1.74464541,0.1632124,1.503004,0.038723,0.0303776,0.00932841,2,1,3,1,2,5,3,2,2,5,4,7,6
ssp_ag5_soc3_gwmed_rs_miroc_NDC_Tax_ffict,2100,Africa_Southern,water_td_irr_ZambeziR_W,0.366402,0.809639,0.265476,0.99357,1.7752776099999996,0.1596377,1.536957,0.038679,0.0306482,0.00935571,2,1,4,1,2,5,3,2,2,5,4,7,6
ssp_ag5_soc3_gwmed_rs_noresm_NDC_Tax_ffict,2100,Africa_Southern,water_td_irr_ZambeziR_W,0.3730790000000001,0.8240430000000001,0.267379,1.008894,1.7784541600000001,0.1642056,1.533493,0.0397022,0.031492,0.00956136,2,1,5,1,2,5,3,2,2,5,4,7,6
ssp_socio3_ag2_gwhi_exp_gfdl_NDC_Tax_ffict,2100,Africa_Southern,water_td_irr_ZambeziR_W,0.2468733,0.732337,0.283557,1.223201,1.75719466,0.1112675,1.5561859999999998,0.0418298,0.0325346,0.01537676,3,2,1,1,1,2,3,6,2,1,1,7,6
ssp_socio3_ag2_gwhi_exp_hadgem_NDC_Tax_ffict,2100,Africa_Southern,water_td_irr_ZambeziR_W,0.2465933,0.7263850000000001,0.280623,1.2197490000000002,1.7455542,0.1105793,1.545473,0.0417731,0.0324665,0.0152623,3,2,2,1,1,2,3,6,2,1,1,7,6
ssp_socio3_ag2_gwhi_exp_ipsl_NDC_Tax_ffict,2100,Africa_Southern,water_td_irr_ZambeziR_W,0.2396434999999999,0.719302,0.2773989999999999,1.206929,1.72569179,0.1107048,1.526669,0.0411500999999999,0.0320077,0.01516019,3,2,3,1,1,2,3,6,2,1,1,7,6
ssp_socio3_ag2_gwhi_exp_miroc_NDC_Tax_ffict,2100,Africa_Southern,water_td_irr_ZambeziR_W,0.2427768,0.718481,0.279258,1.206592,1.74095445,0.1089126,1.543685,0.0410884,0.0321095,0.01515895,3,2,4,1,1,2,3,6,2,1,1,7,6
ssp_socio3_ag2_gwhi_exp_noresm_NDC_Tax_ffict,2100,Africa_Southern,water_td_irr_ZambeziR_W,0.2493675,0.7391019999999999,0.285138,1.239928,1.78828803,0.1130642,1.583712,0.0425912,0.0332724,0.01564823,3,2,5,1,1,2,3,6,2,1,4,7,6
ssp_socio3_ag2_gwhi_rs_gfdl_NDC_Tax_ffict,2100,Africa_Southern,water_td_irr_ZambeziR_W,0.2482195,0.738491,0.285695,1.239561,1.77950794,0.1111434,1.5786360000000002,0.0418713,0.0324647999999999,0.01539244,3,1,1,1,1,2,3,6,2,1,4,7,6
ssp_socio3_ag2_gwhi_rs_hadgem_NDC_Tax_ffict,2100,Africa_Southern,water_td_irr_ZambeziR_W,0.2476134,0.7323230000000001,0.281756,1.232765,1.7681880399999998,0.1104521,1.568381,0.0417639999999999,0.0323197,0.01527124,3,1,2,1,1,2,3,6,2,1,1,7,6
ssp_socio3_ag2_gwhi_rs_ipsl_NDC_Tax_ffict,2100,Africa_Southern,water_td_irr_ZambeziR_W,0.2419691,0.7271350000000001,0.279735,1.225252,1.7503692100000001,0.1099692,1.551655,0.0415155,0.0320159,0.01521361,3,1,3,1,1,2,3,6,2,1,1,7,6
ssp_socio3_ag2_gwhi_rs_miroc_NDC_Tax_ffict,2100,Africa_Southern,water_td_irr_ZambeziR_W,0.2445555,0.724448,0.281383,1.222327,1.7679949799999999,0.1087206999999999,1.57087,0.0411961,0.0320175,0.01519068,3,1,4,1,1,2,3,6,2,1,1,7,6
ssp_socio3_ag2_gwhi_rs_noresm_NDC_Tax_ffict,2100,Africa_Southern,water_td_irr_ZambeziR_W,0.2506452,0.742843,0.287029,1.253035,1.80875828,0.1124602,1.6044120000000002,0.0429861999999999,0.0332156,0.01568428,3,1,5,1,1,2,3,6,2,1,4,7,6
ssp_socio3_ag2_gwlo_exp_gfdl_NDC_Tax_ffict,2100,Africa_Southern,water_td_irr_ZambeziR_W,0.2496451,0.73388,0.283333,1.223349,1.78376686,0.1111063,1.583021,0.0417916,0.0324651,0.0153828599999999,1,2,1,1,1,2,3,6,2,1,4,7,6
ssp_socio3_ag2_gwlo_exp_hadgem_NDC_Tax_ffict,2100,Africa_Southern,water_td_irr_ZambeziR_W,0.2480494999999999,0.727633,0.280609,1.219773,1.7742749000000002,0.1104712,1.574491,0.0416832,0.032353,0.0152764999999999,1,2,2,1,1,2,3,6,2,1,4,7,6
ssp_socio3_ag2_gwlo_exp_ipsl_NDC_Tax_ffict,2100,Africa_Southern,water_td_irr_ZambeziR_W,0.2419472,0.720047,0.276842,1.205625,1.74104106,0.1106797,1.542246,0.0410148,0.0319422,0.01515836,1,2,3,1,1,2,3,6,2,1,1,7,6
ssp_socio3_ag2_gwlo_exp_miroc_NDC_Tax_ffict,2100,Africa_Southern,water_td_irr_ZambeziR_W,0.2466208,0.720985,0.279595,1.207432,1.77476819,0.1086096,1.577849,0.0410826,0.0320468,0.01518019,1,2,4,1,1,2,3,6,2,1,4,7,6
ssp_socio3_ag2_gwlo_exp_noresm_NDC_Tax_ffict,2100,Africa_Southern,water_td_irr_ZambeziR_W,0.2530628,0.7407520000000001,0.284574,1.240115,1.8056819099999997,0.1130234999999999,1.6012959999999998,0.0425582,0.0331481,0.01565611,1,2,5,1,1,2,3,6,2,1,4,7,6
ssp_socio3_ag2_gwlo_rs_gfdl_NDC_Tax_ffict,2100,Africa_Southern,water_td_irr_ZambeziR_W,0.2535777999999999,0.741885,0.285715,1.239579,1.8288279699999999,0.1108869999999999,1.628409,0.0417926,0.032316,0.01542337,1,1,1,1,1,2,3,6,2,1,4,7,6
ssp_socio3_ag2_gwlo_rs_hadgem_NDC_Tax_ffict,2100,Africa_Southern,water_td_irr_ZambeziR_W,0.2503917,0.733837,0.281631,1.230683,1.8085651200000001,0.1106104,1.609118,0.0414474,0.0321206,0.01526872,1,1,2,1,1,2,3,6,2,1,4,7,6
ssp_socio3_ag2_gwlo_rs_ipsl_NDC_Tax_ffict,2100,Africa_Southern,water_td_irr_ZambeziR_W,0.2481005,0.7306509999999999,0.279761,1.226044,1.79996238,0.1101118,1.601403,0.041283,0.0319107,0.01525388,1,1,3,1,1,2,3,6,2,1,4,7,6
ssp_socio3_ag2_gwlo_rs_miroc_NDC_Tax_ffict,2100,Africa_Southern,water_td_irr_ZambeziR_W,0.2506057,0.7272179999999999,0.280945,1.219741,1.81166445,0.1089591,1.6149170000000002,0.0407906,0.0317941,0.01520365,1,1,4,1,1,2,3,6,2,1,4,7,6
ssp_socio3_ag2_gwlo_rs_noresm_NDC_Tax_ffict,2100,Africa_Southern,water_td_irr_ZambeziR_W,0.2577715,0.7464759999999999,0.286929,1.252805,1.85965654,0.1126841,1.655755,0.0424803,0.03303,0.01570714,1,1,5,1,1,2,3,6,2,1,4,7,6
ssp_socio3_ag2_gwmed_exp_gfdl_NDC_Tax_ffict,2100,Africa_Southern,water_td_irr_ZambeziR_W,0.2470991,0.732583,0.283774,1.223548,1.76226733,0.1112133,1.561288,0.0418511999999999,0.0325343,0.01538053,2,2,1,1,1,2,3,6,2,1,1,7,6
ssp_socio3_ag2_gwmed_exp_hadgem_NDC_Tax_ffict,2100,Africa_Southern,water_td_irr_ZambeziR_W,0.2465247,0.726522,0.280652,1.219105,1.7545885299999997,0.1108736,1.554441,0.0416271999999999,0.0323775,0.01526923,2,2,2,1,1,2,3,6,2,1,1,7,6
ssp_socio3_ag2_gwmed_exp_ipsl_NDC_Tax_ffict,2100,Africa_Southern,water_td_irr_ZambeziR_W,0.2403058,0.7199300000000001,0.277747,1.207602,1.73056343,0.1104328,1.53166,0.0412506999999999,0.0320474,0.01517253,2,2,3,1,1,2,3,6,2,1,1,7,6
ssp_socio3_ag2_gwmed_exp_miroc_NDC_Tax_ffict,2100,Africa_Southern,water_td_irr_ZambeziR_W,0.2431178,0.7190380000000001,0.2797179999999999,1.206886,1.7537880199999998,0.1088156,1.556614,0.0410963,0.0320933999999999,0.01516872,2,2,4,1,1,2,3,6,2,1,1,7,6
ssp_socio3_ag2_gwmed_exp_noresm_NDC_Tax_ffict,2100,Africa_Southern,water_td_irr_ZambeziR_W,0.2494788,0.739124,0.284954,1.239328,1.7936498000000003,0.1133851999999999,1.5889220000000002,0.042499,0.0331922,0.0156514,2,2,5,1,1,2,3,6,2,1,4,7,6
ssp_socio3_ag2_gwmed_rs_gfdl_NDC_Tax_ffict,2100,Africa_Southern,water_td_irr_ZambeziR_W,0.2481055,0.7386079999999999,0.285594,1.238421,1.79571286,0.1113614,1.594861,0.0417124,0.0323851,0.01539296,2,1,1,1,1,2,3,6,2,1,4,7,6
ssp_socio3_ag2_gwmed_rs_hadgem_NDC_Tax_ffict,2100,Africa_Southern,water_td_irr_ZambeziR_W,0.2464349,0.730647,0.280765,1.22829,1.77814639,0.1109986,1.578414,0.0413588,0.0321367,0.01523829,2,1,2,1,1,2,3,6,2,1,4,7,6
ssp_socio3_ag2_gwmed_rs_ipsl_NDC_Tax_ffict,2100,Africa_Southern,water_td_irr_ZambeziR_W,0.2423366,0.72749,0.280044,1.225142,1.76738816,0.110172,1.568656,0.0413593,0.031978,0.01522286,2,1,3,1,1,2,3,6,2,1,1,7,6
ssp_socio3_ag2_gwmed_rs_miroc_NDC_Tax_ffict,2100,Africa_Southern,water_td_irr_ZambeziR_W,0.2441592,0.723758,0.281031,1.2192690000000002,1.7808451999999997,0.1090822,1.583789,0.0409156,0.0318804,0.015178,2,1,4,1,1,2,3,6,2,1,4,7,6
ssp_socio3_ag2_gwmed_rs_noresm_NDC_Tax_ffict,2100,Africa_Southern,water_td_irr_ZambeziR_W,0.2509429999999999,0.743202,0.287242,1.252927,1.82048654,0.1128062,1.616162,0.042668,0.033165,0.01568534,2,1,5,1,1,2,3,6,2,1,4,7,6
