scenario,year,region,input,FiberCrop_withdrawal,Rice_withdrawal,Wheat_withdrawal,SugarCrop_withdrawal,MiscAll_withdrawals,Corn_withdrawal,FodderHerb_withdrawal,MiscCrop_withdrawal,OilCrop_withdrawal,OtherGrain_withdrawal,Root_Tuber_withdrawal,gw,res,esm,tax,ssp,ag,soc,cluster_FiberCrop_withdrawal_Rice_withdrawal,cluster_FiberCrop_withdrawal_SugarCrop_withdrawal,cluster_FiberCrop_withdrawal_Wheat_withdrawal,cluster_FiberCrop_withdrawal_MiscAll_withdrawals,cluster_Rice_withdrawal_SugarCrop_withdrawal,cluster_Rice_withdrawal_Wheat_withdrawal,cluster_Rice_withdrawal_MiscAll_withdrawals
ssp_ag2_soc3_gwhi_exp_gfdl_NDC_Tax_uct,2100,Central Asia,water_td_irr_SyrDaryaR_W,27.48598,12.09951,5.031280000000001,0.513174,31.204220999999997,2.305156,3.4605839999999994,13.03652,3.151647,5.29552,3.954794,3,2,1,2,2,2,3,6,6,2,5,1,2,6
ssp_ag2_soc3_gwhi_exp_hadgem_NDC_Tax_uct,2100,Central Asia,water_td_irr_SyrDaryaR_W,27.81923,12.13412,5.02458,0.5153570000000001,31.395352,2.321296,3.500428,13.09441,3.17195,5.32716,3.980108,3,2,2,2,2,2,3,6,6,2,5,1,2,6
ssp_ag2_soc3_gwhi_exp_ipsl_NDC_Tax_uct,2100,Central Asia,water_td_irr_SyrDaryaR_W,27.15153,12.04736,4.98206,0.5119049999999999,31.04956,2.30059,3.4674400000000003,12.90014,3.15027,5.287059999999999,3.94406,3,2,3,2,2,2,3,6,6,2,5,1,2,6
ssp_ag2_soc3_gwhi_exp_miroc_NDC_Tax_uct,2100,Central Asia,water_td_irr_SyrDaryaR_W,27.554350000000003,12.11862,5.03596,0.5141359999999999,31.45712,2.301079,3.426313,13.33153,3.145517,5.29054,3.962141,3,2,4,2,2,2,3,6,6,2,5,1,2,6
ssp_ag2_soc3_gwhi_exp_noresm_NDC_Tax_uct,2100,Central Asia,water_td_irr_SyrDaryaR_W,27.67373,12.14265,4.99694,0.514709,31.504447000000006,2.321336,3.5263230000000005,13.14126,3.17985,5.34058,3.995098000000001,3,2,5,2,2,2,3,6,6,2,5,1,2,6
ssp_ag2_soc3_gwhi_rs_gfdl_NDC_Tax_uct,2100,Central Asia,water_td_irr_SyrDaryaR_W,27.52503,12.088349999999998,5.05545,0.515374,31.50626,2.291516,3.4148720000000004,13.44598,3.131054,5.26591,3.956928,3,1,1,2,2,2,3,6,6,2,5,1,2,6
ssp_ag2_soc3_gwhi_rs_hadgem_NDC_Tax_uct,2100,Central Asia,water_td_irr_SyrDaryaR_W,27.846740000000004,12.12497,5.04576,0.516966,31.709,2.304422,3.45696,13.51767,3.1517,5.29746,3.980788,3,1,2,2,2,2,3,6,6,2,5,1,2,6
ssp_ag2_soc3_gwhi_rs_ipsl_NDC_Tax_uct,2100,Central Asia,water_td_irr_SyrDaryaR_W,27.175780000000003,11.98206,5.00235,0.513799,31.19671,2.283155,3.43095,13.17002,3.1223980000000005,5.24885,3.941337,3,1,3,2,2,2,3,6,6,2,5,1,2,6
ssp_ag2_soc3_gwhi_rs_miroc_NDC_Tax_uct,2100,Central Asia,water_td_irr_SyrDaryaR_W,27.61098,12.06466,5.058269999999999,0.515706,31.570184,2.2802740000000004,3.392989,13.55318,3.126297,5.25545,3.961994,3,1,4,2,2,2,3,6,6,2,5,1,2,6
ssp_ag2_soc3_gwhi_rs_noresm_NDC_Tax_uct,2100,Central Asia,water_td_irr_SyrDaryaR_W,27.6126,12.05389,5.00854,0.5152869999999999,31.514939,2.306123,3.5063730000000004,13.24912,3.15299,5.31025,3.990083,3,1,5,2,2,2,3,6,6,2,5,1,2,6
ssp_ag2_soc3_gwlo_exp_gfdl_NDC_Tax_uct,2100,Central Asia,water_td_irr_SyrDaryaR_W,27.77311000000001,12.15876,5.03819,0.514033,31.511249,2.3069610000000003,3.4387830000000004,13.35441,3.152403,5.2945,3.964192,1,2,1,2,2,2,3,6,6,2,5,1,2,6
ssp_ag2_soc3_gwlo_exp_hadgem_NDC_Tax_uct,2100,Central Asia,water_td_irr_SyrDaryaR_W,27.97995,12.18493,5.03659,0.516087,31.711103,2.32205,3.473882,13.43175,3.1712100000000003,5.32465,3.987561,1,2,2,2,2,2,3,6,6,2,5,1,2,6
ssp_ag2_soc3_gwlo_exp_ipsl_NDC_Tax_uct,2100,Central Asia,water_td_irr_SyrDaryaR_W,27.450940000000006,12.11936,4.99638,0.514103,31.350023,2.303982,3.4521589999999995,13.18157,3.15776,5.29394,3.960612,1,2,3,2,2,2,3,6,6,2,5,1,2,6
ssp_ag2_soc3_gwlo_exp_miroc_NDC_Tax_uct,2100,Central Asia,water_td_irr_SyrDaryaR_W,27.943620000000006,12.18211,5.0457600000000005,0.5149710000000001,31.659150999999998,2.2997050000000003,3.41404,13.53376,3.151992,5.2871,3.972554,1,2,4,2,2,2,3,6,6,2,5,1,2,6
ssp_ag2_soc3_gwlo_exp_noresm_NDC_Tax_uct,2100,Central Asia,water_td_irr_SyrDaryaR_W,28.08107,12.2039,4.99775,0.516154,31.748983,2.329353,3.51419,13.37659,3.18339,5.34117,4.00429,1,2,5,2,2,2,3,6,6,2,5,1,2,6
ssp_ag2_soc3_gwmed_exp_gfdl_NDC_Tax_uct,2100,Central Asia,water_td_irr_SyrDaryaR_W,27.50229,12.11723,5.03827,0.512941,31.375011999999998,2.299767,3.4451,13.22871,3.1502220000000003,5.29336,3.957853,2,2,1,2,2,2,3,6,6,2,5,1,2,6
ssp_ag2_soc3_gwmed_exp_hadgem_NDC_Tax_uct,2100,Central Asia,water_td_irr_SyrDaryaR_W,27.8411,12.15486,5.0335800000000015,0.515406,31.574153,2.323118,3.485637,13.287720000000002,3.16848,5.324999999999998,3.984198,2,2,2,2,2,2,3,6,6,2,5,1,2,6
ssp_ag2_soc3_gwmed_exp_ipsl_NDC_Tax_uct,2100,Central Asia,water_td_irr_SyrDaryaR_W,27.18665,12.05791,4.98617,0.511907,31.113042,2.303949,3.463948,12.96546,3.147902,5.28543,3.946353,2,2,3,2,2,2,3,6,6,2,5,1,2,6
ssp_ag2_soc3_gwmed_exp_miroc_NDC_Tax_uct,2100,Central Asia,water_td_irr_SyrDaryaR_W,27.58126,12.12924,5.04318,0.514181,31.544264000000002,2.30081,3.4176519999999995,13.42852,3.145076,5.28791,3.964296,2,2,4,2,2,2,3,6,6,2,5,1,2,6
ssp_ag2_soc3_gwmed_exp_noresm_NDC_Tax_uct,2100,Central Asia,water_td_irr_SyrDaryaR_W,27.69395,12.14509,4.9980400000000005,0.51513,31.524731000000003,2.327938,3.523925,13.15759,3.17996,5.33972,3.995598,2,2,5,2,2,2,3,6,6,2,5,1,2,6
ssp_ag2_soc3_gwmed_rs_gfdl_NDC_Tax_uct,2100,Central Asia,water_td_irr_SyrDaryaR_W,27.54373,12.08721,5.06188,0.5152979999999999,31.564793,2.286745,3.405046,13.52164,3.130732,5.262029999999998,3.9586,2,1,1,2,2,2,3,6,6,2,5,1,2,6
ssp_ag2_soc3_gwmed_rs_hadgem_NDC_Tax_uct,2100,Central Asia,water_td_irr_SyrDaryaR_W,27.855400000000003,12.12249,5.05359,0.5171560000000001,31.772743000000002,2.303305,3.4464550000000003,13.59735,3.15113,5.29301,3.981493,2,1,2,2,2,2,3,6,6,2,5,1,2,6
ssp_ag2_soc3_gwmed_rs_ipsl_NDC_Tax_uct,2100,Central Asia,water_td_irr_SyrDaryaR_W,27.2055,11.96376,5.02467,0.513691,31.368673,2.273641,3.397985,13.41025,3.107533,5.23529,3.943974,2,1,3,2,2,2,3,6,6,2,5,1,2,6
ssp_ag2_soc3_gwmed_rs_miroc_NDC_Tax_uct,2100,Central Asia,water_td_irr_SyrDaryaR_W,27.67231,12.07514,5.0758100000000015,0.5152479999999999,31.648673000000002,2.2793400000000004,3.378329,13.65611,3.121201,5.2464,3.967293,2,1,4,2,2,2,3,6,6,2,5,1,2,6
ssp_ag2_soc3_gwmed_rs_noresm_NDC_Tax_uct,2100,Central Asia,water_td_irr_SyrDaryaR_W,27.622090000000004,12.04446,5.02321,0.51579,31.746377000000003,2.300722,3.476053,13.53502,3.138171,5.30307,3.993341000000001,2,1,5,2,2,2,3,6,6,2,5,1,2,6
ssp_ag4_soc3_gwhi_exp_gfdl_NDC_Tax_ffict,2100,Central Asia,water_td_irr_SyrDaryaR_W,46.8392,13.57951,4.8428900000000015,0.297656,31.970261,2.99667,6.2780000000000005,14.10435,2.95356,4.91542,0.7222609999999999,3,2,1,1,2,4,3,3,5,1,4,4,2,6
ssp_ag4_soc3_gwhi_exp_gfdl_NDC_Tax_uct,2100,Central Asia,water_td_irr_SyrDaryaR_W,46.4258,15.379970000000002,5.5906,0.463537,34.413494,2.687437,6.85341,14.50816,3.58085,5.69442,1.089217,3,2,1,2,2,4,3,3,5,1,4,4,2,6
ssp_ag4_soc3_gwhi_exp_hadgem_NDC_Tax_ffict,2100,Central Asia,water_td_irr_SyrDaryaR_W,47.2252,13.621289999999998,4.83789,0.303315,32.226921000000004,3.0099400000000003,6.33333,14.23712,2.97532,4.9397400000000005,0.731471,3,2,2,1,2,4,3,3,5,1,4,4,2,6
ssp_ag4_soc3_gwhi_exp_hadgem_NDC_Tax_uct,2100,Central Asia,water_td_irr_SyrDaryaR_W,46.2877,15.31108,5.59158,0.50079,34.811704000000006,2.701114,6.8975800000000005,14.74857,3.60528,5.71746,1.1417,3,2,2,2,2,4,3,3,5,1,4,4,2,6
ssp_ag4_soc3_gwhi_exp_ipsl_NDC_Tax_ffict,2100,Central Asia,water_td_irr_SyrDaryaR_W,46.3943,13.792839999999998,4.809089999999999,0.319318,32.577904000000004,3.06535,6.45688,14.32823,3.01227,4.88651,0.8286640000000001,3,2,3,1,2,4,3,3,5,1,4,4,2,6
ssp_ag4_soc3_gwhi_exp_ipsl_NDC_Tax_uct,2100,Central Asia,water_td_irr_SyrDaryaR_W,44.6217,15.23546,5.54151,0.474452,34.000606999999995,2.6701360000000003,6.609789999999999,14.39665,3.5526800000000005,5.685499999999998,1.085851,3,2,3,2,2,4,3,3,5,1,4,4,2,6
ssp_ag4_soc3_gwhi_exp_miroc_NDC_Tax_ffict,2100,Central Asia,water_td_irr_SyrDaryaR_W,46.63500000000001,13.47766,4.82354,0.299165,31.921275999999995,2.96598,6.210280000000001,14.1877,2.93237,4.89736,0.727586,3,2,4,1,2,4,3,3,5,1,4,4,2,6
ssp_ag4_soc3_gwhi_exp_miroc_NDC_Tax_uct,2100,Central Asia,water_td_irr_SyrDaryaR_W,46.2023,15.31686,5.59132,0.48493,34.616487000000006,2.679575,6.800489999999999,14.75125,3.5805,5.68816,1.1165120000000002,3,2,4,2,2,4,3,3,5,1,4,4,2,6
ssp_ag4_soc3_gwhi_exp_noresm_NDC_Tax_ffict,2100,Central Asia,water_td_irr_SyrDaryaR_W,46.8861,13.674119999999998,4.84825,0.304775,32.560529,3.03478,6.43807,14.37129,2.9933,4.98471,0.738379,3,2,5,1,2,4,3,3,5,1,4,4,2,6
ssp_ag4_soc3_gwhi_exp_noresm_NDC_Tax_uct,2100,Central Asia,water_td_irr_SyrDaryaR_W,46.2449,15.42318,5.569649999999998,0.470667,34.84147900000001,2.709307,6.955089999999999,14.72184,3.61016,5.73848,1.106602,3,2,5,2,2,4,3,3,5,1,4,4,2,6
ssp_ag4_soc3_gwhi_rs_gfdl_NDC_Tax_ffict,2100,Central Asia,water_td_irr_SyrDaryaR_W,46.31950000000001,13.30882,4.86543,0.313629,31.802162999999997,2.94092,6.21718,14.19845,2.86299,4.84612,0.736503,3,1,1,1,2,4,3,3,5,1,4,4,2,6
ssp_ag4_soc3_gwhi_rs_gfdl_NDC_Tax_uct,2100,Central Asia,water_td_irr_SyrDaryaR_W,45.59050000000001,14.94347,5.56308,0.47186,33.843892000000004,2.609682,6.6440800000000015,14.45985,3.45121,5.62528,1.05379,3,1,1,2,2,4,3,3,5,1,4,4,2,6
ssp_ag4_soc3_gwhi_rs_hadgem_NDC_Tax_ffict,2100,Central Asia,water_td_irr_SyrDaryaR_W,47.0009,13.43551,4.85505,0.30379,31.936933000000003,2.9483900000000003,6.31155,14.19561,2.89582,4.87368,0.711883,3,1,2,1,2,4,3,3,5,1,4,4,2,6
ssp_ag4_soc3_gwhi_rs_hadgem_NDC_Tax_uct,2100,Central Asia,water_td_irr_SyrDaryaR_W,46.6045,15.33965,5.59964,0.470737,34.584886999999995,2.6697680000000004,6.89192,14.689429999999998,3.56221,5.68004,1.091519,3,1,2,2,2,4,3,3,5,1,4,4,2,6
ssp_ag4_soc3_gwhi_rs_ipsl_NDC_Tax_ffict,2100,Central Asia,water_td_irr_SyrDaryaR_W,45.3096,13.03823,4.7764500000000005,0.296608,31.090407000000003,2.8689400000000003,6.18421,13.808330000000002,2.80241,4.74616,0.680357,3,1,3,1,2,4,3,3,5,1,4,4,2,6
ssp_ag4_soc3_gwhi_rs_ipsl_NDC_Tax_uct,2100,Central Asia,water_td_irr_SyrDaryaR_W,45.4928,15.05531,5.565919999999999,0.46666,34.024592000000005,2.61886,6.78645,14.448570000000002,3.4922,5.61749,1.061022,3,1,3,2,2,4,3,3,5,1,4,4,2,6
ssp_ag4_soc3_gwhi_rs_miroc_NDC_Tax_ffict,2100,Central Asia,water_td_irr_SyrDaryaR_W,46.38800000000001,13.19798,4.84687,0.298407,31.529734,2.88695,6.17439,14.11128,2.83777,4.8185400000000005,0.700804,3,1,4,1,2,4,3,3,5,1,4,4,2,6
ssp_ag4_soc3_gwhi_rs_miroc_NDC_Tax_uct,2100,Central Asia,water_td_irr_SyrDaryaR_W,46.4008,15.23223,5.61086,0.4673239999999999,34.544497,2.638373,6.76477,14.9055,3.52029,5.633380000000001,1.082184,3,1,4,2,2,4,3,3,5,1,4,4,2,6
ssp_ag4_soc3_gwhi_rs_noresm_NDC_Tax_ffict,2100,Central Asia,water_td_irr_SyrDaryaR_W,46.40340000000001,13.27491,4.86577,0.302239,32.049912,2.94049,6.4115,14.22261,2.87663,4.89278,0.705902,3,1,5,1,2,4,3,3,5,1,4,4,2,6
ssp_ag4_soc3_gwhi_rs_noresm_NDC_Tax_uct,2100,Central Asia,water_td_irr_SyrDaryaR_W,45.0079,14.78518,5.5404,0.473392,33.913615,2.6069210000000003,6.78274,14.37742,3.4427700000000003,5.65394,1.049824,3,1,5,2,2,4,3,3,5,1,4,4,2,6
ssp_ag4_soc3_gwlo_exp_gfdl_NDC_Tax_ffict,2100,Central Asia,water_td_irr_SyrDaryaR_W,47.6148,13.65886,4.84567,0.298981,32.275065999999995,3.0001900000000004,6.2552,14.42133,2.95725,4.909669999999999,0.731426,1,2,1,1,2,4,3,3,5,1,4,4,2,6
ssp_ag4_soc3_gwlo_exp_gfdl_NDC_Tax_uct,2100,Central Asia,water_td_irr_SyrDaryaR_W,47.2344,15.48619,5.5918600000000005,0.465402,34.811441,2.692333,6.825660000000001,14.91238,3.585,5.69567,1.100398,1,2,1,2,2,4,3,3,5,1,4,4,2,6
ssp_ag4_soc3_gwlo_exp_hadgem_NDC_Tax_ffict,2100,Central Asia,water_td_irr_SyrDaryaR_W,47.8575,13.759620000000002,4.85398,0.306901,32.604602,3.02147,6.3258600000000005,14.57566,2.99196,4.93984,0.749812,1,2,2,1,2,4,3,3,5,1,4,4,2,6
ssp_ag4_soc3_gwlo_exp_hadgem_NDC_Tax_uct,2100,Central Asia,water_td_irr_SyrDaryaR_W,47.2098,15.50373,5.59537,0.47003,35.010521,2.704371,6.887160000000001,14.98035,3.60585,5.72299,1.1098,1,2,2,2,2,4,3,3,5,1,4,4,2,6
ssp_ag4_soc3_gwlo_exp_ipsl_NDC_Tax_ffict,2100,Central Asia,water_td_irr_SyrDaryaR_W,46.62,13.6416,4.7873800000000015,0.317692,32.421654000000004,3.00951,6.31715,14.42749,2.97831,4.8718400000000015,0.8173539999999999,1,2,3,1,2,4,3,3,5,1,4,4,2,6
ssp_ag4_soc3_gwlo_exp_ipsl_NDC_Tax_uct,2100,Central Asia,water_td_irr_SyrDaryaR_W,46.46120000000001,15.449560000000002,5.5673,0.4840819999999999,34.878719,2.703863,6.82443,14.868429999999998,3.61741,5.70332,1.161266,1,2,3,2,2,4,3,3,5,1,4,4,2,6
ssp_ag4_soc3_gwlo_exp_miroc_NDC_Tax_ffict,2100,Central Asia,water_td_irr_SyrDaryaR_W,47.5506,13.560660000000002,4.83064,0.300264,32.262665,2.96858,6.17435,14.556260000000002,2.93272,4.89578,0.7349749999999999,1,2,4,1,2,4,3,3,5,1,4,4,2,6
ssp_ag4_soc3_gwlo_exp_miroc_NDC_Tax_uct,2100,Central Asia,water_td_irr_SyrDaryaR_W,47.4072,15.50404,5.5984300000000005,0.468193,34.964663,2.687219,6.780340000000002,15.11798,3.58198,5.690250000000002,1.106894,1,2,4,2,2,4,3,3,5,1,4,4,2,6
ssp_ag4_soc3_gwlo_exp_noresm_NDC_Tax_ffict,2100,Central Asia,water_td_irr_SyrDaryaR_W,47.8517,13.78696,4.85703,0.316115,32.95379200000001,3.04451,6.436,14.70737,3.01995,4.98266,0.7633019999999999,1,2,5,1,2,4,3,3,5,1,4,4,2,6
ssp_ag4_soc3_gwlo_exp_noresm_NDC_Tax_uct,2100,Central Asia,water_td_irr_SyrDaryaR_W,47.2423,15.511870000000002,5.562819999999999,0.471989,35.047335000000004,2.715184,6.96403,14.89705,3.61791,5.739269999999999,1.113891,1,2,5,2,2,4,3,3,5,1,4,4,2,6
ssp_ag4_soc3_gwmed_exp_gfdl_NDC_Tax_ffict,2100,Central Asia,water_td_irr_SyrDaryaR_W,46.874,13.58456,4.84402,0.297639,32.015427,2.9916,6.265079999999998,14.17228,2.95366,4.90829,0.724517,2,2,1,1,2,4,3,3,5,1,4,4,2,6
ssp_ag4_soc3_gwmed_exp_gfdl_NDC_Tax_uct,2100,Central Asia,water_td_irr_SyrDaryaR_W,46.509600000000006,15.39464,5.5918,0.4659359999999999,34.517117999999996,2.6882650000000003,6.844519999999999,14.61379,3.5819400000000003,5.69431,1.094293,2,2,1,2,2,4,3,3,5,1,4,4,2,6
ssp_ag4_soc3_gwmed_exp_hadgem_NDC_Tax_ffict,2100,Central Asia,water_td_irr_SyrDaryaR_W,45.7662,12.97293,4.80398,0.291948,31.750747,2.98766,6.17551,14.08999,2.90222,4.91274,0.6826270000000001,2,2,2,1,2,4,3,3,5,1,4,4,2,6
ssp_ag4_soc3_gwmed_exp_hadgem_NDC_Tax_uct,2100,Central Asia,water_td_irr_SyrDaryaR_W,46.71870000000001,15.42654,5.5897,0.468973,34.704377,2.704594,6.912160000000001,14.65903,3.60362,5.72234,1.102633,2,2,2,2,2,4,3,3,5,1,4,4,2,6
ssp_ag4_soc3_gwmed_exp_ipsl_NDC_Tax_ffict,2100,Central Asia,water_td_irr_SyrDaryaR_W,45.9213,13.45168,4.76055,0.299029,31.745703000000002,2.97554,6.21499,14.05854,2.9320700000000004,4.84534,0.719223,2,2,3,1,2,4,3,3,5,1,4,4,2,6
ssp_ag4_soc3_gwmed_exp_ipsl_NDC_Tax_uct,2100,Central Asia,water_td_irr_SyrDaryaR_W,45.8263,15.3981,5.59306,0.492036,34.869052,2.721605,6.7793600000000005,14.84245,3.6395,5.73051,1.155627,2,2,3,2,2,4,3,3,5,1,4,4,2,6
ssp_ag4_soc3_gwmed_exp_miroc_NDC_Tax_ffict,2100,Central Asia,water_td_irr_SyrDaryaR_W,46.7182,13.49557,4.82967,0.299454,32.009665000000005,2.9670400000000003,6.202380000000001,14.279000000000002,2.93404,4.89732,0.729885,2,2,4,1,2,4,3,3,5,1,4,4,2,6
ssp_ag4_soc3_gwmed_exp_miroc_NDC_Tax_uct,2100,Central Asia,water_td_irr_SyrDaryaR_W,46.9643,15.45711,5.59271,0.467784,34.832716000000005,2.683634,6.774109999999999,15.00317,3.57766,5.69197,1.102172,2,2,4,2,2,4,3,3,5,1,4,4,2,6
ssp_ag4_soc3_gwmed_exp_noresm_NDC_Tax_ffict,2100,Central Asia,water_td_irr_SyrDaryaR_W,46.9972,13.69897,4.85106,0.305341,32.641534,3.03732,6.43411,14.45174,2.9948200000000003,4.98139,0.742154,2,2,5,1,2,4,3,3,5,1,4,4,2,6
ssp_ag4_soc3_gwmed_exp_noresm_NDC_Tax_uct,2100,Central Asia,water_td_irr_SyrDaryaR_W,46.9928,15.49037,5.56094,0.470816,34.972131999999995,2.715248,6.9736,14.811049999999998,3.61901,5.74137,1.111854,2,2,5,2,2,4,3,3,5,1,4,4,2,6
ssp_ag4_soc3_gwmed_rs_gfdl_NDC_Tax_ffict,2100,Central Asia,water_td_irr_SyrDaryaR_W,46.5936,13.33299,4.8703400000000014,0.297539,31.684357000000002,2.91828,6.2246000000000015,14.14913,2.85811,4.834230000000001,0.7000069999999999,2,1,1,1,2,4,3,3,5,1,4,4,2,6
ssp_ag4_soc3_gwmed_rs_gfdl_NDC_Tax_uct,2100,Central Asia,water_td_irr_SyrDaryaR_W,46.4299,15.28358,5.61509,0.466203,34.614469,2.643593,6.7710300000000005,14.955380000000002,3.5211300000000003,5.64095,1.082386,2,1,1,2,2,4,3,3,5,1,4,4,2,6
ssp_ag4_soc3_gwmed_rs_hadgem_NDC_Tax_ffict,2100,Central Asia,water_td_irr_SyrDaryaR_W,46.9655,13.40806,4.861459999999999,0.303678,31.960168000000003,2.94036,6.2940900000000015,14.26415,2.88523,4.86611,0.710228,2,1,2,1,2,4,3,3,5,1,4,4,2,6
ssp_ag4_soc3_gwmed_rs_hadgem_NDC_Tax_uct,2100,Central Asia,water_td_irr_SyrDaryaR_W,46.5674,15.32129,5.61322,0.471074,34.814883,2.657802,6.841239999999999,15.01329,3.5427699999999995,5.6676400000000005,1.092141,2,1,2,2,2,4,3,3,5,1,4,4,2,6
ssp_ag4_soc3_gwmed_rs_ipsl_NDC_Tax_ffict,2100,Central Asia,water_td_irr_SyrDaryaR_W,45.2183,12.88994,4.784,0.295333,30.932256,2.83483,6.16983,13.78214,2.75927,4.71727,0.6689160000000001,2,1,3,1,2,4,3,3,5,1,4,4,2,6
ssp_ag4_soc3_gwmed_rs_ipsl_NDC_Tax_uct,2100,Central Asia,water_td_irr_SyrDaryaR_W,45.74010000000001,14.87594,5.57797,0.465217,33.974107999999994,2.575386,6.745989999999999,14.60664,3.4267300000000005,5.57187,1.047492,2,1,3,2,2,4,3,3,5,1,4,4,2,6
ssp_ag4_soc3_gwmed_rs_miroc_NDC_Tax_uct,2100,Central Asia,water_td_irr_SyrDaryaR_W,46.8633,15.16756,5.62186,0.467113,34.623540000000006,2.615545,6.73105,15.10442,3.4861500000000003,5.60744,1.078935,2,1,4,2,2,4,3,3,5,1,4,4,2,6
ssp_ag4_soc3_gwmed_rs_noresm_NDC_Tax_ffict,2100,Central Asia,water_td_irr_SyrDaryaR_W,46.221,13.09016,4.8701300000000005,0.300148,31.826389,2.90181,6.40299,14.15267,2.82163,4.85729,0.689999,2,1,5,1,2,4,3,3,5,1,4,4,2,6
ssp_ag4_soc3_gwmed_rs_noresm_NDC_Tax_uct,2100,Central Asia,water_td_irr_SyrDaryaR_W,46.1888,14.8921,5.570130000000001,0.470398,34.289865000000006,2.6062220000000003,6.91225,14.61797,3.4680699999999995,5.623469999999998,1.061883,2,1,5,2,2,4,3,3,5,1,4,4,2,6
ssp_socio3_ag1_gwhi_exp_gfdl_NDC_Tax_uct,2100,Central Asia,water_td_irr_SyrDaryaR_W,18.5552,12.97803,4.83895,0.788938,29.200094,2.020786,1.774798,10.88122,4.39839,6.84087,3.28403,3,2,1,2,1,1,3,6,0,0,5,4,2,6
ssp_socio3_ag1_gwhi_exp_hadgem_NDC_Tax_uct,2100,Central Asia,water_td_irr_SyrDaryaR_W,18.64931,12.99444,4.842230000000001,0.791022,29.320826999999998,2.0297270000000003,1.78948,10.91122,4.41466,6.876659999999998,3.2990800000000005,3,2,2,2,1,1,3,6,0,0,5,4,2,6
ssp_socio3_ag1_gwhi_exp_ipsl_NDC_Tax_uct,2100,Central Asia,water_td_irr_SyrDaryaR_W,18.08976,12.78217,4.79272,0.7836930000000001,28.905452999999998,2.0110840000000003,1.7705490000000002,10.67727,4.37996,6.8083,3.25829,3,2,3,2,1,1,3,6,0,0,5,4,2,6
ssp_socio3_ag1_gwhi_exp_miroc_NDC_Tax_uct,2100,Central Asia,water_td_irr_SyrDaryaR_W,18.55738,12.95613,4.8424700000000005,0.7890550000000001,29.262195000000002,2.016253,1.760432,10.9906,4.385730000000001,6.824739999999999,3.28444,3,2,4,2,1,1,3,6,0,0,5,4,2,6
ssp_socio3_ag1_gwhi_exp_noresm_NDC_Tax_uct,2100,Central Asia,water_td_irr_SyrDaryaR_W,18.33836,12.89778,4.8264,0.788859,29.346702999999998,2.0322500000000003,1.817003,10.85609,4.42159,6.910139999999999,3.3096300000000003,3,2,5,2,1,1,3,6,0,0,5,4,2,6
ssp_socio3_ag1_gwhi_rs_gfdl_NDC_Tax_uct,2100,Central Asia,water_td_irr_SyrDaryaR_W,18.60247,13.01095,4.89496,0.8055329999999999,29.345238,2.006518,1.75155,11.12493,4.37415,6.80475,3.28334,3,1,1,2,1,1,3,6,0,0,5,4,2,6
ssp_socio3_ag1_gwhi_rs_hadgem_NDC_Tax_uct,2100,Central Asia,water_td_irr_SyrDaryaR_W,18.68712,13.04768,4.88354,0.804245,29.468892000000004,2.0166060000000003,1.7687560000000002,11.13386,4.41139,6.842130000000001,3.29615,3,1,2,2,1,1,3,6,0,0,5,4,2,6
ssp_socio3_ag1_gwhi_rs_ipsl_NDC_Tax_uct,2100,Central Asia,water_td_irr_SyrDaryaR_W,18.07746,12.74104,4.84621,0.797396,29.017393000000002,1.982702,1.7386910000000002,10.95629,4.3285,6.76055,3.25066,3,1,3,2,1,1,3,6,0,0,5,4,2,6
ssp_socio3_ag1_gwhi_rs_miroc_NDC_Tax_uct,2100,Central Asia,water_td_irr_SyrDaryaR_W,18.55377,12.93873,4.892530000000001,0.8063060000000001,29.279194,1.98581,1.737414,11.15341,4.35455,6.771610000000001,3.2764,3,1,4,2,1,1,3,6,0,0,5,4,2,6
ssp_socio3_ag1_gwhi_rs_noresm_NDC_Tax_uct,2100,Central Asia,water_td_irr_SyrDaryaR_W,18.30541,12.81472,4.876119999999999,0.798725,29.447598000000003,2.007353,1.785235,11.11702,4.37172,6.863989999999999,3.30228,3,1,5,2,1,1,3,6,0,0,5,4,2,6
ssp_socio3_ag1_gwlo_exp_gfdl_NDC_Tax_uct,2100,Central Asia,water_td_irr_SyrDaryaR_W,18.7284,13.02327,4.84657,0.789909,29.295839,2.025467,1.7750720000000002,10.9574,4.400440000000001,6.8462,3.2912600000000003,1,2,1,2,1,1,3,6,0,0,5,4,2,6
ssp_socio3_ag1_gwlo_exp_hadgem_NDC_Tax_uct,2100,Central Asia,water_td_irr_SyrDaryaR_W,18.74656,13.03282,4.85051,0.7919069999999999,29.412826,2.031523,1.787913,10.99056,4.4202,6.8785500000000015,3.3040800000000004,1,2,2,2,1,1,3,6,0,0,5,4,2,6
ssp_socio3_ag1_gwlo_exp_ipsl_NDC_Tax_uct,2100,Central Asia,water_td_irr_SyrDaryaR_W,18.25275,12.8218,4.79774,0.7846,28.993706000000003,2.01276,1.7703259999999998,10.74478,4.38736,6.8131900000000005,3.26529,1,2,3,2,1,1,3,6,0,0,5,4,2,6
ssp_socio3_ag1_gwlo_exp_miroc_NDC_Tax_uct,2100,Central Asia,water_td_irr_SyrDaryaR_W,18.78634,13.013560000000002,4.8506800000000005,0.790309,29.377469,2.015791,1.7590880000000002,11.0837,4.3951,6.829790000000001,3.294,1,2,4,2,1,1,3,6,0,0,5,4,2,6
ssp_socio3_ag1_gwlo_exp_noresm_NDC_Tax_uct,2100,Central Asia,water_td_irr_SyrDaryaR_W,18.58243,12.96529,4.83483,0.79025,29.497761,2.03873,1.816841,10.97392,4.43216,6.916779999999998,3.3193300000000003,1,2,5,2,1,1,3,6,0,0,5,4,2,6
ssp_socio3_ag1_gwlo_rs_gfdl_NDC_Tax_uct,2100,Central Asia,water_td_irr_SyrDaryaR_W,18.8607,12.82185,4.9532,0.8024819999999999,29.316358,2.003969,1.7062389999999998,11.23621,4.312180000000001,6.769480000000001,3.2882800000000003,1,1,1,2,1,1,3,6,0,0,5,4,2,6
ssp_socio3_ag1_gwlo_rs_hadgem_NDC_Tax_uct,2100,Central Asia,water_td_irr_SyrDaryaR_W,18.92349,12.832440000000002,4.9682,0.801596,29.466192,2.019212,1.69846,11.27532,4.35907,6.807869999999999,3.30626,1,1,2,2,1,1,3,6,0,0,5,4,2,6
ssp_socio3_ag1_gwmed_exp_gfdl_NDC_Tax_uct,2100,Central Asia,water_td_irr_SyrDaryaR_W,18.57263,12.98923,4.84414,0.789119,29.224564,2.023371,1.774693,10.90267,4.39581,6.84208,3.28594,2,2,1,2,1,1,3,6,0,0,5,4,2,6
ssp_socio3_ag1_gwmed_exp_hadgem_NDC_Tax_uct,2100,Central Asia,water_td_irr_SyrDaryaR_W,18.66576,13.01185,4.8486600000000015,0.791361,29.365804,2.0295560000000004,1.787948,10.95549,4.4165600000000005,6.87529,3.30096,2,2,2,2,1,1,3,6,0,0,5,4,2,6
ssp_socio3_ag1_gwmed_exp_ipsl_NDC_Tax_uct,2100,Central Asia,water_td_irr_SyrDaryaR_W,18.11988,12.79326,4.79574,0.784014,28.932929,2.013095,1.770184,10.69716,4.3819300000000005,6.8101,3.26046,2,2,3,2,1,1,3,6,0,0,5,4,2,6
ssp_socio3_ag1_gwmed_exp_miroc_NDC_Tax_uct,2100,Central Asia,water_td_irr_SyrDaryaR_W,18.5723,12.96192,4.8448400000000005,0.789193,29.270468,2.0118620000000003,1.758946,11.00013,4.38938,6.8248700000000015,3.28528,2,2,4,2,1,1,3,6,0,0,5,4,2,6
ssp_socio3_ag1_gwmed_exp_noresm_NDC_Tax_uct,2100,Central Asia,water_td_irr_SyrDaryaR_W,18.37379,12.92593,4.83426,0.789471,29.417260999999996,2.037214,1.816507,10.91123,4.42476,6.914,3.31355,2,2,5,2,1,1,3,6,0,0,5,4,2,6
ssp_socio3_ag1_gwmed_rs_gfdl_NDC_Tax_uct,2100,Central Asia,water_td_irr_SyrDaryaR_W,18.61633,13.01133,4.90187,0.8056319999999999,29.369362999999996,2.006485,1.7448580000000002,11.15672,4.370699999999999,6.803789999999999,3.28681,2,1,1,2,1,1,3,6,0,0,5,4,2,6
ssp_socio3_ag1_gwmed_rs_hadgem_NDC_Tax_uct,2100,Central Asia,water_td_irr_SyrDaryaR_W,18.75176,12.92266,4.932580000000001,0.802897,29.490403,2.0289710000000003,1.7212919999999998,11.21072,4.39525,6.82752,3.3066500000000003,2,1,2,2,1,1,3,6,0,0,5,4,2,6
ssp_socio3_ag1_gwmed_rs_ipsl_NDC_Tax_uct,2100,Central Asia,water_td_irr_SyrDaryaR_W,18.11726,12.74375,4.85711,0.797614,29.051298000000003,1.981019,1.735399,10.99812,4.32104,6.7604,3.25532,2,1,3,2,1,1,3,6,0,0,5,4,2,6
ssp_socio3_ag1_gwmed_rs_miroc_NDC_Tax_uct,2100,Central Asia,water_td_irr_SyrDaryaR_W,18.58841,12.95118,4.90616,0.807028,29.346576,1.9911,1.729456,11.2157,4.34848,6.77632,3.28552,2,1,4,2,1,1,3,6,0,0,5,4,2,6
ssp_socio3_ag1_gwmed_rs_noresm_NDC_Tax_uct,2100,Central Asia,water_td_irr_SyrDaryaR_W,18.31114,12.798369999999998,4.88659,0.7985760000000001,29.459567,2.006466,1.7716610000000002,11.14879,4.36627,6.8609100000000005,3.30547,2,1,5,2,1,1,3,6,0,0,5,4,2,6
ssp_socio3_ag2_gwhi_exp_gfdl_NDC_Tax_ffict,2100,Central Asia,water_td_irr_SyrDaryaR_W,32.997699999999995,11.86213,5.34626,0.428771,33.331700000000005,3.00006,3.4450800000000004,14.95979,3.08113,5.43766,3.40798,3,2,1,1,1,2,3,6,6,2,1,1,2,6
ssp_socio3_ag2_gwhi_exp_gfdl_NDC_Tax_uct,2100,Central Asia,water_td_irr_SyrDaryaR_W,33.53978,13.90806,6.21539,0.6308860000000001,38.224941,2.808558,4.210143,16.05875,3.83646,6.45844,4.85259,3,2,1,2,1,2,3,6,6,2,1,4,2,6
ssp_socio3_ag2_gwhi_exp_hadgem_NDC_Tax_ffict,2100,Central Asia,water_td_irr_SyrDaryaR_W,33.2494,11.86264,5.336,0.4306359999999999,33.447269999999996,3.00868,3.47307,14.984979999999998,3.10091,5.47004,3.40959,3,2,2,1,1,2,3,6,6,2,1,1,2,6
ssp_socio3_ag2_gwhi_exp_hadgem_NDC_Tax_uct,2100,Central Asia,water_td_irr_SyrDaryaR_W,33.827740000000006,13.933420000000002,6.2087400000000015,0.632359,38.404241000000006,2.829028,4.254943,16.1037,3.84971,6.49029,4.87657,3,2,2,2,1,2,3,6,6,2,1,4,2,6
ssp_socio3_ag2_gwhi_exp_ipsl_NDC_Tax_uct,2100,Central Asia,water_td_irr_SyrDaryaR_W,33.02731,13.80815,6.17251,0.628318,38.019342,2.813374,4.220728,15.86952,3.8261,6.45255,4.8370700000000015,3,2,3,2,1,2,3,6,6,2,1,4,2,6
ssp_socio3_ag2_gwhi_exp_miroc_NDC_Tax_uct,2100,Central Asia,water_td_irr_SyrDaryaR_W,33.596070000000005,13.92599,6.22606,0.63148,38.563376,2.807509,4.166777,16.45845,3.82241,6.4477400000000005,4.86049,3,2,4,2,1,2,3,6,6,2,1,4,2,6
ssp_socio3_ag2_gwhi_exp_noresm_NDC_Tax_ffict,2100,Central Asia,water_td_irr_SyrDaryaR_W,33.1472,11.90068,5.3455900000000005,0.431849,33.79260000000001,3.0313600000000003,3.53265,15.13577,3.11794,5.52763,3.4472500000000004,3,2,5,1,1,2,3,6,6,2,1,1,2,6
ssp_socio3_ag2_gwhi_exp_noresm_NDC_Tax_uct,2100,Central Asia,water_td_irr_SyrDaryaR_W,33.55321,13.9176,6.17781,0.631536,38.555772000000005,2.843309,4.296553,16.13907,3.85898,6.517180000000001,4.90068,3,2,5,2,1,2,3,6,6,2,1,4,2,6
ssp_socio3_ag2_gwhi_rs_gfdl_NDC_Tax_uct,2100,Central Asia,water_td_irr_SyrDaryaR_W,33.53667,13.88032,6.258319999999999,0.6350100000000001,38.54652000000001,2.781141,4.149379,16.567500000000006,3.78986,6.41108,4.84756,3,1,1,2,1,2,3,6,6,2,1,4,2,6
ssp_socio3_ag2_gwhi_rs_hadgem_NDC_Tax_uct,2100,Central Asia,water_td_irr_SyrDaryaR_W,33.82302,13.91802,6.24844,0.636283,38.75871300000001,2.797395,4.197498,16.635350000000006,3.81222,6.444940000000001,4.87131,3,1,2,2,1,2,3,6,6,2,1,4,2,6
ssp_socio3_ag2_gwhi_rs_ipsl_NDC_Tax_uct,2100,Central Asia,water_td_irr_SyrDaryaR_W,32.898070000000004,13.6355,6.2233800000000015,0.631812,38.123564,2.750062,4.143682,16.29027,3.75031,6.37467,4.81457,3,1,3,2,1,2,3,6,6,2,1,4,2,6
ssp_socio3_ag2_gwhi_rs_miroc_NDC_Tax_uct,2100,Central Asia,water_td_irr_SyrDaryaR_W,33.5871,13.8189,6.27069,0.6360049999999999,38.58106599999999,2.770947,4.119619,16.68862,3.77071,6.382999999999999,4.84817,3,1,4,2,1,2,3,6,6,2,1,4,2,6
ssp_socio3_ag2_gwhi_rs_noresm_NDC_Tax_ffict,2100,Central Asia,water_td_irr_SyrDaryaR_W,32.7381,11.5714,5.38627,0.432108,33.35357,2.93404,3.50008,15.02827,3.04203,5.44745,3.4017,3,1,5,1,1,2,3,6,6,2,1,1,2,6
ssp_socio3_ag2_gwhi_rs_noresm_NDC_Tax_uct,2100,Central Asia,water_td_irr_SyrDaryaR_W,33.31058,13.69399,6.207269999999999,0.632437,38.40735,2.784551,4.255629,16.25281,3.79018,6.45153,4.87265,3,1,5,2,1,2,3,6,6,2,1,4,2,6
ssp_socio3_ag2_gwlo_exp_gfdl_NDC_Tax_ffict,2100,Central Asia,water_td_irr_SyrDaryaR_W,33.469,11.92762,5.360189999999999,0.430353,33.66161,3.00573,3.43651,15.26444,3.0890500000000003,5.4447600000000005,3.42112,1,2,1,1,1,2,3,6,6,2,1,1,2,6
ssp_socio3_ag2_gwlo_exp_gfdl_NDC_Tax_uct,2100,Central Asia,water_td_irr_SyrDaryaR_W,34.0845,14.0087,6.22455,0.631617,38.679280999999996,2.825048,4.193673,16.506149999999998,3.82445,6.45832,4.87164,1,2,1,2,1,2,3,6,6,2,1,4,2,6
ssp_socio3_ag2_gwlo_exp_hadgem_NDC_Tax_ffict,2100,Central Asia,water_td_irr_SyrDaryaR_W,33.5674,11.93003,5.35657,0.432477,33.80784,3.01708,3.4643300000000004,15.32042,3.10682,5.472709999999998,3.42648,1,2,2,1,1,2,3,6,6,2,1,1,2,6
ssp_socio3_ag2_gwlo_exp_hadgem_NDC_Tax_uct,2100,Central Asia,water_td_irr_SyrDaryaR_W,34.19125,14.011120000000002,6.225230000000001,0.633818,38.82646600000001,2.831488,4.224618,16.541220000000006,3.85132,6.4888900000000005,4.88893,1,2,2,2,1,2,3,6,6,2,1,4,2,6
ssp_socio3_ag2_gwlo_exp_ipsl_NDC_Tax_ffict,2100,Central Asia,water_td_irr_SyrDaryaR_W,32.7375,11.80137,5.28308,0.427428,33.32311,3.01986,3.44316,15.0029,3.05614,5.40186,3.39919,1,2,3,1,1,2,3,6,6,2,1,1,2,6
ssp_socio3_ag2_gwlo_exp_ipsl_NDC_Tax_uct,2100,Central Asia,water_td_irr_SyrDaryaR_W,33.51103,13.882179999999998,6.18118,0.629679,38.380931999999994,2.815959,4.197353,16.234009999999998,3.83049,6.4521,4.85102,1,2,3,2,1,2,3,6,6,2,1,4,2,6
ssp_socio3_ag2_gwlo_exp_miroc_NDC_Tax_ffict,2100,Central Asia,water_td_irr_SyrDaryaR_W,33.402,11.83327,5.3424,0.428631,33.63037,2.96959,3.39457,15.36521,3.06536,5.4269300000000005,3.40871,1,2,4,1,1,2,3,6,6,2,1,1,2,6
ssp_socio3_ag2_gwlo_exp_miroc_NDC_Tax_uct,2100,Central Asia,water_td_irr_SyrDaryaR_W,34.26578,14.01444,6.2351100000000015,0.632633,38.80097,2.8064910000000003,4.158208999999999,16.685270000000003,3.82976,6.44501,4.8762300000000005,1,2,4,2,1,2,3,6,6,2,1,4,2,6
ssp_socio3_ag2_gwlo_exp_noresm_NDC_Tax_ffict,2100,Central Asia,water_td_irr_SyrDaryaR_W,33.7551,11.97504,5.3563100000000015,0.4337689999999999,34.05829,3.04186,3.5346800000000003,15.361,3.12838,5.52934,3.4630300000000003,1,2,5,1,1,2,3,6,6,2,1,1,2,6
ssp_socio3_ag2_gwlo_exp_noresm_NDC_Tax_uct,2100,Central Asia,water_td_irr_SyrDaryaR_W,34.23643,14.006050000000002,6.18268,0.633329,38.961031000000006,2.84435,4.272221,16.54861,3.86555,6.51549,4.91481,1,2,5,2,1,2,3,6,6,2,1,4,2,6
ssp_socio3_ag2_gwmed_exp_gfdl_NDC_Tax_ffict,2100,Central Asia,water_td_irr_SyrDaryaR_W,33.0262,11.86548,5.35008,0.42885,33.37588,2.99859,3.44145,15.007420000000002,3.0825,5.43731,3.40861,2,2,1,1,1,2,3,6,6,2,1,1,2,6
ssp_socio3_ag2_gwmed_exp_gfdl_NDC_Tax_uct,2100,Central Asia,water_td_irr_SyrDaryaR_W,33.60226,13.95214,6.22767,0.6304529999999999,38.518588,2.824978,4.19428,16.36597,3.81538,6.456009999999999,4.86197,2,2,1,2,1,2,3,6,6,2,1,4,2,6
ssp_socio3_ag2_gwmed_exp_hadgem_NDC_Tax_ffict,2100,Central Asia,water_td_irr_SyrDaryaR_W,33.303000000000004,11.8882,5.34687,0.4313109999999999,33.57174,3.02203,3.4703600000000003,15.09932,3.0962400000000003,5.46585,3.41794,2,2,2,1,1,2,3,6,6,2,1,1,2,6
ssp_socio3_ag2_gwmed_exp_hadgem_NDC_Tax_uct,2100,Central Asia,water_td_irr_SyrDaryaR_W,33.88691,13.97558,6.22584,0.6331910000000001,38.704977,2.8341380000000003,4.233649,16.41507,3.84345,6.4913300000000005,4.88734,2,2,2,2,1,2,3,6,6,2,1,4,2,6
ssp_socio3_ag2_gwmed_exp_ipsl_NDC_Tax_uct,2100,Central Asia,water_td_irr_SyrDaryaR_W,33.37984,13.85606,6.172840000000001,0.629247,38.20022999999999,2.818766,4.218444,16.03258,3.82944,6.454619999999999,4.84638,2,2,3,2,1,2,3,6,6,2,1,4,2,6
ssp_socio3_ag2_gwmed_exp_miroc_NDC_Tax_ffict,2100,Central Asia,water_td_irr_SyrDaryaR_W,32.8814,11.77997,5.33505,0.427621,33.39632,2.96978,3.40639,15.1347,3.06072,5.42485,3.3998800000000005,2,2,4,1,1,2,3,6,6,2,1,1,2,6
ssp_socio3_ag2_gwmed_exp_miroc_NDC_Tax_uct,2100,Central Asia,water_td_irr_SyrDaryaR_W,33.7348,13.94641,6.229019999999999,0.6318699999999999,38.641723999999996,2.808837,4.162467,16.53509,3.82357,6.44791,4.86385,2,2,4,2,1,2,3,6,6,2,1,4,2,6
ssp_socio3_ag2_gwmed_exp_noresm_NDC_Tax_ffict,2100,Central Asia,water_td_irr_SyrDaryaR_W,33.2566,11.93654,5.3579,0.4329960000000001,33.92509,3.04833,3.53769,15.22904,3.12069,5.530950000000002,3.45839,2,2,5,1,1,2,3,6,6,2,1,1,2,6
ssp_socio3_ag2_gwmed_exp_noresm_NDC_Tax_uct,2100,Central Asia,water_td_irr_SyrDaryaR_W,33.90017,13.94485,6.17202,0.632071,38.656941,2.841253,4.294008,16.23214,3.86815,6.51675,4.9046400000000006,2,2,5,2,1,2,3,6,6,2,1,4,2,6
ssp_socio3_ag2_gwmed_rs_gfdl_NDC_Tax_uct,2100,Central Asia,water_td_irr_SyrDaryaR_W,33.5734,13.84987,6.270949999999999,0.6349020000000001,38.564853,2.777626,4.135407,16.62906,3.77615,6.3994,4.84721,2,1,1,2,1,2,3,6,6,2,1,4,2,6
ssp_socio3_ag2_gwmed_rs_hadgem_NDC_Tax_ffict,2100,Central Asia,water_td_irr_SyrDaryaR_W,33.1725,11.77823,5.4068900000000015,0.4360489999999999,33.559439999999995,2.99143,3.45881,15.24825,3.02846,5.42703,3.40546,2,1,2,1,1,2,3,6,6,2,1,1,2,6
ssp_socio3_ag2_gwmed_rs_hadgem_NDC_Tax_uct,2100,Central Asia,water_td_irr_SyrDaryaR_W,33.79613,13.87735,6.257429999999999,0.6362979999999999,38.737216000000004,2.79163,4.186746,16.66293,3.79728,6.43224,4.86639,2,1,2,2,1,2,3,6,6,2,1,4,2,6
ssp_socio3_ag2_gwmed_rs_ipsl_NDC_Tax_uct,2100,Central Asia,water_td_irr_SyrDaryaR_W,33.04092,13.49464,6.233779999999999,0.630484,38.058181,2.717226,4.123975,16.37949,3.69925,6.338909999999999,4.799329999999999,2,1,3,2,1,2,3,6,6,2,1,4,2,6
ssp_socio3_ag2_gwmed_rs_miroc_NDC_Tax_uct,2100,Central Asia,water_td_irr_SyrDaryaR_W,33.63368,13.74178,6.285210000000001,0.6354599999999999,38.508478,2.74628,4.101287999999999,16.71104,3.74622,6.36228,4.84137,2,1,4,2,1,2,3,6,6,2,1,4,2,6
ssp_socio3_ag2_gwmed_rs_noresm_NDC_Tax_ffict,2100,Central Asia,water_td_irr_SyrDaryaR_W,32.6861,11.5007,5.39963,0.431656,33.32472,2.92758,3.4875800000000003,15.08753,2.99799,5.43,3.3940399999999995,2,1,5,1,1,2,3,6,6,2,1,1,2,6
ssp_socio3_ag2_gwmed_rs_noresm_NDC_Tax_uct,2100,Central Asia,water_td_irr_SyrDaryaR_W,33.504729999999995,13.597170000000002,6.22032,0.631975,38.587226,2.757881,4.217155,16.58415,3.74278,6.4216,4.863659999999999,2,1,5,2,1,2,3,6,6,2,1,4,2,6
ssp_socio3_ag4_gwhi_exp_gfdl_NDC_Tax_ffict,2100,Central Asia,water_td_irr_SyrDaryaR_W,45.1287,14.12961,4.91241,0.4708699999999999,38.49066,3.11925,5.34539,17.429029999999997,3.0832900000000003,5.16982,4.34388,3,2,1,1,1,4,3,3,5,1,4,4,2,6
ssp_socio3_ag4_gwhi_exp_gfdl_NDC_Tax_uct,2100,Central Asia,water_td_irr_SyrDaryaR_W,44.6283,16.32764,5.60921,0.667666,43.338468,2.805189,5.899259,18.93556,3.658630000000001,6.03354,6.00629,3,2,1,2,1,4,3,3,5,1,4,4,2,6
ssp_socio3_ag4_gwhi_exp_hadgem_NDC_Tax_ffict,2100,Central Asia,water_td_irr_SyrDaryaR_W,45.3424,14.17632,4.9272100000000005,0.474381,38.67078,3.12743,5.37725,17.519750000000002,3.10163,5.1965400000000015,4.34818,3,2,2,1,1,4,3,3,5,1,4,4,2,6
ssp_socio3_ag4_gwhi_exp_hadgem_NDC_Tax_uct,2100,Central Asia,water_td_irr_SyrDaryaR_W,44.8719,16.352339999999998,5.61088,0.669661,43.50166900000001,2.817292,5.952867,18.96481,3.67735,6.0599500000000015,6.0294,3,2,2,2,1,4,3,3,5,1,4,4,2,6
ssp_socio3_ag4_gwhi_exp_ipsl_NDC_Tax_ffict,2100,Central Asia,water_td_irr_SyrDaryaR_W,44.5334,13.9903,4.84836,0.467855,38.10825,3.09532,5.31608,17.21133,3.0650500000000003,5.11677,4.3037,3,2,3,1,1,4,3,3,5,1,4,4,2,6
ssp_socio3_ag4_gwhi_exp_ipsl_NDC_Tax_uct,2100,Central Asia,water_td_irr_SyrDaryaR_W,44.3022,16.26801,5.5744500000000015,0.667017,43.12348,2.8007880000000003,5.890402,18.749,3.65911,6.03376,5.990419999999999,3,2,3,2,1,4,3,3,5,1,4,4,2,6
ssp_socio3_ag4_gwhi_exp_miroc_NDC_Tax_ffict,2100,Central Asia,water_td_irr_SyrDaryaR_W,44.8933,14.01847,4.89737,0.469334,38.43132,3.08433,5.295999999999999,17.49854,3.06656,5.16216,4.32373,3,2,4,1,1,4,3,3,5,1,4,4,2,6
ssp_socio3_ag4_gwhi_exp_miroc_NDC_Tax_uct,2100,Central Asia,water_td_irr_SyrDaryaR_W,44.7004,16.345010000000002,5.62056,0.668714,43.71394999999999,2.798873,5.835267,19.38696,3.65466,6.02506,6.013129999999999,3,2,4,2,1,4,3,3,5,1,4,4,2,6
ssp_socio3_ag4_gwhi_exp_noresm_NDC_Tax_ffict,2100,Central Asia,water_td_irr_SyrDaryaR_W,45.4358,14.23715,4.94653,0.475838,39.00038,3.14525,5.45267,17.6583,3.11734,5.23391,4.3929100000000005,3,2,5,1,1,4,3,3,5,1,4,4,2,6
ssp_socio3_ag4_gwhi_exp_noresm_NDC_Tax_uct,2100,Central Asia,water_td_irr_SyrDaryaR_W,45.151,16.3935,5.61502,0.6700889999999999,43.527473,2.81603,5.9744730000000015,18.95426,3.68236,6.06003,6.04032,3,2,5,2,1,4,3,3,5,1,4,4,2,6
ssp_socio3_ag4_gwhi_rs_gfdl_NDC_Tax_ffict,2100,Central Asia,water_td_irr_SyrDaryaR_W,44.9486,13.91336,4.93912,0.47267,38.320359999999994,3.0454600000000003,5.30307,17.55526,3.0010700000000003,5.10489,4.3106100000000005,3,1,1,1,1,4,3,3,5,1,4,4,2,6
ssp_socio3_ag4_gwhi_rs_gfdl_NDC_Tax_uct,2100,Central Asia,water_td_irr_SyrDaryaR_W,44.58920000000001,16.2337,5.63355,0.6694100000000001,43.668935000000005,2.762083,5.8185920000000015,19.51286,3.6000300000000003,5.97653,5.99884,3,1,1,2,1,4,3,3,5,1,4,4,2,6
ssp_socio3_ag4_gwhi_rs_hadgem_NDC_Tax_ffict,2100,Central Asia,water_td_irr_SyrDaryaR_W,45.159,13.9728,4.94961,0.476083,38.45058,3.06441,5.352069999999999,17.56213,3.02103,5.1359200000000005,4.3150200000000005,3,1,2,1,1,4,3,3,5,1,4,4,2,6
ssp_socio3_ag4_gwhi_rs_hadgem_NDC_Tax_uct,2100,Central Asia,water_td_irr_SyrDaryaR_W,44.8292,16.269379999999998,5.63478,0.6720149999999999,43.833982,2.780012,5.87387,19.53633,3.62138,6.00435,6.01804,3,1,2,2,1,4,3,3,5,1,4,4,2,6
ssp_socio3_ag4_gwhi_rs_ipsl_NDC_Tax_ffict,2100,Central Asia,water_td_irr_SyrDaryaR_W,44.15470000000001,13.60738,4.89269,0.469459,37.73749,3.0224200000000003,5.3011,17.213060000000002,2.9131,5.02228,4.26553,3,1,3,1,1,4,3,3,5,1,4,4,2,6
ssp_socio3_ag4_gwhi_rs_ipsl_NDC_Tax_uct,2100,Central Asia,water_td_irr_SyrDaryaR_W,44.0217,15.94284,5.61811,0.6671699999999999,43.171138,2.714834,5.779904,19.25866,3.53207,5.928640000000001,5.9570300000000005,3,1,3,2,1,4,3,3,5,1,4,4,2,6
ssp_socio3_ag4_gwhi_rs_miroc_NDC_Tax_ffict,2100,Central Asia,water_td_irr_SyrDaryaR_W,44.7136,13.757320000000002,4.93607,0.4714649999999999,38.27102,3.01562,5.26853,17.63215,2.96817,5.0879900000000005,4.29856,3,1,4,1,1,4,3,3,5,1,4,4,2,6
ssp_socio3_ag4_gwhi_rs_miroc_NDC_Tax_uct,2100,Central Asia,water_td_irr_SyrDaryaR_W,44.6288,16.12132,5.657830000000001,0.669205,43.655533,2.738791,5.765382,19.63473,3.5748100000000003,5.946680000000001,5.99514,3,1,4,2,1,4,3,3,5,1,4,4,2,6
ssp_socio3_ag4_gwhi_rs_noresm_NDC_Tax_ffict,2100,Central Asia,water_td_irr_SyrDaryaR_W,44.92010000000001,13.74533,4.97451,0.473433,38.43074,3.03133,5.41783,17.53806,2.9807200000000003,5.13443,4.3283700000000005,3,1,5,1,1,4,3,3,5,1,4,4,2,6
ssp_socio3_ag4_gwhi_rs_noresm_NDC_Tax_uct,2100,Central Asia,water_td_irr_SyrDaryaR_W,44.41970000000001,16.00978,5.62707,0.668404,43.46109,2.742319,5.930091,19.22026,3.5733,5.98309,6.01203,3,1,5,2,1,4,3,3,5,1,4,4,2,6
ssp_socio3_ag4_gwlo_exp_gfdl_NDC_Tax_ffict,2100,Central Asia,water_td_irr_SyrDaryaR_W,45.9162,14.22801,4.92051,0.4728199999999999,38.91465999999999,3.12675,5.32626,17.841359999999995,3.08517,5.17293,4.36219,1,2,1,1,1,4,3,3,5,1,4,4,2,6
ssp_socio3_ag4_gwlo_exp_gfdl_NDC_Tax_uct,2100,Central Asia,water_td_irr_SyrDaryaR_W,45.4452,16.43913,5.61221,0.6694849999999999,43.813658000000004,2.808242,5.866586,19.41813,3.66328,6.03151,6.02591,1,2,1,2,1,4,3,3,5,1,4,4,2,6
ssp_socio3_ag4_gwlo_exp_hadgem_NDC_Tax_ffict,2100,Central Asia,water_td_irr_SyrDaryaR_W,45.864,14.25809,4.93749,0.476253,39.06817,3.13558,5.36559,17.891640000000006,3.1073,5.202319999999999,4.36574,1,2,2,1,1,4,3,3,5,1,4,4,2,6
ssp_socio3_ag4_gwlo_exp_hadgem_NDC_Tax_uct,2100,Central Asia,water_td_irr_SyrDaryaR_W,45.4343,16.45223,5.62044,0.671392,43.976400999999996,2.8193490000000003,5.907432,19.47055,3.67972,6.056,6.0433499999999984,1,2,2,2,1,4,3,3,5,1,4,4,2,6
ssp_socio3_ag4_gwlo_exp_ipsl_NDC_Tax_ffict,2100,Central Asia,water_td_irr_SyrDaryaR_W,45.2328,14.06814,4.8537300000000005,0.4694029999999999,38.422729999999994,3.09997,5.3024,17.51059,3.07024,5.1199200000000005,4.31961,1,2,3,1,1,4,3,3,5,1,4,4,2,6
ssp_socio3_ag4_gwlo_exp_ipsl_NDC_Tax_uct,2100,Central Asia,water_td_irr_SyrDaryaR_W,44.9567,16.36038,5.58038,0.6682560000000001,43.539657,2.803645,5.854662,19.18139,3.66207,6.02999,6.0079,1,2,3,2,1,4,3,3,5,1,4,4,2,6
ssp_socio3_ag4_gwlo_exp_miroc_NDC_Tax_ffict,2100,Central Asia,water_td_irr_SyrDaryaR_W,45.8568,14.14805,4.9135800000000005,0.47211,38.970530000000004,3.1008,5.274369999999999,18.00749,3.06867,5.1660400000000015,4.35316,1,2,4,1,1,4,3,3,5,1,4,4,2,6
ssp_socio3_ag4_gwlo_exp_miroc_NDC_Tax_uct,2100,Central Asia,water_td_irr_SyrDaryaR_W,45.6599,16.455579999999998,5.62081,0.6702899999999999,43.988015,2.804238,5.823976999999999,19.64228,3.6608,6.02263,6.034090000000001,1,2,4,2,1,4,3,3,5,1,4,4,2,6
ssp_socio3_ag4_gwlo_exp_noresm_NDC_Tax_ffict,2100,Central Asia,water_td_irr_SyrDaryaR_W,46.3428,14.31793,4.9444,0.47733,39.272209999999994,3.14866,5.44744,17.91491,3.12256,5.23246,4.40618,1,2,5,1,1,4,3,3,5,1,4,4,2,6
ssp_socio3_ag4_gwlo_exp_noresm_NDC_Tax_uct,2100,Central Asia,water_td_irr_SyrDaryaR_W,45.7589,16.487370000000002,5.60018,0.6717200000000001,44.104049,2.82754,5.958999,19.48998,3.68974,6.06795,6.06984,1,2,5,2,1,4,3,3,5,1,4,4,2,6
ssp_socio3_ag4_gwmed_exp_gfdl_NDC_Tax_ffict,2100,Central Asia,water_td_irr_SyrDaryaR_W,45.2092,14.156759999999998,4.92089,0.4715649999999999,38.602979999999995,3.13107,5.34345,17.52487,3.0791000000000004,5.173780000000001,4.350709999999999,2,2,1,1,1,4,3,3,5,1,4,4,2,6
ssp_socio3_ag4_gwmed_exp_gfdl_NDC_Tax_uct,2100,Central Asia,water_td_irr_SyrDaryaR_W,44.9346,16.38385,5.61296,0.668547,43.677678,2.805962,5.868466000000001,19.2951,3.66019,6.032719999999999,6.01524,2,2,1,2,1,4,3,3,5,1,4,4,2,6
ssp_socio3_ag4_gwmed_exp_hadgem_NDC_Tax_ffict,2100,Central Asia,water_td_irr_SyrDaryaR_W,45.3811,14.18904,4.93323,0.474754,38.7569,3.12957,5.37437,17.60076,3.10273,5.1974,4.352069999999999,2,2,2,1,1,4,3,3,5,1,4,4,2,6
ssp_socio3_ag4_gwmed_exp_hadgem_NDC_Tax_uct,2100,Central Asia,water_td_irr_SyrDaryaR_W,44.9297,16.390259999999998,5.6228,0.6702389999999999,43.826761,2.8157970000000003,5.909794000000001,19.33615,3.67561,6.054780000000001,6.03463,2,2,2,2,1,4,3,3,5,1,4,4,2,6
ssp_socio3_ag4_gwmed_exp_ipsl_NDC_Tax_ffict,2100,Central Asia,water_td_irr_SyrDaryaR_W,44.853,14.167179999999998,4.8808500000000015,0.472775,38.62417,3.1921600000000003,5.379569999999998,17.4842,3.05631,5.1473200000000014,4.36461,2,2,3,1,1,4,3,3,5,1,4,4,2,6
ssp_socio3_ag4_gwmed_exp_ipsl_NDC_Tax_uct,2100,Central Asia,water_td_irr_SyrDaryaR_W,44.7535,16.31439,5.57367,0.668035,43.301102,2.805191,5.880121,18.92019,3.663030000000001,6.034590000000001,5.99798,2,2,3,2,1,4,3,3,5,1,4,4,2,6
ssp_socio3_ag4_gwmed_exp_miroc_NDC_Tax_ffict,2100,Central Asia,water_td_irr_SyrDaryaR_W,45.07250000000001,14.08546,4.9167000000000005,0.471233,38.72529,3.11743,5.30251,17.726020000000002,3.06155,5.17211,4.34567,2,2,4,1,1,4,3,3,5,1,4,4,2,6
ssp_socio3_ag4_gwmed_exp_miroc_NDC_Tax_uct,2100,Central Asia,water_td_irr_SyrDaryaR_W,45.2807,16.40219,5.61236,0.6695270000000001,43.866355,2.802027,5.835457999999999,19.5218,3.65836,6.02655,6.02216,2,2,4,2,1,4,3,3,5,1,4,4,2,6
ssp_socio3_ag4_gwmed_exp_noresm_NDC_Tax_ffict,2100,Central Asia,water_td_irr_SyrDaryaR_W,45.5327,14.251450000000002,4.9484200000000005,0.476133,39.05592000000001,3.1465,5.45298,17.707420000000003,3.1187,5.23474,4.395580000000001,2,2,5,1,1,4,3,3,5,1,4,4,2,6
ssp_socio3_ag4_gwmed_exp_noresm_NDC_Tax_uct,2100,Central Asia,water_td_irr_SyrDaryaR_W,45.4442,16.43299,5.59503,0.6705000000000001,43.790234,2.830222,5.992832,19.151670000000003,3.68666,6.06954,6.05931,2,2,5,2,1,4,3,3,5,1,4,4,2,6
ssp_socio3_ag4_gwmed_rs_gfdl_NDC_Tax_ffict,2100,Central Asia,water_td_irr_SyrDaryaR_W,44.97020000000001,13.88029,4.95457,0.4731229999999999,38.43410000000001,3.03341,5.28076,17.7283,2.98366,5.0953,4.312670000000002,2,1,1,1,1,4,3,3,5,1,4,4,2,6
ssp_socio3_ag4_gwmed_rs_gfdl_NDC_Tax_uct,2100,Central Asia,water_td_irr_SyrDaryaR_W,44.83450000000001,16.15447,5.6466,0.6693910000000001,43.641744,2.7409790000000003,5.792345,19.59145,3.57186,5.952450000000002,5.992660000000001,2,1,1,2,1,4,3,3,5,1,4,4,2,6
ssp_socio3_ag4_gwmed_rs_hadgem_NDC_Tax_ffict,2100,Central Asia,water_td_irr_SyrDaryaR_W,45.1567,13.95281,4.96048,0.47625,38.59205000000001,3.05481,5.33392,17.749010000000002,3.00983,5.1285,4.315980000000001,2,1,2,1,1,4,3,3,5,1,4,4,2,6
ssp_socio3_ag4_gwmed_rs_hadgem_NDC_Tax_uct,2100,Central Asia,water_td_irr_SyrDaryaR_W,44.7279,16.15393,5.64459,0.671014,43.718712,2.753025,5.858427,19.53251,3.59141,5.979769999999999,6.00357,2,1,2,2,1,4,3,3,5,1,4,4,2,6
ssp_socio3_ag4_gwmed_rs_ipsl_NDC_Tax_ffict,2100,Central Asia,water_td_irr_SyrDaryaR_W,43.80880000000001,13.25584,4.90163,0.465589,37.34154,2.92287,5.25748,17.154130000000002,2.83199,4.95981,4.215260000000002,2,1,3,1,1,4,3,3,5,1,4,4,2,6
ssp_socio3_ag4_gwmed_rs_ipsl_NDC_Tax_uct,2100,Central Asia,water_td_irr_SyrDaryaR_W,44.1349,15.50358,5.627269999999999,0.664445,42.6646,2.623609,5.764520999999999,19.11693,3.41142,5.843999999999999,5.904120000000002,2,1,3,2,1,4,3,3,5,1,4,4,2,6
ssp_socio3_ag4_gwmed_rs_miroc_NDC_Tax_ffict,2100,Central Asia,water_td_irr_SyrDaryaR_W,44.5881,13.59159,4.9502500000000005,0.469822,38.174989999999994,2.97234,5.23492,17.715889999999998,2.91895,5.05525,4.27764,2,1,4,1,1,4,3,3,5,1,4,4,2,6
ssp_socio3_ag4_gwmed_rs_miroc_NDC_Tax_uct,2100,Central Asia,water_td_irr_SyrDaryaR_W,45.2289,15.98431,5.6525300000000005,0.668509,43.559905,2.703072,5.7609330000000005,19.68141,3.52271,5.90854,5.98324,2,1,4,2,1,4,3,3,5,1,4,4,2,6
ssp_socio3_ag4_gwmed_rs_noresm_NDC_Tax_ffict,2100,Central Asia,water_td_irr_SyrDaryaR_W,44.6716,13.514499999999998,4.986280000000002,0.471984,38.22107999999999,2.98285,5.4099400000000015,17.51981,2.90948,5.09132,4.30768,2,1,5,1,1,4,3,3,5,1,4,4,2,6
ssp_socio3_ag4_gwmed_rs_noresm_NDC_Tax_uct,2100,Central Asia,water_td_irr_SyrDaryaR_W,44.77419999999999,15.79128,5.63115,0.6669989999999999,43.410329000000004,2.690513,5.8953560000000005,19.40594,3.49962,5.93061,5.98829,2,1,5,2,1,4,3,3,5,1,4,4,2,6
ssp_socio3_ag5_gwhi_exp_gfdl_NDC_Tax_ffict,2100,Central Asia,water_td_irr_SyrDaryaR_W,22.36706,11.65352,3.96132,0.527098,27.626361,2.2932200000000003,2.123991,11.06967,3.77445,5.76043,2.6046,3,2,1,1,1,5,3,6,3,4,5,1,1,6
ssp_socio3_ag5_gwhi_exp_gfdl_NDC_Tax_uct,2100,Central Asia,water_td_irr_SyrDaryaR_W,24.00607,14.7208,5.16172,0.8346699999999999,34.119879000000005,2.317932,2.894907,12.44031,5.08988,7.428730000000001,3.94812,3,2,1,2,1,5,3,6,3,2,5,4,2,6
ssp_socio3_ag5_gwhi_exp_hadgem_NDC_Tax_ffict,2100,Central Asia,water_td_irr_SyrDaryaR_W,22.42197,11.61894,3.94892,0.532445,27.694559,2.2912600000000003,2.137039,11.1012,3.78395,5.77543,2.60568,3,2,2,1,1,5,3,6,3,4,5,1,1,6
ssp_socio3_ag5_gwhi_exp_hadgem_NDC_Tax_uct,2100,Central Asia,water_td_irr_SyrDaryaR_W,24.14439,14.72285,5.160480000000001,0.8372200000000001,34.248417,2.334333,2.917234,12.46213,5.1048100000000005,7.46651,3.9634,3,2,2,2,1,5,3,6,3,2,5,4,2,6
ssp_socio3_ag5_gwhi_exp_ipsl_NDC_Tax_ffict,2100,Central Asia,water_td_irr_SyrDaryaR_W,21.66686,11.42978,3.88254,0.523821,27.164862,2.266088,2.107844,10.80859,3.73435,5.67515,2.57284,3,2,3,1,1,5,3,6,3,4,5,1,1,6
ssp_socio3_ag5_gwhi_exp_ipsl_NDC_Tax_uct,2100,Central Asia,water_td_irr_SyrDaryaR_W,23.50628,14.52983,5.12005,0.830932,33.811844,2.317614,2.8771700000000004,12.21155,5.069030000000001,7.41351,3.92297,3,2,3,2,1,5,3,6,3,2,5,4,2,6
ssp_socio3_ag5_gwhi_exp_miroc_NDC_Tax_ffict,2100,Central Asia,water_td_irr_SyrDaryaR_W,22.132150000000006,11.48403,3.93352,0.522968,27.538293999999997,2.246839,2.087445,11.15395,3.74076,5.72096,2.58834,3,2,4,1,1,5,3,6,3,4,5,1,1,6
ssp_socio3_ag5_gwhi_exp_miroc_NDC_Tax_uct,2100,Central Asia,water_td_irr_SyrDaryaR_W,24.01654,14.69735,5.16608,0.835512,34.179978000000006,2.317813,2.871285,12.55209,5.07801,7.412960000000001,3.94782,3,2,4,2,1,5,3,6,3,2,5,4,2,6
ssp_socio3_ag5_gwhi_exp_noresm_NDC_Tax_ffict,2100,Central Asia,water_td_irr_SyrDaryaR_W,22.29214,11.62975,3.95652,0.532559,27.851917999999998,2.31542,2.198658,11.03812,3.80905,5.85607,2.6346,3,2,5,1,1,5,3,6,3,4,5,1,1,6
ssp_socio3_ag5_gwhi_exp_noresm_NDC_Tax_uct,2100,Central Asia,water_td_irr_SyrDaryaR_W,23.82742,14.62427,5.14291,0.8353210000000001,34.226529000000006,2.3414490000000003,2.96456,12.32821,5.11665,7.4988100000000015,3.97685,3,2,5,2,1,5,3,6,3,2,5,4,2,6
ssp_socio3_ag5_gwhi_rs_gfdl_NDC_Tax_ffict,2100,Central Asia,water_td_irr_SyrDaryaR_W,22.26262,11.56213,4.02669,0.533794,27.566619,2.249811,2.095398,11.22544,3.70638,5.7024,2.58719,3,1,1,1,1,5,3,6,3,4,5,1,1,6
ssp_socio3_ag5_gwhi_rs_gfdl_NDC_Tax_uct,2100,Central Asia,water_td_irr_SyrDaryaR_W,24.02198,14.70873,5.2096800000000005,0.8494430000000001,34.219585,2.302865,2.8559400000000004,12.69923,5.0429200000000005,7.3755799999999985,3.94305,3,1,1,2,1,5,3,6,3,2,5,4,2,6
ssp_socio3_ag5_gwhi_rs_hadgem_NDC_Tax_ffict,2100,Central Asia,water_td_irr_SyrDaryaR_W,22.450570000000003,11.66231,4.00711,0.542443,27.850414999999998,2.2749170000000003,2.120308,11.32851,3.769060000000001,5.7523,2.60532,3,1,2,1,1,5,3,6,3,4,5,1,1,6
ssp_socio3_ag5_gwhi_rs_hadgem_NDC_Tax_uct,2100,Central Asia,water_td_irr_SyrDaryaR_W,24.13464,14.71519,5.20104,0.848303,34.326082,2.311603,2.885209,12.6949,5.06914,7.41154,3.95369,3,1,2,2,1,5,3,6,3,2,5,4,2,6
ssp_socio3_ag5_gwhi_rs_ipsl_NDC_Tax_uct,2100,Central Asia,water_td_irr_SyrDaryaR_W,23.47769,14.46031,5.17453,0.842874,33.933501,2.27556,2.826051,12.56542,5.00154,7.34811,3.91682,3,1,3,2,1,5,3,6,3,2,5,4,2,6
ssp_socio3_ag5_gwhi_rs_miroc_NDC_Tax_uct,2100,Central Asia,water_td_irr_SyrDaryaR_W,24.01061,14.66342,5.2211300000000005,0.851584,34.236347,2.289557,2.8322000000000003,12.79222,5.02596,7.35152,3.94489,3,1,4,2,1,5,3,6,3,2,5,4,2,6
ssp_socio3_ag5_gwhi_rs_noresm_NDC_Tax_uct,2100,Central Asia,water_td_irr_SyrDaryaR_W,23.76724,14.49863,5.18999,0.8436239999999999,34.352878,2.304895,2.909253,12.69024,5.04751,7.43535,3.96563,3,1,5,2,1,5,3,6,3,2,5,4,2,6
ssp_socio3_ag5_gwlo_exp_gfdl_NDC_Tax_ffict,2100,Central Asia,water_td_irr_SyrDaryaR_W,22.71373,11.82746,4.00304,0.534493,28.119242,2.33554,2.141622,11.3869,3.80396,5.80807,2.64315,1,2,1,1,1,5,3,6,3,4,5,1,1,6
ssp_socio3_ag5_gwlo_exp_gfdl_NDC_Tax_uct,2100,Central Asia,water_td_irr_SyrDaryaR_W,24.28537,14.78753,5.16803,0.836361,34.251227,2.328566,2.894091,12.54493,5.09039,7.43456,3.95869,1,2,1,2,1,5,3,6,3,2,5,4,2,6
ssp_socio3_ag5_gwlo_exp_hadgem_NDC_Tax_ffict,2100,Central Asia,water_td_irr_SyrDaryaR_W,22.5667,11.69994,3.97353,0.536583,27.99342,2.30406,2.13676,11.33425,3.80248,5.79206,2.62381,1,2,2,1,1,5,3,6,3,4,5,1,1,6
ssp_socio3_ag5_gwlo_exp_hadgem_NDC_Tax_uct,2100,Central Asia,water_td_irr_SyrDaryaR_W,24.32458,14.78899,5.17156,0.83859,34.379388,2.338075,2.915633,12.57242,5.11144,7.470260000000001,3.97156,1,2,2,2,1,5,3,6,3,2,5,4,2,6
ssp_socio3_ag5_gwlo_exp_ipsl_NDC_Tax_ffict,2100,Central Asia,water_td_irr_SyrDaryaR_W,21.92075,11.5258,3.90627,0.5272330000000001,27.510360000000002,2.281926,2.1059240000000004,11.08405,3.75021,5.6952300000000005,2.59302,1,2,3,1,1,5,3,6,3,4,5,1,1,6
ssp_socio3_ag5_gwlo_exp_ipsl_NDC_Tax_uct,2100,Central Asia,water_td_irr_SyrDaryaR_W,23.75123,14.588120000000002,5.12561,0.8323139999999999,33.941622,2.3199110000000003,2.874941,12.31628,5.0776,7.41937,3.93352,1,2,3,2,1,5,3,6,3,2,5,4,2,6
ssp_socio3_ag5_gwlo_exp_miroc_NDC_Tax_ffict,2100,Central Asia,water_td_irr_SyrDaryaR_W,22.43738,11.58162,3.961430000000001,0.527127,27.802741,2.264278,2.091663,11.33948,3.75077,5.74844,2.60811,1,2,4,1,1,5,3,6,3,4,5,1,1,6
ssp_socio3_ag5_gwlo_exp_miroc_NDC_Tax_uct,2100,Central Asia,water_td_irr_SyrDaryaR_W,24.3747,14.79117,5.178669999999999,0.837426,34.365578,2.322669,2.869069,12.70121,5.0878700000000014,7.420339999999999,3.96442,1,2,4,2,1,5,3,6,3,2,5,4,2,6
ssp_socio3_ag5_gwlo_exp_noresm_NDC_Tax_ffict,2100,Central Asia,water_td_irr_SyrDaryaR_W,22.57559,11.70716,3.97658,0.534036,28.213141,2.3183100000000003,2.1858310000000003,11.379639999999998,3.81953,5.86104,2.64879,1,2,5,1,1,5,3,6,3,4,5,1,1,6
ssp_socio3_ag5_gwlo_exp_noresm_NDC_Tax_uct,2100,Central Asia,water_td_irr_SyrDaryaR_W,24.20271,14.72659,5.15501,0.8374790000000001,34.491202,2.34545,2.956862,12.56201,5.12764,7.50758,3.99166,1,2,5,2,1,5,3,6,3,2,5,4,2,6
ssp_socio3_ag5_gwlo_rs_hadgem_NDC_Tax_uct,2100,Central Asia,water_td_irr_SyrDaryaR_W,22.69509,12.70627,5.27389,0.811742,31.453687000000002,2.034993,2.744894,11.66577,4.33133,6.95539,3.72131,1,1,2,2,1,5,3,6,3,2,5,4,2,6
ssp_socio3_ag5_gwmed_exp_gfdl_NDC_Tax_ffict,2100,Central Asia,water_td_irr_SyrDaryaR_W,22.440420000000003,11.70518,3.97686,0.526983,27.816857000000002,2.30514,2.125297,11.22309,3.776310000000001,5.7694600000000005,2.61756,2,2,1,1,1,5,3,6,3,4,5,1,1,6
ssp_socio3_ag5_gwmed_exp_gfdl_NDC_Tax_uct,2100,Central Asia,water_td_irr_SyrDaryaR_W,24.02992,14.73398,5.16475,0.8350110000000001,34.144974999999995,2.326343,2.894842,12.46029,5.08139,7.43145,3.95066,2,2,1,2,1,5,3,6,3,2,5,4,2,6
ssp_socio3_ag5_gwmed_exp_hadgem_NDC_Tax_ffict,2100,Central Asia,water_td_irr_SyrDaryaR_W,22.47458,11.65437,3.96128,0.532265,27.862512,2.29909,2.134592,11.24453,3.79081,5.77871,2.61478,2,2,2,1,1,5,3,6,3,4,5,1,1,6
ssp_socio3_ag5_gwmed_exp_hadgem_NDC_Tax_uct,2100,Central Asia,water_td_irr_SyrDaryaR_W,24.16939,14.74585,5.16699,0.837634,34.295567,2.335051,2.914866,12.51095,5.105,7.46448,3.96522,2,2,2,2,1,5,3,6,3,2,5,4,2,6
ssp_socio3_ag5_gwmed_exp_ipsl_NDC_Tax_ffict,2100,Central Asia,water_td_irr_SyrDaryaR_W,21.714640000000006,11.45346,3.89119,0.524291,27.304564,2.266872,2.099962,10.94798,3.7363,5.6745800000000015,2.57887,2,2,3,1,1,5,3,6,3,4,5,1,1,6
ssp_socio3_ag5_gwmed_exp_ipsl_NDC_Tax_uct,2100,Central Asia,water_td_irr_SyrDaryaR_W,23.57339,14.54745,5.1225,0.8313470000000001,33.857063000000004,2.31734,2.874693,12.25192,5.07157,7.41535,3.92619,2,2,3,2,1,5,3,6,3,2,5,4,2,6
ssp_socio3_ag5_gwmed_exp_miroc_NDC_Tax_ffict,2100,Central Asia,water_td_irr_SyrDaryaR_W,22.19896,11.52643,3.94657,0.527139,27.655868,2.258608,2.0904700000000003,11.23583,3.73573,5.7363,2.59893,2,2,4,1,1,5,3,6,3,4,5,1,1,6
ssp_socio3_ag5_gwmed_exp_miroc_NDC_Tax_uct,2100,Central Asia,water_td_irr_SyrDaryaR_W,24.05635,14.7123,5.16899,0.835817,34.212088,2.319169,2.870199,12.57723,5.0797,7.414689999999999,3.9511,2,2,4,2,1,5,3,6,3,2,5,4,2,6
ssp_socio3_ag5_gwmed_exp_noresm_NDC_Tax_ffict,2100,Central Asia,water_td_irr_SyrDaryaR_W,22.31807,11.6413,3.96198,0.532883,27.966094000000002,2.31202,2.189764,11.16635,3.81189,5.8479100000000015,2.63816,2,2,5,1,1,5,3,6,3,4,5,1,1,6
ssp_socio3_ag5_gwmed_exp_noresm_NDC_Tax_uct,2100,Central Asia,water_td_irr_SyrDaryaR_W,23.89818,14.66119,5.15002,0.8362950000000001,34.361909999999995,2.345637,2.9547630000000003,12.45931,5.11889,7.50192,3.98139,2,2,5,2,1,5,3,6,3,2,5,4,2,6
ssp_socio3_ag5_gwmed_rs_gfdl_NDC_Tax_ffict,2100,Central Asia,water_td_irr_SyrDaryaR_W,22.27928,11.55127,4.03999,0.534235,27.628901999999997,2.2516380000000003,2.091694,11.29806,3.69156,5.7044,2.59155,2,1,1,1,1,5,3,6,3,4,5,1,1,6
ssp_socio3_ag5_gwmed_rs_gfdl_NDC_Tax_uct,2100,Central Asia,water_td_irr_SyrDaryaR_W,24.05193,14.71108,5.22192,0.8497030000000001,34.25686699999999,2.300667,2.8456,12.75075,5.037380000000001,7.37374,3.94873,2,1,1,2,1,5,3,6,3,2,5,4,2,6
ssp_socio3_ag5_gwmed_rs_hadgem_NDC_Tax_ffict,2100,Central Asia,water_td_irr_SyrDaryaR_W,22.39862,11.6071,4.01012,0.53788,27.804606000000003,2.264492,2.100054,11.35965,3.74815,5.73413,2.59813,2,1,2,1,1,5,3,6,3,4,5,1,1,6
ssp_socio3_ag5_gwmed_rs_hadgem_NDC_Tax_uct,2100,Central Asia,water_td_irr_SyrDaryaR_W,24.17049,14.71178,5.2199,0.8483419999999999,34.376397000000004,2.317781,2.8637360000000003,12.76048,5.059419999999999,7.41253,3.962450000000001,2,1,2,2,1,5,3,6,3,2,5,4,2,6
ssp_socio3_ag5_gwmed_rs_ipsl_NDC_Tax_uct,2100,Central Asia,water_td_irr_SyrDaryaR_W,23.458,14.37023,5.17703,0.841728,33.808874,2.263837,2.821887,12.52848,4.96225,7.326289999999999,3.90613,2,1,3,2,1,5,3,6,3,2,5,4,2,6
ssp_socio3_ag5_gwmed_rs_miroc_NDC_Tax_uct,2100,Central Asia,water_td_irr_SyrDaryaR_W,24.02895,14.648879999999998,5.22742,0.8515940000000001,34.231474,2.284685,2.825839,12.81231,5.01609,7.3473,3.94525,2,1,4,2,1,5,3,6,3,2,5,4,2,6
ssp_socio3_ag5_gwmed_rs_noresm_NDC_Tax_uct,2100,Central Asia,water_td_irr_SyrDaryaR_W,23.75132,14.43538,5.19735,0.8425499999999999,34.278546,2.294566,2.89395,12.68956,5.01955,7.41947,3.96145,2,1,5,2,1,5,3,6,3,2,5,4,2,6
