scenario,year,region,input,FiberCrop_withdrawal,Rice_withdrawal,SugarCrop_withdrawal,MiscAll_withdrawals,Corn_withdrawal,MiscCrop_withdrawal,OilCrop_withdrawal,OtherGrain_withdrawal,PalmFruit_withdrawal,Root_Tuber_withdrawal,gw,res,esm,tax,ssp,ag,soc,cluster_FiberCrop_withdrawal_Rice_withdrawal,cluster_FiberCrop_withdrawal_SugarCrop_withdrawal,cluster_FiberCrop_withdrawal_MiscAll_withdrawals,cluster_Rice_withdrawal_SugarCrop_withdrawal,cluster_Rice_withdrawal_MiscAll_withdrawals,cluster_SugarCrop_withdrawal_MiscAll_withdrawals
ssp_ag4_soc3_gwhi_exp_gfdl_NDC_Tax_ffict,2100,Africa_Western,water_td_irr_SenegalR_W,1.275055e-05,0.60072,0.6287343000000001,0.6700383359999997,0.00402158,0.659824,0.00329063,0.0013296089999999,0.002027342,0.0015725169999999,3,2,1,1,2,4,3,4,2,5,3,7,0
ssp_ag4_soc3_gwhi_exp_gfdl_NDC_Tax_uct,2100,Africa_Western,water_td_irr_SenegalR_W,1.049181e-05,0.5361788000000001,0.7130508139999999,0.76885381485,0.004238674,0.75779381,0.00334274,0.001563024,0.0022928912,0.00191556685,3,2,1,2,2,4,3,4,2,5,3,5,0
ssp_ag4_soc3_gwhi_exp_hadgem_NDC_Tax_ffict,2100,Africa_Western,water_td_irr_SenegalR_W,1.271378e-05,0.5948249999999999,0.6178851,0.659783626,0.00397018,0.649691,0.00326409,0.001314902,0.001997077,0.0015434539999999,3,2,2,1,2,4,3,4,2,5,3,7,0
ssp_ag4_soc3_gwhi_exp_hadgem_NDC_Tax_uct,2100,Africa_Western,water_td_irr_SenegalR_W,1.041115e-05,0.5313479,0.7124112260000001,0.7659640801199998,0.00421829,0.7549484599999999,0.00333225,0.001556541,0.0022811964,0.0019085391199999,3,2,2,2,2,4,3,4,2,5,3,5,0
ssp_ag4_soc3_gwhi_exp_ipsl_NDC_Tax_ffict,2100,Africa_Western,water_td_irr_SenegalR_W,1.299558e-05,0.6073310000000001,0.5906699000000001,0.6394395350000001,0.00395166,0.6294040000000001,0.00330666,0.001298947,0.001941781,0.0014782679999999,3,2,3,1,2,4,3,4,5,5,3,7,0
ssp_ag4_soc3_gwhi_exp_ipsl_NDC_Tax_uct,2100,Africa_Western,water_td_irr_SenegalR_W,1.020374e-05,0.5326035,0.7155317090000001,0.7693656029099999,0.004235686,0.75831459,0.00332965,0.0015652639999999,0.0022988898,0.00192041291,3,2,3,2,2,4,3,4,2,5,3,5,0
ssp_ag4_soc3_gwhi_exp_miroc_NDC_Tax_ffict,2100,Africa_Western,water_td_irr_SenegalR_W,1.246167e-05,0.585358,0.6118996,0.653914844,0.00391128,0.6439670000000001,0.00320913,0.001297194,0.00197839,0.00153024,3,2,4,1,2,4,3,4,2,5,3,7,0
ssp_ag4_soc3_gwhi_exp_miroc_NDC_Tax_uct,2100,Africa_Western,water_td_irr_SenegalR_W,1.039838e-05,0.531583,0.710600991,0.7659555343600001,0.004208713,0.75496522,0.003322415,0.001553447,0.0022793349,0.00190573936,3,2,4,2,2,4,3,4,2,5,3,5,0
ssp_ag4_soc3_gwhi_exp_noresm_NDC_Tax_ffict,2100,Africa_Western,water_td_irr_SenegalR_W,1.2344260000000002e-05,0.585591,0.6173453999999999,0.6575615250000001,0.0039381,0.647556,0.00322107,0.0013026779999999,0.001988865,0.001543677,3,2,5,1,2,4,3,4,2,5,3,7,0
ssp_ag4_soc3_gwhi_exp_noresm_NDC_Tax_uct,2100,Africa_Western,water_td_irr_SenegalR_W,1.035783e-05,0.5323380999999999,0.7110334970000001,0.7668494084500002,0.004222147,0.7558323800000001,0.003328305,0.001556566,0.0022855426,0.00191001045,3,2,5,2,2,4,3,4,2,5,3,5,0
ssp_ag4_soc3_gwhi_rs_gfdl_NDC_Tax_ffict,2100,Africa_Western,water_td_irr_SenegalR_W,1.276308e-05,0.6014470000000001,0.6254025999999999,0.667701284,0.00400555,0.6575340000000001,0.00327879,0.001321901,0.002010425,0.0015610429999999,3,1,1,1,2,4,3,4,2,5,3,7,0
ssp_ag4_soc3_gwhi_rs_gfdl_NDC_Tax_uct,2100,Africa_Western,water_td_irr_SenegalR_W,1.018185e-05,0.5191505999999999,0.697153193,0.75185556703,0.004123879,0.74110189,0.003233316,0.001526861,0.0022369166,0.00186962103,3,1,1,2,2,4,3,4,2,5,3,5,0
ssp_ag4_soc3_gwhi_rs_hadgem_NDC_Tax_ffict,2100,Africa_Western,water_td_irr_SenegalR_W,1.278117e-05,0.5988479999999999,0.6180971,0.661454668,0.0039722,0.651358,0.00326728,0.001313827,0.001999532,0.001543361,3,1,2,1,2,4,3,4,2,5,3,7,0
ssp_ag4_soc3_gwhi_rs_hadgem_NDC_Tax_uct,2100,Africa_Western,water_td_irr_SenegalR_W,1.051651e-05,0.5361599,0.710810809,0.7680963712899997,0.004227386,0.7570610999999999,0.003339649,0.001558926,0.0022855968,0.0019093102899999,3,1,2,2,2,4,3,4,2,5,3,5,0
ssp_ag4_soc3_gwhi_rs_ipsl_NDC_Tax_ffict,2100,Africa_Western,water_td_irr_SenegalR_W,1.2941869999999998e-05,0.6139720000000001,0.6346109999999999,0.6785941099999999,0.0040772299999999,0.668237,0.00335029,0.0013452,0.002052725,0.00158439,3,1,3,1,2,4,3,4,2,5,3,7,0
ssp_ag4_soc3_gwhi_rs_ipsl_NDC_Tax_uct,2100,Africa_Western,water_td_irr_SenegalR_W,1.045441e-05,0.5376390999999999,0.714189702,0.77123761756,0.004243532,0.76016129,0.003349964,0.001565068,0.0022959156,0.00191776356,3,1,3,2,2,4,3,4,2,5,3,5,0
ssp_ag4_soc3_gwhi_rs_miroc_NDC_Tax_ffict,2100,Africa_Western,water_td_irr_SenegalR_W,1.254756e-05,0.5888399999999999,0.6120241,0.6555313349999999,0.00391178,0.6455799999999999,0.00321334,0.001296345,0.001975845,0.00152987,3,1,4,1,2,4,3,4,2,5,3,7,0
ssp_ag4_soc3_gwhi_rs_miroc_NDC_Tax_uct,2100,Africa_Western,water_td_irr_SenegalR_W,1.051978e-05,0.5362584,0.7098608740000001,0.7698180888799999,0.004219413,0.75880297,0.003332925,0.0015558299999999,0.0022828388,0.00190695088,3,1,4,2,2,4,3,4,2,5,3,5,0
ssp_ag4_soc3_gwhi_rs_noresm_NDC_Tax_ffict,2100,Africa_Western,water_td_irr_SenegalR_W,1.239495e-05,0.5875640000000001,0.6173034000000001,0.6591195519999998,0.00393751,0.6491140000000001,0.00322311,0.0013013489999999,0.001988528,0.0015435829999999,3,1,5,1,2,4,3,4,2,5,3,7,0
ssp_ag4_soc3_gwhi_rs_noresm_NDC_Tax_uct,2100,Africa_Western,water_td_irr_SenegalR_W,1.004624e-05,0.5162455,0.6983860009999999,0.7519000534999999,0.004126266,0.74114276,0.003230718,0.001527089,0.0022394418,0.0018732204999999,3,1,5,2,2,4,3,4,2,5,3,5,0
ssp_ag4_soc3_gwlo_exp_gfdl_NDC_Tax_ffict,2100,Africa_Western,water_td_irr_SenegalR_W,1.291972e-05,0.6028169999999999,0.6285324000000001,0.672899534,0.00402224,0.662684,0.00329193,0.001328721,0.002026468,0.0015726429999999,1,2,1,1,2,4,3,4,2,5,3,7,0
ssp_ag4_soc3_gwlo_exp_gfdl_NDC_Tax_uct,2100,Africa_Western,water_td_irr_SenegalR_W,1.062424e-05,0.5384348000000001,0.7129402389999999,0.7719489407799999,0.0042409679999999,0.7608828799999999,0.003346025,0.001563375,0.0022936778,0.00191569278,1,2,1,2,2,4,3,4,2,5,3,5,0
ssp_ag4_soc3_gwlo_exp_hadgem_NDC_Tax_ffict,2100,Africa_Western,water_td_irr_SenegalR_W,1.286721e-05,0.598831,0.6176743,0.6626092919999998,0.00397537,0.652501,0.00327427,0.0013148839999999,0.001997103,0.0015437679999999,1,2,2,1,2,4,3,4,2,5,3,7,0
ssp_ag4_soc3_gwlo_exp_hadgem_NDC_Tax_uct,2100,Africa_Western,water_td_irr_SenegalR_W,1.057145e-05,0.5360488,0.710501575,0.7694683288499999,0.004228819,0.75843023,0.003339731,0.001560091,0.0022868203,0.00190945785,1,2,2,2,2,4,3,4,2,5,3,5,0
ssp_ag4_soc3_gwlo_exp_ipsl_NDC_Tax_ffict,2100,Africa_Western,water_td_irr_SenegalR_W,1.305362e-05,0.606862,0.6028926000000001,0.6511254,0.0039693,0.641025,0.0033106,0.001311739,0.001965567,0.001508761,1,2,3,1,2,4,3,4,2,5,3,7,0
ssp_ag4_soc3_gwlo_exp_ipsl_NDC_Tax_uct,2100,Africa_Western,water_td_irr_SenegalR_W,1.055071e-05,0.5363498000000001,0.7042117990000001,0.76277000508,0.004212282,0.75175813,0.003349366,0.001556247,0.0022670155,0.00189398008,1,2,3,2,2,4,3,4,2,5,3,5,0
ssp_ag4_soc3_gwlo_exp_miroc_NDC_Tax_ffict,2100,Africa_Western,water_td_irr_SenegalR_W,1.2666210000000002e-05,0.587629,0.6108393,0.656759376,0.00390986,0.646816,0.0032092,0.001296284,0.001975733,0.001528032,1,2,4,1,2,4,3,4,2,5,3,7,0
ssp_ag4_soc3_gwlo_exp_miroc_NDC_Tax_uct,2100,Africa_Western,water_td_irr_SenegalR_W,1.0608519999999998e-05,0.5362958999999999,0.709596535,0.7700734083899999,0.004219635,0.75905956,0.003330755,0.001556418,0.0022839525,0.00190704039,1,2,4,2,2,4,3,4,2,5,3,5,0
ssp_ag4_soc3_gwlo_exp_noresm_NDC_Tax_ffict,2100,Africa_Western,water_td_irr_SenegalR_W,1.255369e-05,0.5875589999999999,0.6144795999999999,0.6567323029999999,0.00392672,0.646745,0.00322826,0.0012978249999999,0.001976351,0.0015344979999999,1,2,5,1,2,4,3,4,2,5,3,7,0
ssp_ag4_soc3_gwlo_exp_noresm_NDC_Tax_uct,2100,Africa_Western,water_td_irr_SenegalR_W,1.050572e-05,0.5338811,0.7109749940000001,0.7680361988899997,0.004223795,0.75701491,0.0033310429999999,0.0015563539999999,0.002285915,0.00191009689,1,2,5,2,2,4,3,4,2,5,3,5,0
ssp_ag4_soc3_gwlo_rs_gfdl_NDC_Tax_ffict,2100,Africa_Western,water_td_irr_SenegalR_W,1.317651e-05,0.609684,0.6284963000000001,0.67770559,0.00402714,0.6674760000000001,0.00330046,0.0013293049999999,0.002025098,0.001572685,1,1,1,1,2,4,3,4,2,5,3,7,0
ssp_ag4_soc3_gwlo_rs_gfdl_NDC_Tax_uct,2100,Africa_Western,water_td_irr_SenegalR_W,1.039247e-05,0.5227429,0.7028675649999999,0.7597923692099999,0.004145068,0.7489902399999999,0.003246844,0.001531535,0.0022469553,0.00187868221,1,1,1,2,2,4,3,4,2,5,3,5,0
ssp_ag4_soc3_gwlo_rs_hadgem_NDC_Tax_ffict,2100,Africa_Western,water_td_irr_SenegalR_W,1.304077e-05,0.6030409999999999,0.6177836,0.66640906,0.00397518,0.6563030000000001,0.00327259,0.001314666,0.001996605,0.001543624,1,1,2,1,2,4,3,4,2,5,3,7,0
ssp_ag4_soc3_gwlo_rs_hadgem_NDC_Tax_uct,2100,Africa_Western,water_td_irr_SenegalR_W,1.07349e-05,0.5404333,0.7105286319999999,0.7730266100599998,0.0042321109999999,0.76197852,0.003346369,0.001560176,0.0022865892,0.00190943406,1,1,2,2,2,4,3,4,2,5,3,5,0
ssp_ag4_soc3_gwlo_rs_ipsl_NDC_Tax_ffict,2100,Africa_Western,water_td_irr_SenegalR_W,1.33234e-05,0.619255,0.6342068000000001,0.6838639910000001,0.00408092,0.673493,0.00335822,0.001347018,0.002051139,0.001584833,1,1,3,1,2,4,3,4,2,5,3,7,0
ssp_ag4_soc3_gwlo_rs_ipsl_NDC_Tax_uct,2100,Africa_Western,water_td_irr_SenegalR_W,1.073481e-05,0.5410828000000001,0.7115684870000001,0.7737280358399999,0.004236552,0.76266475,0.00335306,0.001562814,0.0022878017,0.00191085984,1,1,3,2,2,4,3,4,2,5,3,5,0
ssp_ag4_soc3_gwlo_rs_miroc_NDC_Tax_ffict,2100,Africa_Western,water_td_irr_SenegalR_W,1.296441e-05,0.5948859999999999,0.6117751,0.661862238,0.00391958,0.651891,0.00322273,0.001298406,0.001975936,0.001530522,1,1,4,1,2,4,3,4,2,5,3,7,0
ssp_ag4_soc3_gwlo_rs_miroc_NDC_Tax_uct,2100,Africa_Western,water_td_irr_SenegalR_W,1.0827730000000002e-05,0.5408898,0.7095325790000001,0.7737388088899999,0.0042248,0.76270872,0.003341022,0.0015570929999999,0.0022835741,0.00190717389,1,1,4,2,2,4,3,4,2,5,3,5,0
ssp_ag4_soc3_gwlo_rs_noresm_NDC_Tax_ffict,2100,Africa_Western,water_td_irr_SenegalR_W,1.276634e-05,0.5907600000000001,0.6169299,0.663696672,0.00392103,0.6537000000000001,0.00322901,0.001302331,0.001988207,0.001544301,1,1,5,1,2,4,3,4,2,5,3,7,0
ssp_ag4_soc3_gwlo_rs_noresm_NDC_Tax_uct,2100,Africa_Western,water_td_irr_SenegalR_W,1.053238e-05,0.5305420999999999,0.7094024320000001,0.7683907892799999,0.00418773,0.7574455800000001,0.00331514,0.00154519,0.0022655665,0.00189714928,1,1,5,2,2,4,3,4,2,5,3,5,0
ssp_ag4_soc3_gwmed_exp_gfdl_NDC_Tax_ffict,2100,Africa_Western,water_td_irr_SenegalR_W,1.27585e-05,0.6008439999999999,0.6286170999999999,0.6705893430000001,0.00401861,0.660379,0.0032904,0.001328817,0.002023706,0.001572516,2,2,1,1,2,4,3,4,2,5,3,7,0
ssp_ag4_soc3_gwmed_exp_gfdl_NDC_Tax_uct,2100,Africa_Western,water_td_irr_SenegalR_W,1.0506480000000002e-05,0.5364744,0.713132366,0.76955188145,0.004238529,0.75849171,0.003343209,0.001562917,0.0022927182,0.00191551645,2,2,1,2,2,4,3,4,2,5,3,5,0
ssp_ag4_soc3_gwmed_exp_hadgem_NDC_Tax_ffict,2100,Africa_Western,water_td_irr_SenegalR_W,1.229093e-05,0.574643,0.6176406,0.6584429349999997,0.00394971,0.6484369999999999,0.00320637,0.001308586,0.002001383,0.0015412689999999,2,2,2,1,2,4,3,4,2,5,3,7,0
ssp_ag4_soc3_gwmed_exp_hadgem_NDC_Tax_uct,2100,Africa_Western,water_td_irr_SenegalR_W,1.048203e-05,0.5340786000000001,0.710475396,0.7668072271399998,0.00422716,0.75577588,0.003335816,0.001559219,0.0022856878,0.0019091521399999,2,2,2,2,2,4,3,4,2,5,3,5,0
ssp_ag4_soc3_gwmed_exp_ipsl_NDC_Tax_ffict,2100,Africa_Western,water_td_irr_SenegalR_W,1.2891689999999998e-05,0.6105619999999999,0.6344385,0.677381275,0.00407752,0.667027,0.00334617,0.001346012,0.002054041,0.001584573,2,2,3,1,2,4,3,4,2,5,3,7,0
ssp_ag4_soc3_gwmed_exp_ipsl_NDC_Tax_uct,2100,Africa_Western,water_td_irr_SenegalR_W,1.0471680000000002e-05,0.5389074,0.7166235409999999,0.7728474507999997,0.00426523,0.76170499,0.0033818159999999,0.0015720449999999,0.0023019574,0.0019233698,2,2,3,2,2,4,3,4,2,5,3,5,0
ssp_ag4_soc3_gwmed_exp_miroc_NDC_Tax_ffict,2100,Africa_Western,water_td_irr_SenegalR_W,1.2482360000000003e-05,0.585901,0.611847,0.6548027619999999,0.00391187,0.644853,0.00321038,0.001297212,0.001978573,0.0015302999999999,2,2,4,1,2,4,3,4,2,5,3,7,0
ssp_ag4_soc3_gwmed_exp_miroc_NDC_Tax_uct,2100,Africa_Western,water_td_irr_SenegalR_W,1.052509e-05,0.5347712,0.709374317,0.7687974315999998,0.004215074,0.7577956299999999,0.0033251999999999,0.001555325,0.0022827055,0.0019062026,2,2,4,2,2,4,3,4,2,5,3,5,0
ssp_ag4_soc3_gwmed_exp_noresm_NDC_Tax_ffict,2100,Africa_Western,water_td_irr_SenegalR_W,1.236705e-05,0.586155,0.6172486,0.6581444890000001,0.00393857,0.648139,0.00322113,0.001302105,0.001989864,0.001543684,2,2,5,1,2,4,3,4,2,5,3,7,0
ssp_ag4_soc3_gwmed_exp_noresm_NDC_Tax_uct,2100,Africa_Western,water_td_irr_SenegalR_W,1.047198e-05,0.5336689,0.711042796,0.7675760771100001,0.004225059,0.75655108,0.003332571,0.001556941,0.0022864111,0.00191042611,2,2,5,2,2,4,3,4,2,5,3,5,0
ssp_ag4_soc3_gwmed_rs_gfdl_NDC_Tax_ffict,2100,Africa_Western,water_td_irr_SenegalR_W,1.283688e-05,0.604934,0.6287613999999999,0.672867315,0.00402117,0.662652,0.00329379,0.0013281089999999,0.002024648,0.001572246,2,1,1,1,2,4,3,4,2,5,3,7,0
ssp_ag4_soc3_gwmed_rs_gfdl_NDC_Tax_uct,2100,Africa_Western,water_td_irr_SenegalR_W,1.057367e-05,0.5397871999999999,0.713131183,0.77365952114,0.004240588,0.76259213,0.003348159,0.00156316,0.0022929501,0.00191548414,2,1,1,2,2,4,3,4,2,5,3,5,0
ssp_ag4_soc3_gwmed_rs_hadgem_NDC_Tax_ffict,2100,Africa_Western,water_td_irr_SenegalR_W,1.278805e-05,0.599205,0.6180445999999999,0.662300677,0.00397197,0.652205,0.00326666,0.001313752,0.001999209,0.001543295,2,1,2,1,2,4,3,4,2,5,3,7,0
ssp_ag4_soc3_gwmed_rs_hadgem_NDC_Tax_uct,2100,Africa_Western,water_td_irr_SenegalR_W,1.05431e-05,0.5376272,0.710731798,0.77107336582,0.004228907,0.76003396,0.003341537,0.001559674,0.0022862667,0.00190928782,2,1,2,2,2,4,3,4,2,5,3,5,0
ssp_ag4_soc3_gwmed_rs_ipsl_NDC_Tax_ffict,2100,Africa_Western,water_td_irr_SenegalR_W,1.298177e-05,0.614757,0.6344854999999999,0.6794337559999999,0.00407728,0.669076,0.00335089,0.001345273,0.002052727,0.001584313,2,1,3,1,2,4,3,4,2,5,3,7,0
ssp_ag4_soc3_gwmed_rs_ipsl_NDC_Tax_uct,2100,Africa_Western,water_td_irr_SenegalR_W,1.0566869999999998e-05,0.539818,0.7140944499999999,0.77398168187,0.004246905,0.76289712,0.00335375,0.001565857,0.0022966255,0.00191804987,2,1,3,2,2,4,3,4,2,5,3,5,0
ssp_ag4_soc3_gwmed_rs_miroc_NDC_Tax_uct,2100,Africa_Western,water_td_irr_SenegalR_W,1.063335e-05,0.5381524000000001,0.709710675,0.7721122024099999,0.004221618,0.76109108,0.003336214,0.001556201,0.0022832529,0.00190708941,2,1,4,2,2,4,3,4,2,5,3,5,0
ssp_ag4_soc3_gwmed_rs_noresm_NDC_Tax_ffict,2100,Africa_Western,water_td_irr_SenegalR_W,1.2418580000000004e-05,0.587971,0.6173885,0.6598824079999996,0.0039384799999999,0.649878,0.0032205999999999,0.0013013789999999,0.001989995,0.001543949,2,1,5,1,2,4,3,4,2,5,3,7,0
ssp_ag4_soc3_gwmed_rs_noresm_NDC_Tax_uct,2100,Africa_Western,water_td_irr_SenegalR_W,1.044447e-05,0.5314593000000001,0.709503378,0.7669068798599998,0.004209983,0.75592115,0.003319593,0.0015511429999999,0.0022791236,0.00190501086,2,1,5,2,2,4,3,4,2,5,3,5,0
ssp_ag4_soc4_gwhi_exp_gfdl_NDC_Tax_ffict,2100,Africa_Western,water_td_irr_SenegalR_W,7.959619999999999e-06,0.376918,0.5848,0.5720064489999999,0.00344609,0.5632889999999999,0.00268735,0.001183054,0.001840675,0.001400955,3,2,1,1,2,4,4,0,5,2,3,5,0
ssp_ag4_soc4_gwhi_exp_gfdl_NDC_Tax_uct,2100,Africa_Western,water_td_irr_SenegalR_W,5.78449e-06,0.3092717,0.66445296,0.6663710271599997,0.00353329,0.65716863,0.0025544929999999,0.0013338229999999,0.0020848087,0.00178079116,3,2,1,2,2,4,4,6,2,5,3,5,0
ssp_ag4_soc4_gwhi_exp_hadgem_NDC_Tax_ffict,2100,Africa_Western,water_td_irr_SenegalR_W,7.87251e-06,0.369872,0.572098,0.5601934999999999,0.00337833,0.5516369999999999,0.00264641,0.001163559,0.001810259,0.001368201,3,2,2,1,2,4,4,0,5,2,3,5,0
ssp_ag4_soc4_gwhi_exp_hadgem_NDC_Tax_uct,2100,Africa_Western,water_td_irr_SenegalR_W,5.76005e-06,0.3072109,0.6612945299999999,0.6632986520199998,0.003515935,0.6541369499999999,0.002543945,0.001328822,0.0020767653,0.0017730000199999,3,2,2,2,2,4,4,6,2,5,3,5,0
ssp_ag4_soc4_gwhi_exp_ipsl_NDC_Tax_ffict,2100,Africa_Western,water_td_irr_SenegalR_W,7.99776e-06,0.375977,0.582861,0.5693987469999999,0.00345562,0.5606359999999999,0.00272358,0.001189266,0.001843165,0.001394281,3,2,3,1,2,4,4,0,5,2,3,5,0
ssp_ag4_soc4_gwhi_exp_ipsl_NDC_Tax_uct,2100,Africa_Western,water_td_irr_SenegalR_W,5.72905e-06,0.3075591,0.65954874,0.6618772507399999,0.003517984,0.65270958,0.002549288,0.001330123,0.0020735527,0.0017702757399999,3,2,3,2,2,4,4,6,2,5,3,5,0
ssp_ag4_soc4_gwhi_exp_miroc_NDC_Tax_ffict,2100,Africa_Western,water_td_irr_SenegalR_W,7.70224e-06,0.363493,0.562118,0.5508429009999999,0.00330667,0.54245,0.00259139,0.001143406,0.001778238,0.001351435,3,2,4,1,2,4,4,0,5,2,3,5,0
ssp_ag4_soc4_gwhi_exp_miroc_NDC_Tax_uct,2100,Africa_Western,water_td_irr_SenegalR_W,5.74509e-06,0.306981,0.6610560999999999,0.66328114198,0.003509863,0.6541348300000001,0.002537633,0.001326669,0.0020754677,0.00177214698,3,2,4,2,2,4,4,6,2,5,3,5,0
ssp_ag4_soc4_gwhi_exp_noresm_NDC_Tax_ffict,2100,Africa_Western,water_td_irr_SenegalR_W,7.74915e-06,0.366981,0.569441,0.5575772349999999,0.00335561,0.549079,0.00262005,0.001155456,0.001796557,0.001367119,3,2,5,1,2,4,4,0,5,2,3,5,0
ssp_ag4_soc4_gwhi_exp_noresm_NDC_Tax_uct,2100,Africa_Western,water_td_irr_SenegalR_W,5.71539e-06,0.3070982,0.66250745,0.6642336089499999,0.003518717,0.65506728,0.002542933,0.001328923,0.0020786695,0.00177575595,3,2,5,2,2,4,4,6,2,5,3,5,0
ssp_ag4_soc4_gwhi_rs_gfdl_NDC_Tax_ffict,2100,Africa_Western,water_td_irr_SenegalR_W,8.43673e-06,0.391246,0.5563640000000001,0.5593813589999999,0.00346439,0.55061,0.00277145,0.001186195,0.001788708,0.0013493239999999,3,1,1,1,2,4,4,0,5,2,3,5,0
ssp_ag4_soc4_gwhi_rs_gfdl_NDC_Tax_uct,2100,Africa_Western,water_td_irr_SenegalR_W,5.79271e-06,0.310028,0.66468641,0.6669730209799999,0.0035330509999999,0.65777047,0.002555118,0.001333571,0.0020845616,0.00178081098,3,1,1,2,2,4,4,6,2,5,3,5,0
ssp_ag4_soc4_gwhi_rs_hadgem_NDC_Tax_ffict,2100,Africa_Western,water_td_irr_SenegalR_W,7.89612e-06,0.371123,0.569842,0.558391827,0.00337105,0.549851,0.00264198,0.001160976,0.001803312,0.001366821,3,1,2,1,2,4,4,0,5,2,3,5,0
ssp_ag4_soc4_gwhi_rs_hadgem_NDC_Tax_uct,2100,Africa_Western,water_td_irr_SenegalR_W,5.7112e-06,0.3047448,0.6575223600000001,0.65956723707,0.003491868,0.65047634,0.002515985,0.001320692,0.0020641901,0.00176235207,3,1,2,2,2,4,4,6,2,5,3,5,0
ssp_ag4_soc4_gwhi_rs_ipsl_NDC_Tax_ffict,2100,Africa_Western,water_td_irr_SenegalR_W,8.02711e-06,0.384168,0.590716,0.578221236,0.00348941,0.569395,0.0027287,0.001196259,0.001868245,0.001411867,3,1,3,1,2,4,4,0,5,2,3,5,0
ssp_ag4_soc4_gwhi_rs_ipsl_NDC_Tax_uct,2100,Africa_Western,water_td_irr_SenegalR_W,5.7504e-06,0.309537,0.66486443,0.6667982699899998,0.003532853,0.65759418,0.002556418,0.00133336,0.0020864357,0.0017814589899999,3,1,3,2,2,4,4,6,2,5,3,5,0
ssp_ag4_soc4_gwhi_rs_miroc_NDC_Tax_ffict,2100,Africa_Western,water_td_irr_SenegalR_W,7.763489999999999e-06,0.36384,0.561435,0.5514507850000001,0.00331497,0.5430560000000001,0.00258706,0.001144079,0.001779868,0.001348676,3,1,4,1,2,4,4,0,5,2,3,5,0
ssp_ag4_soc4_gwhi_rs_miroc_NDC_Tax_uct,2100,Africa_Western,water_td_irr_SenegalR_W,5.76973e-06,0.3081223,0.65900747,0.66210444963,0.003506282,0.65296458,0.002542842,0.001323932,0.0020708094,0.00176681363,3,1,4,2,2,4,4,6,2,5,3,5,0
ssp_ag4_soc4_gwhi_rs_noresm_NDC_Tax_ffict,2100,Africa_Western,water_td_irr_SenegalR_W,7.64264e-06,0.364262,0.561742,0.551660591,0.00332358,0.54324,0.00260428,0.00114548,0.001774517,0.001347251,3,1,5,1,2,4,4,0,5,2,3,5,0
ssp_ag4_soc4_gwhi_rs_noresm_NDC_Tax_uct,2100,Africa_Western,water_td_irr_SenegalR_W,5.818340000000001e-06,0.3090236,0.64421704,0.6502219979499999,0.003475873,0.64116333,0.002537472,0.0013150879999999,0.0020282028,0.00173023495,3,1,5,2,2,4,4,6,2,5,3,5,0
ssp_ag4_soc4_gwlo_exp_gfdl_NDC_Tax_ffict,2100,Africa_Western,water_td_irr_SenegalR_W,7.983430000000001e-06,0.376972,0.5846100000000001,0.572231585,0.00344469,0.563517,0.0026863,0.00118279,0.001839022,0.001400805,1,2,1,1,2,4,4,0,5,2,3,5,0
ssp_ag4_soc4_gwlo_exp_gfdl_NDC_Tax_uct,2100,Africa_Western,water_td_irr_SenegalR_W,5.804470000000001e-06,0.309325,0.66444803,0.6669620896,0.003531936,0.65776087,0.00255478,0.0013336079999999,0.0020833391,0.0017808956,1,2,1,2,2,4,4,6,2,5,3,5,0
ssp_ag4_soc4_gwlo_exp_hadgem_NDC_Tax_ffict,2100,Africa_Western,water_td_irr_SenegalR_W,7.89806e-06,0.370692,0.572191,0.5604198410000001,0.00337973,0.551862,0.00264618,0.001164104,0.001810527,0.001367827,1,2,2,1,2,4,4,0,5,2,3,5,0
ssp_ag4_soc4_gwlo_exp_hadgem_NDC_Tax_uct,2100,Africa_Western,water_td_irr_SenegalR_W,5.773150000000001e-06,0.3071855,0.66052114,0.6632198491299999,0.003513644,0.65406278,0.002543335,0.001328092,0.0020737102,0.00177199813,1,2,2,2,2,4,4,6,2,5,3,5,0
ssp_ag4_soc4_gwlo_exp_ipsl_NDC_Tax_ffict,2100,Africa_Western,water_td_irr_SenegalR_W,8.019989999999999e-06,0.382281,0.590649,0.5776115890000001,0.00348906,0.568787,0.00272694,0.001196768,0.001867841,0.001411821,1,2,3,1,2,4,4,0,5,2,3,5,0
ssp_ag4_soc4_gwlo_exp_ipsl_NDC_Tax_uct,2100,Africa_Western,water_td_irr_SenegalR_W,5.75185e-06,0.3085167,0.66471814,0.66632695431,0.00353215,0.65713124,0.002550006,0.001332381,0.0020874681,0.00178117731,1,2,3,2,2,4,4,6,2,5,3,5,0
ssp_ag4_soc4_gwlo_exp_miroc_NDC_Tax_ffict,2100,Africa_Western,water_td_irr_SenegalR_W,7.741660000000001e-06,0.364091,0.5660160000000001,0.555238068,0.0033196,0.546821,0.00259584,0.001146028,0.001788842,0.0013556,1,2,4,1,2,4,4,0,5,2,3,5,0
ssp_ag4_soc4_gwlo_exp_miroc_NDC_Tax_uct,2100,Africa_Western,water_td_irr_SenegalR_W,5.78131e-06,0.3074699999999999,0.6610425700000001,0.6645137404899999,0.003511036,0.65536431,0.002539042,0.0013271,0.0020755596,0.0017722524899999,1,2,4,2,2,4,4,6,2,5,3,5,0
ssp_ag4_soc4_gwlo_exp_noresm_NDC_Tax_ffict,2100,Africa_Western,water_td_irr_SenegalR_W,7.72563e-06,0.3665719999999999,0.571588,0.5594599849999999,0.00336045,0.550952,0.00262175,0.001156138,0.001801542,0.001369647,1,2,5,1,2,4,4,0,5,2,3,5,0
ssp_ag4_soc4_gwlo_exp_noresm_NDC_Tax_uct,2100,Africa_Western,water_td_irr_SenegalR_W,5.49472e-06,0.2992406,0.65438554,0.6530640773899998,0.003431788,0.64409069,0.002478032,0.001308613,0.0020474048,0.00175495439,1,2,5,2,2,4,4,6,2,5,3,5,0
ssp_ag4_soc4_gwlo_rs_gfdl_NDC_Tax_ffict,2100,Africa_Western,water_td_irr_SenegalR_W,8.03549e-06,0.3790969999999999,0.5844600000000001,0.574050759,0.00344302,0.565339,0.00268549,0.001182725,0.001837305,0.001400524,1,1,1,1,2,4,4,0,5,2,3,5,0
ssp_ag4_soc4_gwlo_rs_gfdl_NDC_Tax_uct,2100,Africa_Western,water_td_irr_SenegalR_W,5.835799999999998e-06,0.310635,0.66461694,0.66862258343,0.003533889,0.65941762,0.002556157,0.001334021,0.0020839484,0.00178089643,1,1,1,2,2,4,4,6,2,5,3,5,0
ssp_ag4_soc4_gwlo_rs_hadgem_NDC_Tax_ffict,2100,Africa_Western,water_td_irr_SenegalR_W,7.92279e-06,0.37258,0.572066,0.5619035979999999,0.00337839,0.553348,0.00264586,0.001163673,0.0018083379999999,0.001367675,1,1,2,1,2,4,4,0,5,2,3,5,0
ssp_ag4_soc4_gwlo_rs_hadgem_NDC_Tax_uct,2100,Africa_Western,water_td_irr_SenegalR_W,5.78721e-06,0.3085263,0.66137506,0.66516317391,0.003515319,0.6560024999999999,0.002544111,0.001328524,0.0020759085999999,0.00177271991,1,1,2,2,2,4,4,6,2,5,3,5,0
ssp_ag4_soc4_gwlo_rs_ipsl_NDC_Tax_ffict,2100,Africa_Western,water_td_irr_SenegalR_W,8.09358e-06,0.389408,0.5695680000000001,0.5609271529999998,0.00347752,0.5521689999999999,0.0027206999999999,0.00118632,0.001825591,0.001373613,1,1,3,1,2,4,4,0,5,2,3,5,0
ssp_ag4_soc4_gwlo_rs_ipsl_NDC_Tax_uct,2100,Africa_Western,water_td_irr_SenegalR_W,5.807100000000001e-06,0.3100910999999999,0.66472651,0.66814703091,0.003533773,0.65894012,0.002557612,0.00133417,0.0020861888,0.00178135591,1,1,3,2,2,4,4,6,2,5,3,5,0
ssp_ag4_soc4_gwlo_rs_miroc_NDC_Tax_ffict,2100,Africa_Western,water_td_irr_SenegalR_W,7.933510000000002e-06,0.370199,0.566632,0.5585332239999999,0.00334222,0.5500499999999999,0.00262144,0.001155949,0.001791452,0.001363615,1,1,4,1,2,4,4,0,5,2,3,5,0
ssp_ag4_soc4_gwlo_rs_miroc_NDC_Tax_uct,2100,Africa_Western,water_td_irr_SenegalR_W,5.82106e-06,0.3085981,0.66120192,0.66598100173,0.00351185,0.6568283500000001,0.0025414229999999,0.001327179,0.0020747128,0.00177219973,1,1,4,2,2,4,4,6,2,5,3,5,0
ssp_ag4_soc4_gwlo_rs_noresm_NDC_Tax_ffict,2100,Africa_Western,water_td_irr_SenegalR_W,7.762770000000001e-06,0.367314,0.5718380000000001,0.560738,0.00336043,0.552232,0.00261957,0.001156326,0.001799745,0.001369674,1,1,5,1,2,4,4,0,5,2,3,5,0
ssp_ag4_soc4_gwlo_rs_noresm_NDC_Tax_uct,2100,Africa_Western,water_td_irr_SenegalR_W,5.894870000000001e-06,0.3105669,0.6631736100000001,0.66988631649,0.003546385,0.66062612,0.002580065,0.001342123,0.0020793185,0.0017916234899999,1,1,5,2,2,4,4,6,2,5,3,5,0
ssp_ag4_soc4_gwmed_exp_gfdl_NDC_Tax_ffict,2100,Africa_Western,water_td_irr_SenegalR_W,7.960369999999999e-06,0.376954,0.5849,0.5720536370000001,0.00344659,0.5633360000000001,0.00268707,0.001183128,0.001840738,0.001400849,2,2,1,1,2,4,4,0,5,2,3,5,0
ssp_ag4_soc4_gwmed_exp_gfdl_NDC_Tax_uct,2100,Africa_Western,water_td_irr_SenegalR_W,5.78834e-06,0.3095060999999999,0.6642494099999999,0.66630642556,0.003533177,0.65710342,0.002555814,0.00133372,0.0020841356,0.00178029456,2,2,1,2,2,4,4,6,2,5,3,5,0
ssp_ag4_soc4_gwmed_exp_hadgem_NDC_Tax_ffict,2100,Africa_Western,water_td_irr_SenegalR_W,7.887710000000001e-06,0.370174,0.572071,0.560184816,0.00337925,0.551628,0.00264587,0.00116369,0.001811364,0.001368006,2,2,2,1,2,4,4,0,5,2,3,5,0
ssp_ag4_soc4_gwmed_exp_hadgem_NDC_Tax_uct,2100,Africa_Western,water_td_irr_SenegalR_W,5.748279999999998e-06,0.306625,0.6611025300000001,0.6629066458599999,0.003514982,0.65375085,0.002540671,0.0013274489999999,0.002075882,0.00177269386,2,2,2,2,2,4,4,6,2,5,3,5,0
ssp_ag4_soc4_gwmed_exp_ipsl_NDC_Tax_ffict,2100,Africa_Western,water_td_irr_SenegalR_W,7.99376e-06,0.3822910000000001,0.5906939999999999,0.5775241399999999,0.00348987,0.5686979999999999,0.00272758,0.001196757,0.001868986,0.001411933,2,2,3,1,2,4,4,0,5,2,3,5,0
ssp_ag4_soc4_gwmed_exp_ipsl_NDC_Tax_uct,2100,Africa_Western,water_td_irr_SenegalR_W,5.7864e-06,0.3071997,0.63713285,0.6429759420899999,0.003452045,0.6339756999999999,0.002531559,0.001304693,0.002011836,0.00171194509,2,2,3,2,2,4,4,6,2,5,3,5,0
ssp_ag4_soc4_gwmed_exp_miroc_NDC_Tax_ffict,2100,Africa_Western,water_td_irr_SenegalR_W,7.69723e-06,0.363721,0.566032,0.554032557,0.00331843,0.545619,0.00259338,0.001146131,0.001788532,0.001355616,2,2,4,1,2,4,4,0,5,2,3,5,0
ssp_ag4_soc4_gwmed_exp_miroc_NDC_Tax_uct,2100,Africa_Western,water_td_irr_SenegalR_W,5.74753e-06,0.3070513,0.6610539400000001,0.66356702842,0.003510031,0.65442029,0.002537772,0.0013267589999999,0.0020755514,0.00177217642,2,2,4,2,2,4,4,6,2,5,3,5,0
ssp_ag4_soc4_gwmed_exp_noresm_NDC_Tax_ffict,2100,Africa_Western,water_td_irr_SenegalR_W,7.67615e-06,0.366093,0.572028,0.5593047739999999,0.00336,0.5508,0.00261879,0.001156309,0.001802674,0.001369675,2,2,5,1,2,4,4,0,5,2,3,5,0
ssp_ag4_soc4_gwmed_exp_noresm_NDC_Tax_uct,2100,Africa_Western,water_td_irr_SenegalR_W,5.71761e-06,0.3071052999999999,0.66254459,0.6642873703999997,0.0035183709999999,0.65512116,0.002543042,0.001328951,0.0020784268,0.0017758464,2,2,5,2,2,4,4,6,2,5,3,5,0
ssp_ag4_soc4_gwmed_rs_gfdl_NDC_Tax_ffict,2100,Africa_Western,water_td_irr_SenegalR_W,7.90054e-06,0.380412,0.585966,0.5739742069999997,0.00345612,0.565228,0.00269952,0.001186304,0.001842737,0.0014042629999999,2,1,1,1,2,4,4,0,5,2,3,5,0
ssp_ag4_soc4_gwmed_rs_gfdl_NDC_Tax_uct,2100,Africa_Western,water_td_irr_SenegalR_W,5.7945e-06,0.3100853,0.66467467,0.6673526405699999,0.003532777,0.6581503799999999,0.0025550729999999,0.001333589,0.0020842878,0.00178082157,2,1,1,2,2,4,4,6,2,5,3,5,0
ssp_ag4_soc4_gwmed_rs_hadgem_NDC_Tax_ffict,2100,Africa_Western,water_td_irr_SenegalR_W,7.904630000000001e-06,0.371784,0.571966,0.560323248,0.00337684,0.55177,0.00264553,0.001163131,0.001808849,0.001367747,2,1,2,1,2,4,4,0,5,2,3,5,0
ssp_ag4_soc4_gwmed_rs_hadgem_NDC_Tax_uct,2100,Africa_Western,water_td_irr_SenegalR_W,5.768309999999999e-06,0.3081375999999999,0.66152721,0.6641528796399999,0.003515919,0.65499108,0.002544286,0.001328656,0.0020767491,0.0017729386399999,2,1,2,2,2,4,4,6,2,5,3,5,0
ssp_ag4_soc4_gwmed_rs_ipsl_NDC_Tax_ffict,2100,Africa_Western,water_td_irr_SenegalR_W,7.422969999999999e-06,0.361081,0.57282,0.5542289289999999,0.00331553,0.545724,0.00266245,0.001158311,0.001813604,0.001368638,2,1,3,1,2,4,4,0,5,2,3,5,0
ssp_ag4_soc4_gwmed_rs_ipsl_NDC_Tax_uct,2100,Africa_Western,water_td_irr_SenegalR_W,5.77805e-06,0.3067478,0.63693717,0.64291344089,0.003440979,0.6339279000000001,0.002528338,0.00130297,0.0020073949,0.00171325389,2,1,3,2,2,4,4,6,2,5,3,5,0
ssp_ag4_soc4_gwmed_rs_miroc_NDC_Tax_ffict,2100,Africa_Western,water_td_irr_SenegalR_W,7.77375e-06,0.36516,0.547567,0.5417669679999999,0.00327922,0.5334399999999999,0.00259393,0.001136502,0.001741868,0.001317316,2,1,4,1,2,4,4,0,5,2,3,5,0
ssp_ag4_soc4_gwmed_rs_miroc_NDC_Tax_uct,2100,Africa_Western,water_td_irr_SenegalR_W,5.765450000000002e-06,0.3078603,0.66122681,0.6645562660399998,0.003510479,0.65540771,0.00253938,0.001326602,0.0020748111,0.0017720950399999,2,1,4,2,2,4,4,6,2,5,3,5,0
ssp_ag4_soc4_gwmed_rs_noresm_NDC_Tax_ffict,2100,Africa_Western,water_td_irr_SenegalR_W,7.64947e-06,0.369384,0.570191,0.559741669,0.00337102,0.551207,0.00263345,0.001162661,0.001801902,0.001367538,2,1,5,1,2,4,4,0,5,2,3,5,0
ssp_ag4_soc4_gwmed_rs_noresm_NDC_Tax_uct,2100,Africa_Western,water_td_irr_SenegalR_W,5.710469999999999e-06,0.3044044,0.64983725,0.65349509756,0.003471929,0.64444729,0.002516609,0.001315069,0.0020405371,0.00174420056,2,1,5,2,2,4,4,6,2,5,3,5,0
ssp_socio4_ag3_gwhi_exp_gfdl_NDC_Tax_ffict,2100,Africa_Western,water_td_irr_SenegalR_W,1.007398e-05,0.4536229999999999,0.576426,0.6238142219999999,0.00421387,0.6126429999999999,0.00402916,0.001538196,0.001916297,0.001389996,3,2,1,1,1,3,4,4,5,5,3,5,0
ssp_socio4_ag3_gwhi_exp_gfdl_NDC_Tax_uct,2100,Africa_Western,water_td_irr_SenegalR_W,7.2245200000000014e-06,0.3640125,0.64105699,0.6829924395399999,0.00395448,0.6723242100000001,0.003465771,0.0015481579999999,0.0020413809,0.00169982054,3,2,1,2,1,3,4,0,2,5,3,5,0
ssp_socio4_ag3_gwhi_exp_hadgem_NDC_Tax_ffict,2100,Africa_Western,water_td_irr_SenegalR_W,1.000492e-05,0.4468569999999999,0.567063,0.6143508609999999,0.00415103,0.6033270000000001,0.00398712,0.001520928,0.001895115,0.0013647829999999,3,2,2,1,1,3,4,4,5,5,3,5,0
ssp_socio4_ag3_gwhi_exp_hadgem_NDC_Tax_uct,2100,Africa_Western,water_td_irr_SenegalR_W,7.1175e-06,0.3631767,0.66803561,0.7044181608599999,0.004026922,0.69360671,0.003448691,0.001570212,0.0021172996,0.00176562586,3,2,2,2,1,3,4,0,2,5,3,5,0
ssp_socio4_ag3_gwhi_exp_ipsl_NDC_Tax_ffict,2100,Africa_Western,water_td_irr_SenegalR_W,1.010426e-05,0.4604069999999999,0.5845009999999999,0.6322720619999999,0.00427946,0.620924,0.00409801,0.0015643529999999,0.001953026,0.0014062389999999,3,2,3,1,1,3,4,4,5,5,3,5,0
ssp_socio4_ag3_gwhi_exp_ipsl_NDC_Tax_uct,2100,Africa_Western,water_td_irr_SenegalR_W,7.10145e-06,0.3655669,0.67114201,0.7085058154899999,0.0040586929999999,0.6976274,0.003466949,0.001578709,0.0021293157,0.00177406449,3,2,3,2,1,3,4,0,2,5,3,5,0
ssp_socio4_ag3_gwhi_exp_miroc_NDC_Tax_ffict,2100,Africa_Western,water_td_irr_SenegalR_W,9.76285e-06,0.438988,0.561184,0.6069116399999999,0.00407149,0.596089,0.00390314,0.001495725,0.001871226,0.001352285,3,2,4,1,1,3,4,4,5,5,3,5,0
ssp_socio4_ag3_gwhi_exp_miroc_NDC_Tax_uct,2100,Africa_Western,water_td_irr_SenegalR_W,7.03454e-06,0.3597317,0.66365512,0.6997177489699999,0.003986863,0.68900672,0.003412316,0.001557837,0.0021008842,0.00175401297,3,2,4,2,1,3,4,0,2,5,3,5,0
ssp_socio4_ag3_gwhi_exp_noresm_NDC_Tax_ffict,2100,Africa_Western,water_td_irr_SenegalR_W,9.83057e-06,0.437654,0.544068,0.5944225709999998,0.0040556,0.583639,0.00392531,0.0014857929999999,0.001828144,0.001316868,3,2,5,1,1,3,4,4,5,5,3,5,0
ssp_socio4_ag3_gwhi_exp_noresm_NDC_Tax_uct,2100,Africa_Western,water_td_irr_SenegalR_W,6.92892e-06,0.368891,0.66667807,0.70504445438,0.004007954,0.6942771600000001,0.0034169,0.001574592,0.0021233338,0.00176784838,3,2,5,2,1,3,4,0,2,5,3,5,0
ssp_socio4_ag3_gwhi_rs_gfdl_NDC_Tax_ffict,2100,Africa_Western,water_td_irr_SenegalR_W,1.011721e-05,0.451125,0.5558390000000001,0.6072497,0.0041236,0.596246,0.00402092,0.001515812,0.001859766,0.001343368,3,1,1,1,1,3,4,4,5,5,3,5,0
ssp_socio4_ag3_gwhi_rs_gfdl_NDC_Tax_uct,2100,Africa_Western,water_td_irr_SenegalR_W,7.153170000000002e-06,0.3664883,0.6717030700000001,0.7085597981000001,0.00404696,0.69769935,0.003463255,0.001575341,0.0021256978,0.0017748921,3,1,1,2,1,3,4,0,2,5,3,5,0
ssp_socio4_ag3_gwhi_rs_hadgem_NDC_Tax_ffict,2100,Africa_Western,water_td_irr_SenegalR_W,1.002508e-05,0.4487990000000001,0.56725,0.614822866,0.00414775,0.6037980000000001,0.00399086,0.0015215239999999,0.001889592,0.001364732,3,1,2,1,1,3,4,4,5,5,3,5,0
ssp_socio4_ag3_gwhi_rs_hadgem_NDC_Tax_uct,2100,Africa_Western,water_td_irr_SenegalR_W,7.124099999999999e-06,0.3640266,0.6682294,0.7050314058599997,0.0040260869999999,0.69422127,0.003448809,0.0015696739999999,0.0021167658,0.00176556586,3,1,2,2,1,3,4,0,2,5,3,5,0
ssp_socio4_ag3_gwhi_rs_ipsl_NDC_Tax_ffict,2100,Africa_Western,water_td_irr_SenegalR_W,1.015208e-05,0.4626,0.584581,0.632883479,0.00427767,0.6215350000000001,0.0041005,0.0015643089999999,0.001951686,0.001406,3,1,3,1,1,3,4,4,5,5,3,5,0
ssp_socio4_ag3_gwhi_rs_ipsl_NDC_Tax_uct,2100,Africa_Western,water_td_irr_SenegalR_W,7.11091e-06,0.3683164,0.6727892400000001,0.7090867869699999,0.004043711,0.6982339099999999,0.003459406,0.001577956,0.0021296598,0.00177180397,3,1,3,2,1,3,4,0,2,5,3,5,0
ssp_socio4_ag3_gwhi_rs_miroc_NDC_Tax_ffict,2100,Africa_Western,water_td_irr_SenegalR_W,9.75009e-06,0.439484,0.5623,0.6063558069999998,0.00405909,0.5955729999999999,0.0038759999999999,0.00149433,0.00187103,0.001353387,3,1,4,1,1,3,4,4,5,5,3,5,0
ssp_socio4_ag3_gwhi_rs_miroc_NDC_Tax_uct,2100,Africa_Western,water_td_irr_SenegalR_W,7.11448e-06,0.3636322999999999,0.66783826,0.7048405543299997,0.0040188229999999,0.69405346,0.0034386509999999,0.0015651679999999,0.0021149158,0.00176445233,3,1,4,2,1,3,4,0,2,5,3,5,0
ssp_socio4_ag3_gwhi_rs_noresm_NDC_Tax_ffict,2100,Africa_Western,water_td_irr_SenegalR_W,9.73874e-06,0.441779,0.565509,0.6119359129999999,0.00411594,0.601007,0.00394309,0.001507207,0.0018786629999999,0.001362676,3,1,5,1,1,3,4,4,5,5,3,5,0
ssp_socio4_ag3_gwhi_rs_noresm_NDC_Tax_uct,2100,Africa_Western,water_td_irr_SenegalR_W,7.0705900000000015e-06,0.3636317999999999,0.66789904,0.7059714510799999,0.004030291,0.69509439,0.003505657,0.001572801,0.0021191251,0.00176831208,3,1,5,2,1,3,4,0,2,5,3,5,0
ssp_socio4_ag3_gwlo_exp_gfdl_NDC_Tax_ffict,2100,Africa_Western,water_td_irr_SenegalR_W,1.012261e-05,0.4525750000000001,0.5777650000000001,0.625554554,0.00421138,0.6143850000000001,0.00402496,0.001538598,0.00191604,0.001394616,1,2,1,1,1,3,4,4,5,5,3,5,0
ssp_socio4_ag3_gwlo_exp_gfdl_NDC_Tax_uct,2100,Africa_Western,water_td_irr_SenegalR_W,7.183889999999999e-06,0.3658368,0.6708758100000001,0.7077648937900001,0.004046536,0.6969075800000001,0.003463019,0.00157505,0.002124766,0.0017727087899999,1,2,1,2,1,3,4,0,2,5,3,5,0
ssp_socio4_ag3_gwlo_exp_hadgem_NDC_Tax_ffict,2100,Africa_Western,water_td_irr_SenegalR_W,1.002912e-05,0.4474189999999999,0.566893,0.6143996839999999,0.00415028,0.603378,0.00398616,0.00152104,0.001893549,0.001364204,1,2,2,1,1,3,4,4,5,5,3,5,0
ssp_socio4_ag3_gwlo_exp_hadgem_NDC_Tax_uct,2100,Africa_Western,water_td_irr_SenegalR_W,7.140260000000001e-06,0.3633794,0.6680012000000001,0.7047238436700001,0.004027424,0.6939112700000001,0.003449412,0.001570113,0.0021171867,0.00176562467,1,2,2,2,1,3,4,0,2,5,3,5,0
ssp_socio4_ag3_gwlo_exp_ipsl_NDC_Tax_uct,2100,Africa_Western,water_td_irr_SenegalR_W,7.260719999999999e-06,0.371821,0.66745947,0.7108721637199998,0.004101874,0.69986032,0.003533634,0.001594957,0.0021260892,0.00178137872,1,2,3,2,1,3,4,0,2,5,3,5,0
ssp_socio4_ag3_gwlo_exp_miroc_NDC_Tax_ffict,2100,Africa_Western,water_td_irr_SenegalR_W,9.84719e-06,0.439479,0.560968,0.6078603140000001,0.00407344,0.5970340000000001,0.00390477,0.001495637,0.0018707589999999,0.001352467,1,2,4,1,1,3,4,4,5,5,3,5,0
ssp_socio4_ag3_gwlo_exp_miroc_NDC_Tax_uct,2100,Africa_Western,water_td_irr_SenegalR_W,7.0898900000000015e-06,0.3630556,0.66932251,0.7058148879899998,0.003991444,0.6950668299999999,0.003420089,0.001567307,0.0021198515,0.00176921799,1,2,4,2,1,3,4,0,2,5,3,5,0
ssp_socio4_ag3_gwlo_exp_noresm_NDC_Tax_ffict,2100,Africa_Western,water_td_irr_SenegalR_W,9.80347e-06,0.441658,0.566712,0.61313928,0.00411957,0.6022080000000001,0.00393604,0.0015101379999999,0.001884625,0.001365532,1,2,5,1,1,3,4,4,5,5,3,5,0
ssp_socio4_ag3_gwlo_exp_noresm_NDC_Tax_uct,2100,Africa_Western,water_td_irr_SenegalR_W,7.110599999999999e-06,0.3631354,0.66909922,0.70590608197,0.004028909,0.6950922900000001,0.003446121,0.001570594,0.0021190284,0.00176816797,1,2,5,2,1,3,4,0,2,5,3,5,0
ssp_socio4_ag3_gwlo_rs_gfdl_NDC_Tax_uct,2100,Africa_Western,water_td_irr_SenegalR_W,7.198610000000001e-06,0.3629575999999999,0.6495227699999999,0.6888882739900001,0.003955524,0.6782262200000001,0.003446736,0.001544647,0.0020611224,0.00171514699,1,1,1,2,1,3,4,0,2,5,3,5,0
ssp_socio4_ag3_gwlo_rs_hadgem_NDC_Tax_ffict,2100,Africa_Western,water_td_irr_SenegalR_W,1.018067e-05,0.454884,0.566209,0.6172726350000002,0.00418258,0.606175,0.00401678,0.001528359,0.001890581,0.001369916,1,1,2,1,1,3,4,4,5,5,3,5,0
ssp_socio4_ag3_gwlo_rs_hadgem_NDC_Tax_uct,2100,Africa_Western,water_td_irr_SenegalR_W,7.14589e-06,0.3633636,0.66563399,0.70327572299,0.004013755,0.69249782,0.003438901,0.001565721,0.0021085234,0.0017595259899999,1,1,2,2,1,3,4,0,2,5,3,5,0
ssp_socio4_ag3_gwlo_rs_ipsl_NDC_Tax_ffict,2100,Africa_Western,water_td_irr_SenegalR_W,1.0263269999999997e-05,0.462744,0.5842970000000001,0.6333582179999998,0.00427732,0.622015,0.004096,0.0015638879999999,0.001948877,0.00140601,1,1,3,1,1,3,4,4,5,5,3,5,0
ssp_socio4_ag3_gwlo_rs_ipsl_NDC_Tax_uct,2100,Africa_Western,water_td_irr_SenegalR_W,7.26749e-06,0.3666629,0.6528416800000001,0.6934333786600001,0.003979554,0.6826553900000001,0.003515419,0.001560066,0.002078865,0.00172294966,1,1,3,2,1,3,4,0,2,5,3,5,0
ssp_socio4_ag3_gwlo_rs_miroc_NDC_Tax_ffict,2100,Africa_Western,water_td_irr_SenegalR_W,9.9518e-06,0.4415229999999999,0.560972,0.609083093,0.00407198,0.59826,0.00390402,0.00149525,0.001867596,0.001351843,1,1,4,1,1,3,4,4,5,5,3,5,0
ssp_socio4_ag3_gwlo_rs_miroc_NDC_Tax_uct,2100,Africa_Western,water_td_irr_SenegalR_W,7.2232e-06,0.3648648,0.66775789,0.7070269396100001,0.004021488,0.6962295900000001,0.003444718,0.001566521,0.0021151464999999,0.00176462261,1,1,4,2,1,3,4,0,2,5,3,5,0
ssp_socio4_ag3_gwlo_rs_noresm_NDC_Tax_ffict,2100,Africa_Western,water_td_irr_SenegalR_W,1.003034e-05,0.446277,0.550092,0.6017401379999998,0.00406772,0.5909059999999999,0.00394685,0.001491056,0.0018436829999999,0.001328512,1,1,5,1,1,3,4,4,5,5,3,5,0
ssp_socio4_ag3_gwlo_rs_noresm_NDC_Tax_uct,2100,Africa_Western,water_td_irr_SenegalR_W,7.163789999999999e-06,0.3638419000000001,0.66895572,0.7066047324499999,0.004028991,0.69579017,0.003447643,0.001570191,0.0021179204,0.0017677374499999,1,1,5,2,1,3,4,0,2,5,3,5,0
ssp_socio4_ag3_gwmed_exp_gfdl_NDC_Tax_ffict,2100,Africa_Western,water_td_irr_SenegalR_W,1.006462e-05,0.453189,0.577813,0.6247755850000001,0.00421515,0.6136010000000001,0.00402641,0.001539649,0.001919028,0.001393376,2,2,1,1,1,3,4,4,5,5,3,5,0
ssp_socio4_ag3_gwmed_exp_gfdl_NDC_Tax_uct,2100,Africa_Western,water_td_irr_SenegalR_W,6.998259999999999e-06,0.3665781,0.67470975,0.7109871999399999,0.004059874,0.70010043,0.003461693,0.001581692,0.0021378942,0.0017835109399999,2,2,1,2,1,3,4,0,2,5,3,5,0
ssp_socio4_ag3_gwmed_exp_hadgem_NDC_Tax_ffict,2100,Africa_Western,water_td_irr_SenegalR_W,1.000653e-05,0.4473819999999999,0.567112,0.614407241,0.00415102,0.603383,0.00398714,0.00152141,0.00189514,0.001364671,2,2,2,1,1,3,4,4,5,5,3,5,0
ssp_socio4_ag3_gwmed_exp_hadgem_NDC_Tax_uct,2100,Africa_Western,water_td_irr_SenegalR_W,7.11797e-06,0.3631893,0.66801279,0.70448611218,0.00402671,0.6936753000000001,0.003448512,0.001569984,0.0021171777,0.00176560618,2,2,2,2,1,3,4,0,2,5,3,5,0
ssp_socio4_ag3_gwmed_exp_ipsl_NDC_Tax_ffict,2100,Africa_Western,water_td_irr_SenegalR_W,1.011688e-05,0.460212,0.582561,0.6304715569999999,0.00427072,0.6191329999999999,0.0040998999999999,0.001561251,0.001942235,0.001406686,2,2,3,1,1,3,4,4,5,5,3,5,0
ssp_socio4_ag3_gwmed_exp_ipsl_NDC_Tax_uct,2100,Africa_Western,water_td_irr_SenegalR_W,7.0835200000000014e-06,0.364854,0.67127352,0.70740804382,0.004046995,0.69655049,0.003461114,0.001575711,0.0021277838,0.0017737338199999,2,2,3,2,1,3,4,0,2,5,3,5,0
ssp_socio4_ag3_gwmed_exp_miroc_NDC_Tax_ffict,2100,Africa_Western,water_td_irr_SenegalR_W,9.76522e-06,0.438988,0.560894,0.6068389299999999,0.0040710999999999,0.596019,0.00390167,0.001495474,0.001871162,0.001351686,2,2,4,1,1,3,4,4,5,5,3,5,0
ssp_socio4_ag3_gwmed_exp_miroc_NDC_Tax_uct,2100,Africa_Western,water_td_irr_SenegalR_W,7.0249e-06,0.3581982,0.65650715,0.6933362028900001,0.003962628,0.68269578,0.00339566,0.001546781,0.0020821413,0.00173535389,2,2,4,2,1,3,4,0,2,5,3,5,0
ssp_socio4_ag3_gwmed_exp_noresm_NDC_Tax_ffict,2100,Africa_Western,water_td_irr_SenegalR_W,9.87025e-06,0.439758,0.548554,0.5983014769999998,0.00407342,0.587479,0.00393133,0.0014915389999999,0.001839323,0.0013261879999999,2,2,5,1,1,3,4,4,5,5,3,5,0
ssp_socio4_ag3_gwmed_exp_noresm_NDC_Tax_uct,2100,Africa_Western,water_td_irr_SenegalR_W,7.056860000000002e-06,0.3627106,0.66895808,0.7051877724600001,0.004027533,0.6943775,0.003444729,0.00157032,0.0021185899,0.00176769046,2,2,5,2,1,3,4,0,2,5,3,5,0
ssp_socio4_ag3_gwmed_rs_gfdl_NDC_Tax_ffict,2100,Africa_Western,water_td_irr_SenegalR_W,9.9912e-06,0.446596,0.548027,0.5992533760000001,0.00409727,0.588357,0.00397151,0.001495576,0.001846358,0.00133202,2,1,1,1,1,3,4,4,5,5,3,5,0
ssp_socio4_ag3_gwmed_rs_gfdl_NDC_Tax_uct,2100,Africa_Western,water_td_irr_SenegalR_W,7.173839999999999e-06,0.3665828,0.66528014,0.7027698270799998,0.0040212289999999,0.69196581,0.00345251,0.0015720629999999,0.0021085473,0.00175821508,2,1,1,2,1,3,4,0,2,5,3,5,0
ssp_socio4_ag3_gwmed_rs_hadgem_NDC_Tax_ffict,2100,Africa_Western,water_td_irr_SenegalR_W,9.80896e-06,0.4428220000000001,0.555984,0.604389277,0.00411887,0.593522,0.00391238,0.001500188,0.0018566829999999,0.001335839,2,1,2,1,1,3,4,4,5,5,3,5,0
ssp_socio4_ag3_gwmed_rs_hadgem_NDC_Tax_uct,2100,Africa_Western,water_td_irr_SenegalR_W,7.190700000000001e-06,0.3678387,0.67116362,0.7087508333799999,0.004029986,0.6978417499999999,0.003528183,0.001577308,0.0021274201,0.0017736063799999,2,1,2,2,1,3,4,0,2,5,3,5,0
ssp_socio4_ag3_gwmed_rs_ipsl_NDC_Tax_ffict,2100,Africa_Western,water_td_irr_SenegalR_W,1.015334e-05,0.462364,0.5845090000000001,0.6327260839999999,0.00427539,0.6213839999999999,0.00409734,0.001563485,0.001951854,0.001405869,2,1,3,1,1,3,4,4,5,5,3,5,0
ssp_socio4_ag3_gwmed_rs_ipsl_NDC_Tax_uct,2100,Africa_Western,water_td_irr_SenegalR_W,7.096430000000002e-06,0.3660955,0.67090744,0.7076016954699997,0.004046086,0.69674655,0.00346046,0.0015748429999999,0.0021259841,0.0017737564699999,2,1,3,2,1,3,4,0,2,5,3,5,0
ssp_socio4_ag3_gwmed_rs_miroc_NDC_Tax_ffict,2100,Africa_Western,water_td_irr_SenegalR_W,9.83789e-06,0.437188,0.5442130000000001,0.59382365,0.00401556,0.583125,0.00389455,0.001479342,0.001822006,0.001309198,2,1,4,1,1,3,4,4,5,2,3,5,0
ssp_socio4_ag3_gwmed_rs_miroc_NDC_Tax_uct,2100,Africa_Western,water_td_irr_SenegalR_W,7.10301e-06,0.3630561,0.66867744,0.70482837889,0.004014195,0.69405076,0.003435414,0.001563681,0.0021129765,0.00176432889,2,1,4,2,1,3,4,0,2,5,3,5,0
ssp_socio4_ag3_gwmed_rs_noresm_NDC_Tax_ffict,2100,Africa_Western,water_td_irr_SenegalR_W,9.91818e-06,0.445773,0.566368,0.6136617989999998,0.00411585,0.6027319999999999,0.00393859,0.001512177,0.0018757729999999,0.001363182,2,1,5,1,1,3,4,4,5,5,3,5,0
ssp_socio4_ag3_gwmed_rs_noresm_NDC_Tax_uct,2100,Africa_Western,water_td_irr_SenegalR_W,7.058869999999999e-06,0.3632532000000001,0.66902921,0.70588670701,0.004027915,0.69507597,0.003445344,0.001569806,0.0021181907999999,0.00176767201,2,1,5,2,1,3,4,0,2,5,3,5,0
ssp_socio4_ag4_gwhi_exp_gfdl_NDC_Tax_ffict,2100,Africa_Western,water_td_irr_SenegalR_W,7.959619999999999e-06,0.376918,0.5848,0.5720064489999999,0.00344609,0.5632889999999999,0.00268735,0.001183054,0.001840675,0.001400955,3,2,1,1,1,4,4,0,5,2,3,5,0
ssp_socio4_ag4_gwhi_exp_gfdl_NDC_Tax_uct,2100,Africa_Western,water_td_irr_SenegalR_W,5.78449e-06,0.3092717,0.66445296,0.6663710271599997,0.00353329,0.65716863,0.0025544929999999,0.0013338229999999,0.0020848087,0.00178079116,3,2,1,2,1,4,4,6,2,5,3,5,0
ssp_socio4_ag4_gwhi_exp_hadgem_NDC_Tax_ffict,2100,Africa_Western,water_td_irr_SenegalR_W,7.87251e-06,0.369872,0.572098,0.5601934999999999,0.00337833,0.5516369999999999,0.00264641,0.001163559,0.001810259,0.001368201,3,2,2,1,1,4,4,0,5,2,3,5,0
ssp_socio4_ag4_gwhi_exp_hadgem_NDC_Tax_uct,2100,Africa_Western,water_td_irr_SenegalR_W,5.76005e-06,0.3072109,0.6612945299999999,0.6632986520199998,0.003515935,0.6541369499999999,0.002543945,0.001328822,0.0020767653,0.0017730000199999,3,2,2,2,1,4,4,6,2,5,3,5,0
ssp_socio4_ag4_gwhi_exp_ipsl_NDC_Tax_ffict,2100,Africa_Western,water_td_irr_SenegalR_W,7.99776e-06,0.375977,0.582861,0.5693987469999999,0.00345562,0.5606359999999999,0.00272358,0.001189266,0.001843165,0.001394281,3,2,3,1,1,4,4,0,5,2,3,5,0
ssp_socio4_ag4_gwhi_exp_ipsl_NDC_Tax_uct,2100,Africa_Western,water_td_irr_SenegalR_W,5.72905e-06,0.3075591,0.65954874,0.6618772507399999,0.003517984,0.65270958,0.002549288,0.001330123,0.0020735527,0.0017702757399999,3,2,3,2,1,4,4,6,2,5,3,5,0
ssp_socio4_ag4_gwhi_exp_miroc_NDC_Tax_ffict,2100,Africa_Western,water_td_irr_SenegalR_W,7.70224e-06,0.363493,0.562118,0.5508429009999999,0.00330667,0.54245,0.00259139,0.001143406,0.001778238,0.001351435,3,2,4,1,1,4,4,0,5,2,3,5,0
ssp_socio4_ag4_gwhi_exp_miroc_NDC_Tax_uct,2100,Africa_Western,water_td_irr_SenegalR_W,5.74509e-06,0.306981,0.6610560999999999,0.66328114198,0.003509863,0.6541348300000001,0.002537633,0.001326669,0.0020754677,0.00177214698,3,2,4,2,1,4,4,6,2,5,3,5,0
ssp_socio4_ag4_gwhi_exp_noresm_NDC_Tax_ffict,2100,Africa_Western,water_td_irr_SenegalR_W,7.74915e-06,0.366981,0.569441,0.5575772349999999,0.00335561,0.549079,0.00262005,0.001155456,0.001796557,0.001367119,3,2,5,1,1,4,4,0,5,2,3,5,0
ssp_socio4_ag4_gwhi_exp_noresm_NDC_Tax_uct,2100,Africa_Western,water_td_irr_SenegalR_W,5.71539e-06,0.3070982,0.66250745,0.6642336089499999,0.003518717,0.65506728,0.002542933,0.001328923,0.0020786695,0.00177575595,3,2,5,2,1,4,4,6,2,5,3,5,0
ssp_socio4_ag4_gwhi_rs_gfdl_NDC_Tax_ffict,2100,Africa_Western,water_td_irr_SenegalR_W,8.43673e-06,0.391246,0.5563640000000001,0.5593813589999999,0.00346439,0.55061,0.00277145,0.001186195,0.001788708,0.0013493239999999,3,1,1,1,1,4,4,0,5,2,3,5,0
ssp_socio4_ag4_gwhi_rs_gfdl_NDC_Tax_uct,2100,Africa_Western,water_td_irr_SenegalR_W,5.79271e-06,0.310028,0.66468641,0.6669730209799999,0.0035330509999999,0.65777047,0.002555118,0.001333571,0.0020845616,0.00178081098,3,1,1,2,1,4,4,6,2,5,3,5,0
ssp_socio4_ag4_gwhi_rs_hadgem_NDC_Tax_ffict,2100,Africa_Western,water_td_irr_SenegalR_W,7.89612e-06,0.371123,0.569842,0.558391827,0.00337105,0.549851,0.00264198,0.001160976,0.001803312,0.001366821,3,1,2,1,1,4,4,0,5,2,3,5,0
ssp_socio4_ag4_gwhi_rs_hadgem_NDC_Tax_uct,2100,Africa_Western,water_td_irr_SenegalR_W,5.7112e-06,0.3047448,0.6575223600000001,0.65956723707,0.003491868,0.65047634,0.002515985,0.001320692,0.0020641901,0.00176235207,3,1,2,2,1,4,4,6,2,5,3,5,0
ssp_socio4_ag4_gwhi_rs_ipsl_NDC_Tax_ffict,2100,Africa_Western,water_td_irr_SenegalR_W,8.02711e-06,0.384168,0.590716,0.578221236,0.00348941,0.569395,0.0027287,0.001196259,0.001868245,0.001411867,3,1,3,1,1,4,4,0,5,2,3,5,0
ssp_socio4_ag4_gwhi_rs_ipsl_NDC_Tax_uct,2100,Africa_Western,water_td_irr_SenegalR_W,5.7504e-06,0.309537,0.66486443,0.6667982699899998,0.003532853,0.65759418,0.002556418,0.00133336,0.0020864357,0.0017814589899999,3,1,3,2,1,4,4,6,2,5,3,5,0
ssp_socio4_ag4_gwhi_rs_miroc_NDC_Tax_ffict,2100,Africa_Western,water_td_irr_SenegalR_W,7.763489999999999e-06,0.36384,0.561435,0.5514507850000001,0.00331497,0.5430560000000001,0.00258706,0.001144079,0.001779868,0.001348676,3,1,4,1,1,4,4,0,5,2,3,5,0
ssp_socio4_ag4_gwhi_rs_miroc_NDC_Tax_uct,2100,Africa_Western,water_td_irr_SenegalR_W,5.76973e-06,0.3081223,0.65900747,0.66210444963,0.003506282,0.65296458,0.002542842,0.001323932,0.0020708094,0.00176681363,3,1,4,2,1,4,4,6,2,5,3,5,0
ssp_socio4_ag4_gwhi_rs_noresm_NDC_Tax_ffict,2100,Africa_Western,water_td_irr_SenegalR_W,7.64264e-06,0.364262,0.561742,0.551660591,0.00332358,0.54324,0.00260428,0.00114548,0.001774517,0.001347251,3,1,5,1,1,4,4,0,5,2,3,5,0
ssp_socio4_ag4_gwhi_rs_noresm_NDC_Tax_uct,2100,Africa_Western,water_td_irr_SenegalR_W,5.818340000000001e-06,0.3090236,0.64421704,0.6502219979499999,0.003475873,0.64116333,0.002537472,0.0013150879999999,0.0020282028,0.00173023495,3,1,5,2,1,4,4,6,2,5,3,5,0
ssp_socio4_ag4_gwlo_exp_gfdl_NDC_Tax_ffict,2100,Africa_Western,water_td_irr_SenegalR_W,7.983430000000001e-06,0.376972,0.5846100000000001,0.572231585,0.00344469,0.563517,0.0026863,0.00118279,0.001839022,0.001400805,1,2,1,1,1,4,4,0,5,2,3,5,0
ssp_socio4_ag4_gwlo_exp_gfdl_NDC_Tax_uct,2100,Africa_Western,water_td_irr_SenegalR_W,5.804470000000001e-06,0.309325,0.66444803,0.6669620896,0.003531936,0.65776087,0.00255478,0.0013336079999999,0.0020833391,0.0017808956,1,2,1,2,1,4,4,6,2,5,3,5,0
ssp_socio4_ag4_gwlo_exp_hadgem_NDC_Tax_ffict,2100,Africa_Western,water_td_irr_SenegalR_W,7.89806e-06,0.370692,0.572191,0.5604198410000001,0.00337973,0.551862,0.00264618,0.001164104,0.001810527,0.001367827,1,2,2,1,1,4,4,0,5,2,3,5,0
ssp_socio4_ag4_gwlo_exp_hadgem_NDC_Tax_uct,2100,Africa_Western,water_td_irr_SenegalR_W,5.773150000000001e-06,0.3071855,0.66052114,0.6632198491299999,0.003513644,0.65406278,0.002543335,0.001328092,0.0020737102,0.00177199813,1,2,2,2,1,4,4,6,2,5,3,5,0
ssp_socio4_ag4_gwlo_exp_ipsl_NDC_Tax_ffict,2100,Africa_Western,water_td_irr_SenegalR_W,8.019989999999999e-06,0.382281,0.590649,0.5776115890000001,0.00348906,0.568787,0.00272694,0.001196768,0.001867841,0.001411821,1,2,3,1,1,4,4,0,5,2,3,5,0
ssp_socio4_ag4_gwlo_exp_ipsl_NDC_Tax_uct,2100,Africa_Western,water_td_irr_SenegalR_W,5.75185e-06,0.3085167,0.66471814,0.66632695431,0.00353215,0.65713124,0.002550006,0.001332381,0.0020874681,0.00178117731,1,2,3,2,1,4,4,6,2,5,3,5,0
ssp_socio4_ag4_gwlo_exp_miroc_NDC_Tax_ffict,2100,Africa_Western,water_td_irr_SenegalR_W,7.741660000000001e-06,0.364091,0.5660160000000001,0.555238068,0.0033196,0.546821,0.00259584,0.001146028,0.001788842,0.0013556,1,2,4,1,1,4,4,0,5,2,3,5,0
ssp_socio4_ag4_gwlo_exp_miroc_NDC_Tax_uct,2100,Africa_Western,water_td_irr_SenegalR_W,5.78131e-06,0.3074699999999999,0.6610425700000001,0.6645137404899999,0.003511036,0.65536431,0.002539042,0.0013271,0.0020755596,0.0017722524899999,1,2,4,2,1,4,4,6,2,5,3,5,0
ssp_socio4_ag4_gwlo_exp_noresm_NDC_Tax_ffict,2100,Africa_Western,water_td_irr_SenegalR_W,7.72563e-06,0.3665719999999999,0.571588,0.5594599849999999,0.00336045,0.550952,0.00262175,0.001156138,0.001801542,0.001369647,1,2,5,1,1,4,4,0,5,2,3,5,0
ssp_socio4_ag4_gwlo_exp_noresm_NDC_Tax_uct,2100,Africa_Western,water_td_irr_SenegalR_W,5.49472e-06,0.2992406,0.65438554,0.6530640773899998,0.003431788,0.64409069,0.002478032,0.001308613,0.0020474048,0.00175495439,1,2,5,2,1,4,4,6,2,5,3,5,0
ssp_socio4_ag4_gwlo_rs_gfdl_NDC_Tax_ffict,2100,Africa_Western,water_td_irr_SenegalR_W,8.03549e-06,0.3790969999999999,0.5844600000000001,0.574050759,0.00344302,0.565339,0.00268549,0.001182725,0.001837305,0.001400524,1,1,1,1,1,4,4,0,5,2,3,5,0
ssp_socio4_ag4_gwlo_rs_gfdl_NDC_Tax_uct,2100,Africa_Western,water_td_irr_SenegalR_W,5.835799999999998e-06,0.310635,0.66461694,0.66862258343,0.003533889,0.65941762,0.002556157,0.001334021,0.0020839484,0.00178089643,1,1,1,2,1,4,4,6,2,5,3,5,0
ssp_socio4_ag4_gwlo_rs_hadgem_NDC_Tax_ffict,2100,Africa_Western,water_td_irr_SenegalR_W,7.92279e-06,0.37258,0.572066,0.5619035979999999,0.00337839,0.553348,0.00264586,0.001163673,0.0018083379999999,0.001367675,1,1,2,1,1,4,4,0,5,2,3,5,0
ssp_socio4_ag4_gwlo_rs_hadgem_NDC_Tax_uct,2100,Africa_Western,water_td_irr_SenegalR_W,5.78721e-06,0.3085263,0.66137506,0.66516317391,0.003515319,0.6560024999999999,0.002544111,0.001328524,0.0020759085999999,0.00177271991,1,1,2,2,1,4,4,6,2,5,3,5,0
ssp_socio4_ag4_gwlo_rs_ipsl_NDC_Tax_ffict,2100,Africa_Western,water_td_irr_SenegalR_W,8.09358e-06,0.389408,0.5695680000000001,0.5609271529999998,0.00347752,0.5521689999999999,0.0027206999999999,0.00118632,0.001825591,0.001373613,1,1,3,1,1,4,4,0,5,2,3,5,0
ssp_socio4_ag4_gwlo_rs_ipsl_NDC_Tax_uct,2100,Africa_Western,water_td_irr_SenegalR_W,5.807100000000001e-06,0.3100910999999999,0.66472651,0.66814703091,0.003533773,0.65894012,0.002557612,0.00133417,0.0020861888,0.00178135591,1,1,3,2,1,4,4,6,2,5,3,5,0
ssp_socio4_ag4_gwlo_rs_miroc_NDC_Tax_ffict,2100,Africa_Western,water_td_irr_SenegalR_W,7.933510000000002e-06,0.370199,0.566632,0.5585332239999999,0.00334222,0.5500499999999999,0.00262144,0.001155949,0.001791452,0.001363615,1,1,4,1,1,4,4,0,5,2,3,5,0
ssp_socio4_ag4_gwlo_rs_miroc_NDC_Tax_uct,2100,Africa_Western,water_td_irr_SenegalR_W,5.82106e-06,0.3085981,0.66120192,0.66598100173,0.00351185,0.6568283500000001,0.0025414229999999,0.001327179,0.0020747128,0.00177219973,1,1,4,2,1,4,4,6,2,5,3,5,0
ssp_socio4_ag4_gwlo_rs_noresm_NDC_Tax_ffict,2100,Africa_Western,water_td_irr_SenegalR_W,7.762770000000001e-06,0.367314,0.5718380000000001,0.560738,0.00336043,0.552232,0.00261957,0.001156326,0.001799745,0.001369674,1,1,5,1,1,4,4,0,5,2,3,5,0
ssp_socio4_ag4_gwlo_rs_noresm_NDC_Tax_uct,2100,Africa_Western,water_td_irr_SenegalR_W,5.894870000000001e-06,0.3105669,0.6631736100000001,0.66988631649,0.003546385,0.66062612,0.002580065,0.001342123,0.0020793185,0.0017916234899999,1,1,5,2,1,4,4,6,2,5,3,5,0
ssp_socio4_ag4_gwmed_exp_gfdl_NDC_Tax_ffict,2100,Africa_Western,water_td_irr_SenegalR_W,7.960369999999999e-06,0.376954,0.5849,0.5720536370000001,0.00344659,0.5633360000000001,0.00268707,0.001183128,0.001840738,0.001400849,2,2,1,1,1,4,4,0,5,2,3,5,0
ssp_socio4_ag4_gwmed_exp_gfdl_NDC_Tax_uct,2100,Africa_Western,water_td_irr_SenegalR_W,5.78834e-06,0.3095060999999999,0.6642494099999999,0.66630642556,0.003533177,0.65710342,0.002555814,0.00133372,0.0020841356,0.00178029456,2,2,1,2,1,4,4,6,2,5,3,5,0
ssp_socio4_ag4_gwmed_exp_hadgem_NDC_Tax_ffict,2100,Africa_Western,water_td_irr_SenegalR_W,7.887710000000001e-06,0.370174,0.572071,0.560184816,0.00337925,0.551628,0.00264587,0.00116369,0.001811364,0.001368006,2,2,2,1,1,4,4,0,5,2,3,5,0
ssp_socio4_ag4_gwmed_exp_hadgem_NDC_Tax_uct,2100,Africa_Western,water_td_irr_SenegalR_W,5.748279999999998e-06,0.306625,0.6611025300000001,0.6629066458599999,0.003514982,0.65375085,0.002540671,0.0013274489999999,0.002075882,0.00177269386,2,2,2,2,1,4,4,6,2,5,3,5,0
ssp_socio4_ag4_gwmed_exp_ipsl_NDC_Tax_ffict,2100,Africa_Western,water_td_irr_SenegalR_W,7.99376e-06,0.3822910000000001,0.5906939999999999,0.5775241399999999,0.00348987,0.5686979999999999,0.00272758,0.001196757,0.001868986,0.001411933,2,2,3,1,1,4,4,0,5,2,3,5,0
ssp_socio4_ag4_gwmed_exp_ipsl_NDC_Tax_uct,2100,Africa_Western,water_td_irr_SenegalR_W,5.7864e-06,0.3071997,0.63713285,0.6429759420899999,0.003452045,0.6339756999999999,0.002531559,0.001304693,0.002011836,0.00171194509,2,2,3,2,1,4,4,6,2,5,3,5,0
ssp_socio4_ag4_gwmed_exp_miroc_NDC_Tax_ffict,2100,Africa_Western,water_td_irr_SenegalR_W,7.69723e-06,0.363721,0.566032,0.554032557,0.00331843,0.545619,0.00259338,0.001146131,0.001788532,0.001355616,2,2,4,1,1,4,4,0,5,2,3,5,0
ssp_socio4_ag4_gwmed_exp_miroc_NDC_Tax_uct,2100,Africa_Western,water_td_irr_SenegalR_W,5.74753e-06,0.3070513,0.6610539400000001,0.66356702842,0.003510031,0.65442029,0.002537772,0.0013267589999999,0.0020755514,0.00177217642,2,2,4,2,1,4,4,6,2,5,3,5,0
ssp_socio4_ag4_gwmed_exp_noresm_NDC_Tax_ffict,2100,Africa_Western,water_td_irr_SenegalR_W,7.67615e-06,0.366093,0.572028,0.5593047739999999,0.00336,0.5508,0.00261879,0.001156309,0.001802674,0.001369675,2,2,5,1,1,4,4,0,5,2,3,5,0
ssp_socio4_ag4_gwmed_exp_noresm_NDC_Tax_uct,2100,Africa_Western,water_td_irr_SenegalR_W,5.71761e-06,0.3071052999999999,0.66254459,0.6642873703999997,0.0035183709999999,0.65512116,0.002543042,0.001328951,0.0020784268,0.0017758464,2,2,5,2,1,4,4,6,2,5,3,5,0
ssp_socio4_ag4_gwmed_rs_gfdl_NDC_Tax_ffict,2100,Africa_Western,water_td_irr_SenegalR_W,7.90054e-06,0.380412,0.585966,0.5739742069999997,0.00345612,0.565228,0.00269952,0.001186304,0.001842737,0.0014042629999999,2,1,1,1,1,4,4,0,5,2,3,5,0
ssp_socio4_ag4_gwmed_rs_gfdl_NDC_Tax_uct,2100,Africa_Western,water_td_irr_SenegalR_W,5.7945e-06,0.3100853,0.66467467,0.6673526405699999,0.003532777,0.6581503799999999,0.0025550729999999,0.001333589,0.0020842878,0.00178082157,2,1,1,2,1,4,4,6,2,5,3,5,0
ssp_socio4_ag4_gwmed_rs_hadgem_NDC_Tax_ffict,2100,Africa_Western,water_td_irr_SenegalR_W,7.904630000000001e-06,0.371784,0.571966,0.560323248,0.00337684,0.55177,0.00264553,0.001163131,0.001808849,0.001367747,2,1,2,1,1,4,4,0,5,2,3,5,0
ssp_socio4_ag4_gwmed_rs_hadgem_NDC_Tax_uct,2100,Africa_Western,water_td_irr_SenegalR_W,5.768309999999999e-06,0.3081375999999999,0.66152721,0.6641528796399999,0.003515919,0.65499108,0.002544286,0.001328656,0.0020767491,0.0017729386399999,2,1,2,2,1,4,4,6,2,5,3,5,0
ssp_socio4_ag4_gwmed_rs_ipsl_NDC_Tax_ffict,2100,Africa_Western,water_td_irr_SenegalR_W,7.422969999999999e-06,0.361081,0.57282,0.5542289289999999,0.00331553,0.545724,0.00266245,0.001158311,0.001813604,0.001368638,2,1,3,1,1,4,4,0,5,2,3,5,0
ssp_socio4_ag4_gwmed_rs_ipsl_NDC_Tax_uct,2100,Africa_Western,water_td_irr_SenegalR_W,5.77805e-06,0.3067478,0.63693717,0.64291344089,0.003440979,0.6339279000000001,0.002528338,0.00130297,0.0020073949,0.00171325389,2,1,3,2,1,4,4,6,2,5,3,5,0
ssp_socio4_ag4_gwmed_rs_miroc_NDC_Tax_ffict,2100,Africa_Western,water_td_irr_SenegalR_W,7.77375e-06,0.36516,0.547567,0.5417669679999999,0.00327922,0.5334399999999999,0.00259393,0.001136502,0.001741868,0.001317316,2,1,4,1,1,4,4,0,5,2,3,5,0
ssp_socio4_ag4_gwmed_rs_miroc_NDC_Tax_uct,2100,Africa_Western,water_td_irr_SenegalR_W,5.765450000000002e-06,0.3078603,0.66122681,0.6645562660399998,0.003510479,0.65540771,0.00253938,0.001326602,0.0020748111,0.0017720950399999,2,1,4,2,1,4,4,6,2,5,3,5,0
ssp_socio4_ag4_gwmed_rs_noresm_NDC_Tax_ffict,2100,Africa_Western,water_td_irr_SenegalR_W,7.64947e-06,0.369384,0.570191,0.559741669,0.00337102,0.551207,0.00263345,0.001162661,0.001801902,0.001367538,2,1,5,1,1,4,4,0,5,2,3,5,0
ssp_socio4_ag4_gwmed_rs_noresm_NDC_Tax_uct,2100,Africa_Western,water_td_irr_SenegalR_W,5.710469999999999e-06,0.3044044,0.64983725,0.65349509756,0.003471929,0.64444729,0.002516609,0.001315069,0.0020405371,0.00174420056,2,1,5,2,1,4,4,6,2,5,3,5,0
