scenario,year,region,input,FiberCrop_withdrawal,Rice_withdrawal,Wheat_withdrawal,SugarCrop_withdrawal,MiscAll_withdrawals,Corn_withdrawal,MiscCrop_withdrawal,OilCrop_withdrawal,OtherGrain_withdrawal,Root_Tuber_withdrawal,gw,res,esm,tax,ssp,ag,soc,cluster_FiberCrop_withdrawal_Rice_withdrawal,cluster_FiberCrop_withdrawal_SugarCrop_withdrawal,cluster_FiberCrop_withdrawal_Wheat_withdrawal,cluster_FiberCrop_withdrawal_MiscAll_withdrawals,cluster_Rice_withdrawal_SugarCrop_withdrawal,cluster_Rice_withdrawal_Wheat_withdrawal,cluster_Rice_withdrawal_MiscAll_withdrawals,cluster_SugarCrop_withdrawal_Wheat_withdrawal,cluster_SugarCrop_withdrawal_MiscAll_withdrawals
ssp_ag4_soc3_gwhi_exp_gfdl_NDC_Tax_uct,2100,Africa_Southern,water_td_irr_ZambeziR_W,0.02224889,0.1390925,0.1127378999999999,6.871909272999999,1.9210262338399997,0.03509156,1.8024848,0.00956967,0.01330997,0.0605702338399999,3,2,1,2,2,4,3,5,6,4,5,2,1,4,4,3
ssp_ag4_soc3_gwhi_exp_hadgem_NDC_Tax_uct,2100,Africa_Southern,water_td_irr_ZambeziR_W,0.02202213,0.1378734999999999,0.1121171,6.88233447,1.9174759669700001,0.03495883,1.7992174,0.00953685,0.01325611,0.06050677697,3,2,2,2,2,4,3,5,6,4,5,2,1,4,4,3
ssp_ag4_soc3_gwhi_exp_ipsl_NDC_Tax_uct,2100,Africa_Southern,water_td_irr_ZambeziR_W,0.02134622,0.1369055,0.1115268,6.8623219220000005,1.9105838255899994,0.03479403,1.7927349999999995,0.00944305,0.01320225,0.0604094955899999,3,2,3,2,2,4,3,5,6,4,5,2,1,4,4,3
ssp_ag4_soc3_gwhi_exp_miroc_NDC_Tax_uct,2100,Africa_Southern,water_td_irr_ZambeziR_W,0.02206226,0.1381801,0.1122545,6.86814198,1.91821627563,0.03492457,1.8000729,0.00952748,0.01325251,0.06043881563,3,2,4,2,2,4,3,5,6,4,5,2,1,4,4,3
ssp_ag4_soc3_gwhi_exp_noresm_NDC_Tax_uct,2100,Africa_Southern,water_td_irr_ZambeziR_W,0.02206439,0.1386726999999999,0.1122591999999999,6.869808551999999,1.9213320455500003,0.0350677099999999,1.8028511000000005,0.00956454,0.01330057,0.06054812555,3,2,5,2,2,4,3,5,6,4,5,2,1,4,4,3
ssp_ag4_soc3_gwhi_rs_gfdl_NDC_Tax_uct,2100,Africa_Southern,water_td_irr_ZambeziR_W,0.02177583,0.1367476,0.1118926,6.874361392999999,1.91703720209,0.03477303,1.7991806,0.00940208,0.01320797,0.06047352209,3,1,1,2,2,4,3,5,6,4,5,2,1,4,4,3
ssp_ag4_soc3_gwhi_rs_hadgem_NDC_Tax_uct,2100,Africa_Southern,water_td_irr_ZambeziR_W,0.02224597,0.1389921,0.1123768,6.867807357999999,1.92177735238,0.03502551,1.8034033,0.00955658,0.01327544,0.06051652238,3,1,2,2,2,4,3,5,6,4,5,2,1,4,4,3
ssp_ag4_soc3_gwhi_rs_ipsl_NDC_Tax_uct,2100,Africa_Southern,water_td_irr_ZambeziR_W,0.02200461,0.1386791,0.1121653,6.863264082000001,1.91944826866,0.03497446,1.8012215,0.00953747,0.01325714,0.06045769866,3,1,3,2,2,4,3,5,6,4,5,2,1,4,4,3
ssp_ag4_soc3_gwhi_rs_miroc_NDC_Tax_uct,2100,Africa_Southern,water_td_irr_ZambeziR_W,0.02231483,0.1392161,0.1125309,6.855553828,1.9249996200200001,0.03498376,1.8067829,0.00955177,0.01326461,0.06041658002,3,1,4,2,2,4,3,5,6,4,5,2,1,4,4,3
ssp_ag4_soc3_gwhi_rs_noresm_NDC_Tax_uct,2100,Africa_Southern,water_td_irr_ZambeziR_W,0.02153833,0.1361847,0.1114669,6.875228325,1.91575770201,0.03478418,1.7978646,0.00940236,0.01321338,0.06049318201,3,1,5,2,2,4,3,5,6,4,5,2,1,4,4,3
ssp_ag4_soc3_gwlo_exp_gfdl_NDC_Tax_uct,2100,Africa_Southern,water_td_irr_ZambeziR_W,0.0225245,0.1395828999999999,0.1127198999999999,6.866419763,1.92647751127,0.03509399,1.8079651,0.00957603,0.01330816,0.06053423127,1,2,1,2,2,4,3,5,6,4,5,2,1,4,4,3
ssp_ag4_soc3_gwlo_exp_hadgem_NDC_Tax_uct,2100,Africa_Southern,water_td_irr_ZambeziR_W,0.02236086,0.138958,0.1123548,6.863568366,1.92428257606,0.03503116,1.8059061,0.00955623,0.01328317,0.06050591606,1,2,2,2,2,4,3,5,6,4,5,2,1,4,4,3
ssp_ag4_soc3_gwlo_exp_ipsl_NDC_Tax_uct,2100,Africa_Southern,water_td_irr_ZambeziR_W,0.02220582,0.1385821,0.1116038999999999,6.80632214,1.9067207181399999,0.03482299,1.7891237999999998,0.00955054,0.01321166,0.06001172814,1,2,3,2,2,4,3,5,6,4,5,2,1,4,4,3
ssp_ag4_soc3_gwlo_exp_miroc_NDC_Tax_uct,2100,Africa_Southern,water_td_irr_ZambeziR_W,0.02249297,0.1391973,0.1124254,6.853324626999999,1.92526587538,0.0349813,1.8070553,0.0095437,0.0132681,0.06041747538,1,2,4,2,2,4,3,5,6,4,5,2,1,4,4,3
ssp_ag4_soc3_gwlo_exp_noresm_NDC_Tax_uct,2100,Africa_Southern,water_td_irr_ZambeziR_W,0.02237809,0.1390382,0.1121973,6.867767742000001,1.92359882305,0.03507801,1.8051119,0.00957237,0.01329863,0.0605379130499999,1,2,5,2,2,4,3,5,6,4,5,2,1,4,4,3
ssp_ag4_soc3_gwlo_rs_gfdl_NDC_Tax_uct,2100,Africa_Southern,water_td_irr_ZambeziR_W,0.02216468,0.1371339,0.1117915,6.8848726010000005,1.92488400506,0.03478236,1.8071005,0.00940543,0.01319288,0.06040283506,1,1,1,2,2,4,3,5,6,4,5,2,1,4,4,3
ssp_ag4_soc3_gwlo_rs_hadgem_NDC_Tax_uct,2100,Africa_Southern,water_td_irr_ZambeziR_W,0.02269749,0.1399254999999999,0.112493,6.85860794,1.93052666278,0.03503783,1.8121797,0.00957038,0.01327794,0.06046081278,1,1,2,2,2,4,3,5,6,4,5,2,1,4,4,3
ssp_ag4_soc3_gwlo_rs_ipsl_NDC_Tax_uct,2100,Africa_Southern,water_td_irr_ZambeziR_W,0.02261141,0.13967,0.1122416,6.85478446,1.9278911714800002,0.03498269,1.8097031000000003,0.00956002,0.01326096,0.06038440148,1,1,3,2,2,4,3,5,6,4,5,2,1,4,4,3
ssp_ag4_soc3_gwlo_rs_miroc_NDC_Tax_uct,2100,Africa_Southern,water_td_irr_ZambeziR_W,0.02295558,0.1402486,0.1126304,6.847124013999999,1.9319247628700003,0.03500582,1.8137061,0.00956991,0.01326917,0.06037376287,1,1,4,2,2,4,3,5,6,4,5,2,1,4,4,3
ssp_ag4_soc3_gwlo_rs_noresm_NDC_Tax_uct,2100,Africa_Southern,water_td_irr_ZambeziR_W,0.02243366,0.138421,0.1117777,6.8758703610000005,1.92870827749,0.03487786,1.8106943,0.00954333,0.0132304,0.0603623874899999,1,1,5,2,2,4,3,5,6,4,5,2,1,4,4,3
ssp_ag4_soc3_gwmed_exp_gfdl_NDC_Tax_uct,2100,Africa_Southern,water_td_irr_ZambeziR_W,0.02227949,0.1391545,0.1127263999999999,6.871459238,1.9222394976500001,0.03508695,1.8037148,0.00957047,0.01330794,0.0605593376499999,2,2,1,2,2,4,3,5,6,4,5,2,1,4,4,3
ssp_ag4_soc3_gwmed_exp_hadgem_NDC_Tax_uct,2100,Africa_Southern,water_td_irr_ZambeziR_W,0.02217522,0.1385332,0.112304,6.867708269,1.9196973696200001,0.03503294,1.8013007,0.00954823,0.01328058,0.06053491962,2,2,2,2,2,4,3,5,6,4,5,2,1,4,4,3
ssp_ag4_soc3_gwmed_exp_ipsl_NDC_Tax_uct,2100,Africa_Southern,water_td_irr_ZambeziR_W,0.02202147,0.1388119,0.1123839,6.871355924,1.92010097198,0.03508625,1.8016034,0.00960774,0.01329505,0.0605085319799999,2,2,3,2,2,4,3,5,6,4,5,2,1,4,4,3
ssp_ag4_soc3_gwmed_exp_miroc_NDC_Tax_uct,2100,Africa_Southern,water_td_irr_ZambeziR_W,0.02232806,0.1389039,0.1123578,6.855155412999999,1.92353431731,0.03496383,1.8053452,0.00953349,0.01326541,0.06042638731,2,2,4,2,2,4,3,5,6,4,5,2,1,4,4,3
ssp_ag4_soc3_gwmed_exp_noresm_NDC_Tax_uct,2100,Africa_Southern,water_td_irr_ZambeziR_W,0.02230705,0.1389872999999999,0.1122161,6.868437417000001,1.92265119743,0.03508737,1.8041364,0.00957599,0.01330343,0.0605480074299999,2,2,5,2,2,4,3,5,6,4,5,2,1,4,4,3
ssp_ag4_soc3_gwmed_rs_gfdl_NDC_Tax_uct,2100,Africa_Southern,water_td_irr_ZambeziR_W,0.02241475,0.1398586,0.1128608,6.86510047,1.92932720952,0.03507891,1.810864,0.00957905,0.0133019,0.06050334952,2,1,1,2,2,4,3,5,6,4,5,2,1,4,4,3
ssp_ag4_soc3_gwmed_rs_hadgem_NDC_Tax_uct,2100,Africa_Southern,water_td_irr_ZambeziR_W,0.02229969,0.1392945,0.1124662,6.862818385,1.92696915875,0.03502163,1.8086339,0.00955889,0.01327631,0.0604784287499999,2,1,2,2,2,4,3,5,6,4,5,2,1,4,4,3
ssp_ag4_soc3_gwmed_rs_ipsl_NDC_Tax_uct,2100,Africa_Southern,water_td_irr_ZambeziR_W,0.02223484,0.1391392,0.1122222,6.857804938999998,1.9240770776999998,0.0349830999999999,1.8058665,0.00954441,0.01325817,0.0604248976999999,2,1,3,2,2,4,3,5,6,4,5,2,1,4,4,3
ssp_ag4_soc3_gwmed_rs_miroc_NDC_Tax_uct,2100,Africa_Southern,water_td_irr_ZambeziR_W,0.02254595,0.1396092,0.1125666,6.85065496,1.9288771919699998,0.0349854,1.8106839,0.00955712,0.01326239,0.06038838197,2,1,4,2,2,4,3,5,6,4,5,2,1,4,4,3
ssp_ag4_soc3_gwmed_rs_noresm_NDC_Tax_uct,2100,Africa_Southern,water_td_irr_ZambeziR_W,0.02226113,0.1386171,0.1121009,6.869558477000001,1.9244274107900001,0.03502705,1.8060537,0.00955312,0.0132743,0.06051924079,2,1,5,2,2,4,3,5,6,4,5,2,1,4,4,3
ssp_ag4_soc4_gwhi_exp_gfdl_NDC_Tax_ffict,2100,Africa_Southern,water_td_irr_ZambeziR_W,0.0538979,0.2073768999999999,0.161395,6.24371,1.9460452899999998,0.0514155999999999,1.809888,0.01726948,0.01968381,0.0477884,3,2,1,1,2,4,4,7,6,0,5,2,5,4,4,3
ssp_ag4_soc4_gwhi_exp_gfdl_NDC_Tax_uct,2100,Africa_Southern,water_td_irr_ZambeziR_W,0.01129841,0.0826112,0.0888067999999999,6.47733022,1.6753254212,0.02884528,1.5718347,0.00715533,0.0109062,0.0565839112,3,2,1,2,2,4,4,5,6,4,5,2,1,4,4,3
ssp_ag4_soc4_gwhi_exp_hadgem_NDC_Tax_ffict,2100,Africa_Southern,water_td_irr_ZambeziR_W,0.0538959,0.2060551,0.1597257,6.21633,1.9381263300000002,0.0510946,1.802681,0.01724266,0.01962897,0.0474791,3,2,2,1,2,4,4,7,6,0,5,2,5,4,4,3
ssp_ag4_soc4_gwhi_exp_hadgem_NDC_Tax_uct,2100,Africa_Southern,water_td_irr_ZambeziR_W,0.01124526,0.0822683999999999,0.0884851,6.47248439,1.673277984,0.02877679,1.5699352,0.00713624,0.01088141,0.056548344,3,2,2,2,2,4,4,5,6,4,5,2,1,4,4,3
ssp_ag4_soc4_gwhi_exp_ipsl_NDC_Tax_ffict,2100,Africa_Southern,water_td_irr_ZambeziR_W,0.0526808,0.2021875,0.1596467999999999,6.1756600000000015,1.9137130999999998,0.0507065,1.779119,0.01719696,0.01943074,0.0472599,3,2,3,1,2,4,4,7,6,0,5,2,5,4,4,3
ssp_ag4_soc4_gwhi_exp_ipsl_NDC_Tax_uct,2100,Africa_Southern,water_td_irr_ZambeziR_W,0.01114827,0.0821248999999999,0.0883499,6.44486041,1.666434967,0.0287120999999999,1.5633911,0.00712851,0.0108579,0.056345357,3,2,3,2,2,4,4,5,6,4,5,2,1,4,4,3
ssp_ag4_soc4_gwhi_exp_miroc_NDC_Tax_ffict,2100,Africa_Southern,water_td_irr_ZambeziR_W,0.0533935,0.2042194,0.1587492,6.08681,1.9046513400000002,0.0501777,1.771203,0.01700053,0.01943151,0.0468386,3,2,4,1,2,4,4,7,6,0,5,2,5,4,4,3
ssp_ag4_soc4_gwhi_exp_miroc_NDC_Tax_uct,2100,Africa_Southern,water_td_irr_ZambeziR_W,0.01123658,0.0822474999999999,0.0885186,6.46681967,1.67251964,0.02873883,1.5692858,0.00712595,0.01087336,0.0564956999999999,3,2,4,2,2,4,4,5,6,4,5,2,1,4,4,3
ssp_ag4_soc4_gwhi_exp_noresm_NDC_Tax_ffict,2100,Africa_Southern,water_td_irr_ZambeziR_W,0.0550030999999999,0.2106518,0.1628894,6.2614800000000015,1.9633268,0.0520326,1.82565,0.01758156,0.02003284,0.0480298,3,2,5,1,2,4,4,7,6,0,5,2,5,4,4,3
ssp_ag4_soc4_gwhi_exp_noresm_NDC_Tax_uct,2100,Africa_Southern,water_td_irr_ZambeziR_W,0.01120933,0.0823567,0.0885156999999999,6.47563321,1.6747305558999999,0.02881707,1.5712911,0.00714846,0.01090119,0.0565727359,3,2,5,2,2,4,4,5,6,4,5,2,1,4,4,3
ssp_ag4_soc4_gwhi_rs_gfdl_NDC_Tax_uct,2100,Africa_Southern,water_td_irr_ZambeziR_W,0.01131414,0.0827723,0.088823,6.47807904,1.6763288955999998,0.02884095,1.5728517,0.00715677,0.01090336,0.0565761156,3,1,1,2,2,4,4,5,6,4,5,2,1,4,4,3
ssp_ag4_soc4_gwhi_rs_hadgem_NDC_Tax_ffict,2100,Africa_Southern,water_td_irr_ZambeziR_W,0.0541149,0.2072288,0.1594099,6.18806,1.9328091299999999,0.0510064,1.7974610000000002,0.0172267,0.01958833,0.0475267,3,1,2,1,2,4,4,7,6,0,5,2,5,4,4,3
ssp_ag4_soc4_gwhi_rs_hadgem_NDC_Tax_uct,2100,Africa_Southern,water_td_irr_ZambeziR_W,0.01118113,0.0820057999999999,0.0883168,6.47242751,1.6726759164,0.02872009,1.5694749,0.00709234,0.01085949,0.0565290964,3,1,2,2,2,4,4,5,6,4,5,2,1,4,4,3
ssp_ag4_soc4_gwhi_rs_ipsl_NDC_Tax_ffict,2100,Africa_Southern,water_td_irr_ZambeziR_W,0.0528428,0.2066842,0.1590476,6.18512,1.9279064499999994,0.0508746999999999,1.7932959999999998,0.01712926,0.01941219,0.0471943,3,1,3,1,2,4,4,7,6,0,5,2,5,4,4,3
ssp_ag4_soc4_gwhi_rs_ipsl_NDC_Tax_uct,2100,Africa_Southern,water_td_irr_ZambeziR_W,0.01117805,0.0824251999999999,0.0884635,6.47012742,1.6727616441000002,0.02876217,1.5694986000000002,0.00713543,0.01086414,0.0565013041,3,1,3,2,2,4,4,5,6,4,5,2,1,4,4,3
ssp_ag4_soc4_gwhi_rs_miroc_NDC_Tax_ffict,2100,Africa_Southern,water_td_irr_ZambeziR_W,0.0541085,0.2055656,0.1597394,6.12136,1.9232526799999996,0.0506768,1.7888959999999998,0.01705841,0.01955417,0.0470673,3,1,4,1,2,4,4,7,6,0,5,2,5,4,4,3
ssp_ag4_soc4_gwhi_rs_miroc_NDC_Tax_uct,2100,Africa_Southern,water_td_irr_ZambeziR_W,0.01130643,0.0826696,0.0886113999999999,6.46578692,1.6739723387999998,0.02877863,1.570673,0.00715339,0.01087705,0.0564902688,3,1,4,2,2,4,4,5,6,4,5,2,1,4,4,3
ssp_ag4_soc4_gwhi_rs_noresm_NDC_Tax_ffict,2100,Africa_Southern,water_td_irr_ZambeziR_W,0.0545041999999999,0.2107345,0.1623547,6.22487,1.96071158,0.0519561,1.823437,0.01762237,0.02001721,0.0476788999999999,3,1,5,1,2,4,4,7,6,0,5,2,5,4,4,3
ssp_ag4_soc4_gwhi_rs_noresm_NDC_Tax_uct,2100,Africa_Southern,water_td_irr_ZambeziR_W,0.01141195,0.0830973999999999,0.087938,6.37993548,1.6562081535999997,0.02865751,1.5537697,0.00715836,0.01084019,0.0557823936,3,1,5,2,2,4,4,5,6,4,5,2,1,4,4,3
ssp_ag4_soc4_gwlo_exp_gfdl_NDC_Tax_ffict,2100,Africa_Southern,water_td_irr_ZambeziR_W,0.0541134,0.2075058,0.1614166,6.2399,1.9481095299999998,0.0513974,1.811979,0.01727123,0.0196798,0.0477820999999999,1,2,1,1,2,4,4,7,6,0,5,2,5,4,4,3
ssp_ag4_soc4_gwlo_exp_gfdl_NDC_Tax_uct,2100,Africa_Southern,water_td_irr_ZambeziR_W,0.01133341,0.0826097,0.0887743999999999,6.47612192,1.6761741151,0.02883051,1.5727106000000002,0.00715489,0.01090229,0.0565758251,1,2,1,2,2,4,4,5,6,4,5,2,1,4,4,3
ssp_ag4_soc4_gwlo_exp_hadgem_NDC_Tax_ffict,2100,Africa_Southern,water_td_irr_ZambeziR_W,0.0541179,0.2067237,0.16038,6.216049999999999,1.94002028,0.0511275,1.804558,0.0172499,0.01963908,0.0474458,1,2,2,1,2,4,4,7,6,0,5,2,5,4,4,3
ssp_ag4_soc4_gwlo_exp_hadgem_NDC_Tax_uct,2100,Africa_Southern,water_td_irr_ZambeziR_W,0.01127231,0.0822934,0.088484,6.46973686,1.6738910992999998,0.0287727,1.5705512,0.00713733,0.01087973,0.0565501392999999,1,2,2,2,2,4,4,5,6,4,5,2,1,4,4,3
ssp_ag4_soc4_gwlo_exp_ipsl_NDC_Tax_ffict,2100,Africa_Southern,water_td_irr_ZambeziR_W,0.0528265999999999,0.2054637,0.1590007999999999,6.1856,1.92594617,0.0508931,1.7912860000000002,0.01712848,0.01943239,0.0472062,1,2,3,1,2,4,4,7,6,0,5,2,5,4,4,3
ssp_ag4_soc4_gwlo_exp_ipsl_NDC_Tax_uct,2100,Africa_Southern,water_td_irr_ZambeziR_W,0.01117934,0.0822056,0.0883645,6.46962922,1.6719665298,0.02875799,1.5687326,0.0071203,0.01085672,0.0564989198,1,2,3,2,2,4,4,5,6,4,5,2,1,4,4,3
ssp_ag4_soc4_gwlo_exp_miroc_NDC_Tax_ffict,2100,Africa_Southern,water_td_irr_ZambeziR_W,0.0539041999999999,0.2047226,0.1593691,6.1111900000000015,1.9179040399999998,0.0503671999999999,1.784366,0.01704538,0.01947766,0.0466478,1,2,4,1,2,4,4,7,6,0,5,2,5,4,4,3
ssp_ag4_soc4_gwlo_exp_miroc_NDC_Tax_uct,2100,Africa_Southern,water_td_irr_ZambeziR_W,0.01130359,0.0823415,0.0885465,6.46514011,1.6745173702999996,0.02874177,1.5712875,0.0071283999999999,0.010875,0.0564847003,1,2,4,2,2,4,4,5,6,4,5,2,1,4,4,3
ssp_ag4_soc4_gwlo_exp_noresm_NDC_Tax_ffict,2100,Africa_Southern,water_td_irr_ZambeziR_W,0.0549173,0.2104007999999999,0.1626969999999999,6.27444,1.9685362300000002,0.0520873,1.830866,0.01760763,0.0200360999999999,0.0479392,1,2,5,1,2,4,4,7,6,0,5,2,5,4,4,3
ssp_ag4_soc4_gwlo_exp_noresm_NDC_Tax_uct,2100,Africa_Southern,water_td_irr_ZambeziR_W,0.01077457,0.0809519,0.0874298999999999,6.471214219999999,1.6645869369999997,0.02836921,1.5618873,0.00701164,0.01078754,0.056531247,1,2,5,2,2,4,4,5,6,4,5,2,1,4,4,3
ssp_ag4_soc4_gwlo_rs_gfdl_NDC_Tax_ffict,2100,Africa_Southern,water_td_irr_ZambeziR_W,0.0545266999999999,0.2090643999999999,0.1616109999999999,6.23197,1.95782996,0.0513412,1.82182,0.01726873,0.01966603,0.047734,1,1,1,1,2,4,4,7,6,0,5,2,5,4,4,3
ssp_ag4_soc4_gwlo_rs_gfdl_NDC_Tax_uct,2100,Africa_Southern,water_td_irr_ZambeziR_W,0.01139521,0.082896,0.0888593,6.47559992,1.6791223964,0.02884164,1.5756553,0.00715893,0.01090501,0.0565615164,1,1,1,2,2,4,4,5,6,4,5,2,1,4,4,3
ssp_ag4_soc4_gwlo_rs_hadgem_NDC_Tax_ffict,2100,Africa_Southern,water_td_irr_ZambeziR_W,0.0543120999999999,0.2081116,0.1604701,6.20953,1.94793845,0.0510805,1.812579,0.01724936,0.01961849,0.0474111,1,1,2,1,2,4,4,7,6,0,5,2,5,4,4,3
ssp_ag4_soc4_gwlo_rs_hadgem_NDC_Tax_uct,2100,Africa_Southern,water_td_irr_ZambeziR_W,0.01129719,0.0825497999999999,0.0885215999999999,6.471134429999998,1.6765481974,0.028768,1.5732407000000002,0.00713681,0.01087753,0.0565251574,1,1,2,2,2,4,4,5,6,4,5,2,1,4,4,3
ssp_ag4_soc4_gwlo_rs_ipsl_NDC_Tax_ffict,2100,Africa_Southern,water_td_irr_ZambeziR_W,0.0536914999999999,0.213115,0.1595489,5.97114,1.8835623799999999,0.0515149,1.748941,0.01727975,0.01947893,0.0463478,1,1,3,1,2,4,4,7,1,0,5,6,5,4,1,3
ssp_ag4_soc4_gwlo_rs_ipsl_NDC_Tax_uct,2100,Africa_Southern,water_td_irr_ZambeziR_W,0.01128469,0.0825452,0.0885056,6.46786818,1.6751733038999999,0.0287663999999999,1.5719105,0.00713867,0.01086933,0.0564884039,1,1,3,2,2,4,4,5,6,4,5,2,1,4,4,3
ssp_ag4_soc4_gwlo_rs_miroc_NDC_Tax_ffict,2100,Africa_Southern,water_td_irr_ZambeziR_W,0.0552974,0.2075791,0.1593098,5.9737800000000005,1.9022740499999997,0.0501839,1.769536,0.01714157,0.01947018,0.0459424,1,1,4,1,2,4,4,7,1,0,5,6,5,4,1,3
ssp_ag4_soc4_gwlo_rs_miroc_NDC_Tax_uct,2100,Africa_Southern,water_td_irr_ZambeziR_W,0.01138052,0.0825897999999999,0.0886353,6.46459892,1.6771566805999998,0.02874475,1.5739332,0.00713488,0.01087455,0.0564693005999999,1,1,4,2,2,4,4,5,6,4,5,2,1,4,4,3
ssp_ag4_soc4_gwlo_rs_noresm_NDC_Tax_ffict,2100,Africa_Southern,water_td_irr_ZambeziR_W,0.0552133,0.2109127,0.1628231,6.27366,1.97528408,0.0520558,1.837712,0.01758776,0.02002412,0.0479044,1,1,5,1,2,4,4,7,6,0,5,2,5,4,4,3
ssp_ag4_soc4_gwlo_rs_noresm_NDC_Tax_uct,2100,Africa_Southern,water_td_irr_ZambeziR_W,0.01154152,0.0829561,0.0891741,6.45883339,1.681318104,0.02893933,1.5773896,0.00722565,0.01097679,0.056786734,1,1,5,2,2,4,4,5,6,4,5,2,1,4,4,3
ssp_ag4_soc4_gwmed_exp_gfdl_NDC_Tax_ffict,2100,Africa_Southern,water_td_irr_ZambeziR_W,0.0539086,0.2074185,0.1614165,6.2448700000000015,1.94648051,0.0514270999999999,1.810321,0.01726982,0.01968459,0.0477779999999999,2,2,1,1,2,4,4,7,6,0,5,2,5,4,4,3
ssp_ag4_soc4_gwmed_exp_gfdl_NDC_Tax_uct,2100,Africa_Southern,water_td_irr_ZambeziR_W,0.01130665,0.0826749,0.0888176,6.477150109999998,1.6755379091,0.02884948,1.5720388,0.00715947,0.01090705,0.0565831091,2,2,1,2,2,4,4,5,6,4,5,2,1,4,4,3
ssp_ag4_soc4_gwmed_exp_hadgem_NDC_Tax_ffict,2100,Africa_Southern,water_td_irr_ZambeziR_W,0.0540251999999999,0.2063087,0.1599607,6.21546,1.93847131,0.0511189,1.803011,0.01724208,0.01963193,0.0474674,2,2,2,1,2,4,4,7,6,0,5,2,5,4,4,3
ssp_ag4_soc4_gwmed_exp_hadgem_NDC_Tax_uct,2100,Africa_Southern,water_td_irr_ZambeziR_W,0.0112244799999999,0.0821505999999999,0.088417,6.47171645,1.6727060790999995,0.02877309,1.5693848999999995,0.00712937,0.01087236,0.0565463591,2,2,2,2,2,4,4,5,6,4,5,2,1,4,4,3
ssp_ag4_soc4_gwmed_exp_ipsl_NDC_Tax_ffict,2100,Africa_Southern,water_td_irr_ZambeziR_W,0.0525958,0.20538,0.1589888,6.18676,1.92476245,0.0508977,1.790099,0.01712352,0.01942903,0.0472132,2,2,3,1,2,4,4,7,6,0,5,2,5,4,4,3
ssp_ag4_soc4_gwmed_exp_ipsl_NDC_Tax_uct,2100,Africa_Southern,water_td_irr_ZambeziR_W,0.01136295,0.0829467999999999,0.0877321,6.3588585,1.6492118274,0.02860146,1.5470495000000002,0.00716214,0.01079741,0.0556013174,2,2,3,2,2,4,4,5,6,4,5,2,1,4,4,3
ssp_ag4_soc4_gwmed_exp_miroc_NDC_Tax_ffict,2100,Africa_Southern,water_td_irr_ZambeziR_W,0.0535784999999999,0.2045796,0.1593191,6.11449,1.9123535200000001,0.05037,1.778786,0.01703565,0.01949167,0.0466702,2,2,4,1,2,4,4,7,6,0,5,2,5,4,4,3
ssp_ag4_soc4_gwmed_exp_miroc_NDC_Tax_uct,2100,Africa_Southern,water_td_irr_ZambeziR_W,0.01124083,0.0822591999999999,0.0885228,6.46640992,1.6729664318,0.02873859,1.5697356000000002,0.007126,0.01087354,0.0564927017999999,2,2,4,2,2,4,4,5,6,4,5,2,1,4,4,3
ssp_ag4_soc4_gwmed_exp_noresm_NDC_Tax_ffict,2100,Africa_Southern,water_td_irr_ZambeziR_W,0.0545168,0.2100646,0.1627059,6.283980000000001,1.96744258,0.0520863,1.829787,0.01758208,0.0200466,0.0479406,2,2,5,1,2,4,4,7,6,0,5,2,5,4,4,3
ssp_ag4_soc4_gwmed_exp_noresm_NDC_Tax_uct,2100,Africa_Southern,water_td_irr_ZambeziR_W,0.01121338,0.0823566,0.0885126,6.47559334,1.6747860974,0.02881359,1.5713507,0.00714865,0.01090092,0.0565722374,2,2,5,2,2,4,4,5,6,4,5,2,1,4,4,3
ssp_ag4_soc4_gwmed_rs_gfdl_NDC_Tax_ffict,2100,Africa_Southern,water_td_irr_ZambeziR_W,0.0531872,0.2090871,0.16132,6.2409300000000005,1.9503332599999998,0.0514165999999999,1.814119,0.01730698,0.01966918,0.0478215,2,1,1,1,2,4,4,7,6,0,5,2,5,4,4,3
ssp_ag4_soc4_gwmed_rs_gfdl_NDC_Tax_uct,2100,Africa_Southern,water_td_irr_ZambeziR_W,0.01131741,0.0827822,0.0888258999999999,6.47748951,1.6769568893,0.0288375999999999,1.5734881,0.0071565399999999,0.01090283,0.0565718193,2,1,1,2,2,4,4,5,6,4,5,2,1,4,4,3
ssp_ag4_soc4_gwmed_rs_hadgem_NDC_Tax_ffict,2100,Africa_Southern,water_td_irr_ZambeziR_W,0.0541704,0.207559,0.1599648,6.213430000000001,1.94003593,0.0510697,1.804646,0.01724655,0.01961668,0.047457,2,1,2,1,2,4,4,7,6,0,5,2,5,4,4,3
ssp_ag4_soc4_gwmed_rs_hadgem_NDC_Tax_uct,2100,Africa_Southern,water_td_irr_ZambeziR_W,0.01126195,0.0824685,0.0885097,6.47302311,1.6747484596999997,0.02877422,1.5714207,0.00713733,0.01087936,0.0565368496999999,2,1,2,2,2,4,4,5,6,4,5,2,1,4,4,3
ssp_ag4_soc4_gwmed_rs_ipsl_NDC_Tax_ffict,2100,Africa_Southern,water_td_irr_ZambeziR_W,0.0493384999999999,0.1976974,0.1580304,6.3305500000000015,1.92347624,0.049538,1.788875,0.01722318,0.01936066,0.0484794,2,1,3,1,2,4,4,7,6,0,5,2,5,4,4,3
ssp_ag4_soc4_gwmed_rs_ipsl_NDC_Tax_uct,2100,Africa_Southern,water_td_irr_ZambeziR_W,0.01134361,0.0828819,0.0876932,6.3639842,1.6505285497000002,0.02854202,1.5483506,0.00715624,0.01078817,0.0556915197,2,1,3,2,2,4,4,5,6,4,5,2,1,4,4,3
ssp_ag4_soc4_gwmed_rs_miroc_NDC_Tax_ffict,2100,Africa_Southern,water_td_irr_ZambeziR_W,0.0535471,0.2059844,0.1583997,5.9836,1.8958625599999996,0.0500578,1.7631279999999998,0.0170668699999999,0.01937919,0.0462306999999999,2,1,4,1,2,4,4,7,1,0,5,6,5,4,1,3
ssp_ag4_soc4_gwmed_rs_miroc_NDC_Tax_uct,2100,Africa_Southern,water_td_irr_ZambeziR_W,0.01127683,0.0824404,0.0885721999999999,6.46652862,1.6747958427,0.02874047,1.5715712,0.00713073,0.01087184,0.0564816026999999,2,1,4,2,2,4,4,5,6,4,5,2,1,4,4,3
ssp_ag4_soc4_gwmed_rs_noresm_NDC_Tax_ffict,2100,Africa_Southern,water_td_irr_ZambeziR_W,0.0537899,0.2113149,0.1629724,6.25926,1.9700891300000003,0.0521175,1.83231,0.01760831,0.02009242,0.0479609,2,1,5,1,2,4,4,7,6,0,5,2,5,4,4,3
ssp_ag4_soc4_gwmed_rs_noresm_NDC_Tax_uct,2100,Africa_Southern,water_td_irr_ZambeziR_W,0.01121094,0.0821073,0.0879898,6.42496132,1.6634476451000002,0.02863928,1.5606946000000002,0.00711013,0.01084246,0.0561611751,2,1,5,2,2,4,4,5,6,4,5,2,1,4,4,3
ssp_socio4_ag3_gwhi_exp_gfdl_NDC_Tax_uct,2100,Africa_Southern,water_td_irr_ZambeziR_W,0.01434179,0.096232,0.1035204,6.39942141,1.7387917773000001,0.03237096,1.6287589,0.00947713,0.01273396,0.0554508273,3,2,1,2,1,3,4,5,6,4,5,2,1,4,4,3
ssp_socio4_ag3_gwhi_exp_hadgem_NDC_Tax_uct,2100,Africa_Southern,water_td_irr_ZambeziR_W,0.01400235,0.0949974,0.1035982999999999,6.51989549,1.7601462303000002,0.03248452,1.6491794000000002,0.00933896,0.0127497,0.0563936503,3,2,2,2,1,3,4,5,6,4,5,2,1,4,4,3
ssp_socio4_ag3_gwhi_exp_ipsl_NDC_Tax_uct,2100,Africa_Southern,water_td_irr_ZambeziR_W,0.01391365,0.0951247,0.1038041,6.51463762,1.7606778755,0.03256091,1.6496635000000002,0.00934349,0.01275551,0.0563544655,3,2,3,2,1,3,4,5,6,4,5,2,1,4,4,3
ssp_socio4_ag3_gwhi_exp_miroc_NDC_Tax_uct,2100,Africa_Southern,water_td_irr_ZambeziR_W,0.01390868,0.0946612,0.1036021,6.517460219999999,1.7586737028,0.0323602199999999,1.6479302,0.00929405,0.01272063,0.0563686028,3,2,4,2,1,3,4,5,6,4,5,2,1,4,4,3
ssp_socio4_ag3_gwhi_exp_noresm_NDC_Tax_uct,2100,Africa_Southern,water_td_irr_ZambeziR_W,0.01353772,0.0957008,0.1032648999999999,6.483743179999999,1.7530465053,0.0321721,1.6427604999999998,0.00920589,0.01269911,0.0562089053,3,2,5,2,1,3,4,5,6,4,5,2,1,4,4,3
ssp_socio4_ag3_gwhi_rs_gfdl_NDC_Tax_uct,2100,Africa_Southern,water_td_irr_ZambeziR_W,0.01408118,0.0955893,0.1041261,6.52377237,1.7632997288,0.03255798,1.6521773000000002,0.00936797,0.01277186,0.0564246188,3,1,1,2,1,3,4,5,6,4,5,2,1,4,4,3
ssp_socio4_ag3_gwhi_rs_hadgem_NDC_Tax_uct,2100,Africa_Southern,water_td_irr_ZambeziR_W,0.01401521,0.0951781999999999,0.1036301999999999,6.52039479,1.7611628876,0.03247607,1.650219,0.00933912,0.01274464,0.0563840576,3,1,2,2,1,3,4,5,6,4,5,2,1,4,4,3
ssp_socio4_ag3_gwhi_rs_ipsl_NDC_Tax_uct,2100,Africa_Southern,water_td_irr_ZambeziR_W,0.01392609,0.0957322,0.1038525,6.53119583,1.7625302758999999,0.03246601,1.6516562,0.00932542,0.01275043,0.0563322159,3,1,3,2,1,3,4,5,6,4,5,2,1,4,4,3
ssp_socio4_ag3_gwhi_rs_miroc_NDC_Tax_uct,2100,Africa_Southern,water_td_irr_ZambeziR_W,0.01402692,0.0951679,0.1037732,6.51432979,1.7605111600000003,0.0324423,1.6496863000000002,0.00932703,0.01272522,0.05633031,3,1,4,2,1,3,4,5,6,4,5,2,1,4,4,3
ssp_socio4_ag3_gwhi_rs_noresm_NDC_Tax_uct,2100,Africa_Southern,water_td_irr_ZambeziR_W,0.01398327,0.0952998,0.1036771,6.514368770000001,1.763717588,0.0325552,1.6524299,0.00950289,0.0128006,0.056428998,3,1,5,2,1,3,4,5,6,4,5,2,1,4,4,3
ssp_socio4_ag3_gwlo_exp_gfdl_NDC_Tax_uct,2100,Africa_Southern,water_td_irr_ZambeziR_W,0.0141462999999999,0.0955124,0.1040719,6.52379137,1.7632696090000002,0.03258118,1.6521116000000002,0.00937308,0.01277924,0.056424509,1,2,1,2,1,3,4,5,6,4,5,2,1,4,4,3
ssp_socio4_ag3_gwlo_exp_hadgem_NDC_Tax_uct,2100,Africa_Southern,water_td_irr_ZambeziR_W,0.01404688,0.0950458,0.1036037,6.5192255800000005,1.7607342384,0.03248805,1.6497654,0.00934132,0.01274892,0.0563905484,1,2,2,2,1,3,4,5,6,4,5,2,1,4,4,3
ssp_socio4_ag3_gwlo_exp_ipsl_NDC_Tax_uct,2100,Africa_Southern,water_td_irr_ZambeziR_W,0.01419297,0.0963931,0.1046595,6.485753400000001,1.7651520236999998,0.03283737,1.6534296999999998,0.00948897,0.0128622,0.0565337837,1,2,3,2,1,3,4,5,6,4,5,2,1,4,4,3
ssp_socio4_ag3_gwlo_exp_miroc_NDC_Tax_uct,2100,Africa_Southern,water_td_irr_ZambeziR_W,0.01392674,0.0947667,0.1034162,6.51073673,1.7577335067,0.0321586799999999,1.6473052,0.00925379,0.01270047,0.0563153667,1,2,4,2,1,3,4,5,6,4,5,2,1,4,4,3
ssp_socio4_ag3_gwlo_exp_noresm_NDC_Tax_uct,2100,Africa_Southern,water_td_irr_ZambeziR_W,0.01405569,0.0951624,0.1035076,6.52073606,1.7628254172000002,0.03253363,1.651752,0.0093598,0.01278003,0.0563999572,1,2,5,2,1,3,4,5,6,4,5,2,1,4,4,3
ssp_socio4_ag3_gwlo_rs_gfdl_NDC_Tax_uct,2100,Africa_Southern,water_td_irr_ZambeziR_W,0.01434737,0.0965583999999999,0.1042772,6.52265752,1.7652320865,0.03261226,1.6539841,0.0094788,0.01278821,0.0563687165,1,1,1,2,1,3,4,5,6,4,5,2,1,4,4,3
ssp_socio4_ag3_gwlo_rs_hadgem_NDC_Tax_uct,2100,Africa_Southern,water_td_irr_ZambeziR_W,0.01407615,0.095227,0.1036277,6.51902631,1.7622030738,0.03246596,1.651272,0.0093325,0.01274166,0.0563909538,1,1,2,2,1,3,4,5,6,4,5,2,1,4,4,3
ssp_socio4_ag3_gwlo_rs_ipsl_NDC_Tax_uct,2100,Africa_Southern,water_td_irr_ZambeziR_W,0.01423008,0.0963763999999999,0.103765,6.5236639,1.7639667302000002,0.03248843,1.6528650000000005,0.0095195,0.01275338,0.0563404202,1,1,3,2,1,3,4,5,6,4,5,2,1,4,4,3
ssp_socio4_ag3_gwlo_rs_miroc_NDC_Tax_uct,2100,Africa_Southern,water_td_irr_ZambeziR_W,0.01423456,0.0954261999999999,0.1039073999999999,6.51123952,1.7642713966999999,0.03245478,1.653428,0.00934115,0.01273377,0.0563136967,1,1,4,2,1,3,4,5,6,4,5,2,1,4,4,3
ssp_socio4_ag3_gwlo_rs_noresm_NDC_Tax_uct,2100,Africa_Southern,water_td_irr_ZambeziR_W,0.01415987,0.0953322,0.1035874,6.520105200000001,1.7644195291,0.03253839,1.6533436,0.00936511,0.01277858,0.0563938491,1,1,5,2,1,3,4,5,6,4,5,2,1,4,4,3
ssp_socio4_ag3_gwmed_exp_gfdl_NDC_Tax_uct,2100,Africa_Southern,water_td_irr_ZambeziR_W,0.0136521299999999,0.0949179,0.1035561,6.51183204,1.7574357154999998,0.03241378,1.6466904999999998,0.00928874,0.01271488,0.0563278154999999,2,2,1,2,1,3,4,5,6,4,5,2,1,4,4,3
ssp_socio4_ag3_gwmed_exp_hadgem_NDC_Tax_uct,2100,Africa_Southern,water_td_irr_ZambeziR_W,0.0140037,0.0950017,0.1035989,6.51961573,1.7602890215000002,0.03248307,1.6493268,0.00933877,0.01274793,0.0563924515,2,2,2,2,1,3,4,5,6,4,5,2,1,4,4,3
ssp_socio4_ag3_gwmed_exp_ipsl_NDC_Tax_uct,2100,Africa_Southern,water_td_irr_ZambeziR_W,0.01387986,0.0949822999999999,0.1035484999999999,6.51707863,1.7588350739999998,0.03248476,1.647927,0.00933062,0.0127346,0.056358094,2,2,3,2,1,3,4,5,6,4,5,2,1,4,4,3
ssp_socio4_ag3_gwmed_exp_miroc_NDC_Tax_uct,2100,Africa_Southern,water_td_irr_ZambeziR_W,0.0139387,0.0948248,0.103506,6.51302336,1.7580834555999998,0.03239255,1.6473554,0.00929689,0.01270898,0.0563296356,2,2,4,2,1,3,4,5,6,4,5,2,1,4,4,3
ssp_socio4_ag3_gwmed_exp_noresm_NDC_Tax_uct,2100,Africa_Southern,water_td_irr_ZambeziR_W,0.01395522,0.0950895,0.1035648999999999,6.52191544,1.7619402737999998,0.0325325999999999,1.6508611,0.00935812,0.0127811,0.0564073538,2,2,5,2,1,3,4,5,6,4,5,2,1,4,4,3
ssp_socio4_ag3_gwmed_rs_gfdl_NDC_Tax_uct,2100,Africa_Southern,water_td_irr_ZambeziR_W,0.01414766,0.0958481,0.1040383,6.49570577,1.7568796335999999,0.03246889,1.6460883999999998,0.00936401,0.01277987,0.0561784636,2,1,1,2,1,3,4,5,6,4,5,2,1,4,4,3
ssp_socio4_ag3_gwmed_rs_hadgem_NDC_Tax_uct,2100,Africa_Southern,water_td_irr_ZambeziR_W,0.01413417,0.0958561,0.1040053,6.52393686,1.7642531338999994,0.03243818,1.6530933999999995,0.00951444,0.01278015,0.0564269638999999,2,1,2,2,1,3,4,5,6,4,5,2,1,4,4,3
ssp_socio4_ag3_gwmed_rs_ipsl_NDC_Tax_uct,2100,Africa_Southern,water_td_irr_ZambeziR_W,0.01390399,0.0952537,0.1035688,6.5144909900000005,1.7592858124,0.03247886,1.6483891000000002,0.00932923,0.01272803,0.0563605924,2,1,3,2,1,3,4,5,6,4,5,2,1,4,4,3
ssp_socio4_ag3_gwmed_rs_miroc_NDC_Tax_uct,2100,Africa_Southern,water_td_irr_ZambeziR_W,0.01400225,0.0950248,0.1036742,6.519267709999999,1.7600743304000002,0.0324029999999999,1.6493285000000002,0.00931768,0.0127114,0.0563137504,2,1,4,2,1,3,4,5,6,4,5,2,1,4,4,3
ssp_socio4_ag3_gwmed_rs_noresm_NDC_Tax_uct,2100,Africa_Southern,water_td_irr_ZambeziR_W,0.01395846,0.0952005,0.1036206999999999,6.52135565,1.7630914009999998,0.03253124,1.6520281,0.00935896,0.01277544,0.0563976609999999,2,1,5,2,1,3,4,5,6,4,5,2,1,4,4,3
ssp_socio4_ag4_gwhi_exp_gfdl_NDC_Tax_ffict,2100,Africa_Southern,water_td_irr_ZambeziR_W,0.0538979,0.2073768999999999,0.161395,6.24371,1.9460452899999998,0.0514155999999999,1.809888,0.01726948,0.01968381,0.0477884,3,2,1,1,1,4,4,7,6,0,5,2,5,4,4,3
ssp_socio4_ag4_gwhi_exp_gfdl_NDC_Tax_uct,2100,Africa_Southern,water_td_irr_ZambeziR_W,0.01129841,0.0826112,0.0888067999999999,6.47733022,1.6753254212,0.02884528,1.5718347,0.00715533,0.0109062,0.0565839112,3,2,1,2,1,4,4,5,6,4,5,2,1,4,4,3
ssp_socio4_ag4_gwhi_exp_hadgem_NDC_Tax_ffict,2100,Africa_Southern,water_td_irr_ZambeziR_W,0.0538959,0.2060551,0.1597257,6.21633,1.9381263300000002,0.0510946,1.802681,0.01724266,0.01962897,0.0474791,3,2,2,1,1,4,4,7,6,0,5,2,5,4,4,3
ssp_socio4_ag4_gwhi_exp_hadgem_NDC_Tax_uct,2100,Africa_Southern,water_td_irr_ZambeziR_W,0.01124526,0.0822683999999999,0.0884851,6.47248439,1.673277984,0.02877679,1.5699352,0.00713624,0.01088141,0.056548344,3,2,2,2,1,4,4,5,6,4,5,2,1,4,4,3
ssp_socio4_ag4_gwhi_exp_ipsl_NDC_Tax_ffict,2100,Africa_Southern,water_td_irr_ZambeziR_W,0.0526808,0.2021875,0.1596467999999999,6.1756600000000015,1.9137130999999998,0.0507065,1.779119,0.01719696,0.01943074,0.0472599,3,2,3,1,1,4,4,7,6,0,5,2,5,4,4,3
ssp_socio4_ag4_gwhi_exp_ipsl_NDC_Tax_uct,2100,Africa_Southern,water_td_irr_ZambeziR_W,0.01114827,0.0821248999999999,0.0883499,6.44486041,1.666434967,0.0287120999999999,1.5633911,0.00712851,0.0108579,0.056345357,3,2,3,2,1,4,4,5,6,4,5,2,1,4,4,3
ssp_socio4_ag4_gwhi_exp_miroc_NDC_Tax_ffict,2100,Africa_Southern,water_td_irr_ZambeziR_W,0.0533935,0.2042194,0.1587492,6.08681,1.9046513400000002,0.0501777,1.771203,0.01700053,0.01943151,0.0468386,3,2,4,1,1,4,4,7,6,0,5,2,5,4,4,3
ssp_socio4_ag4_gwhi_exp_miroc_NDC_Tax_uct,2100,Africa_Southern,water_td_irr_ZambeziR_W,0.01123658,0.0822474999999999,0.0885186,6.46681967,1.67251964,0.02873883,1.5692858,0.00712595,0.01087336,0.0564956999999999,3,2,4,2,1,4,4,5,6,4,5,2,1,4,4,3
ssp_socio4_ag4_gwhi_exp_noresm_NDC_Tax_ffict,2100,Africa_Southern,water_td_irr_ZambeziR_W,0.0550030999999999,0.2106518,0.1628894,6.2614800000000015,1.9633268,0.0520326,1.82565,0.01758156,0.02003284,0.0480298,3,2,5,1,1,4,4,7,6,0,5,2,5,4,4,3
ssp_socio4_ag4_gwhi_exp_noresm_NDC_Tax_uct,2100,Africa_Southern,water_td_irr_ZambeziR_W,0.01120933,0.0823567,0.0885156999999999,6.47563321,1.6747305558999999,0.02881707,1.5712911,0.00714846,0.01090119,0.0565727359,3,2,5,2,1,4,4,5,6,4,5,2,1,4,4,3
ssp_socio4_ag4_gwhi_rs_gfdl_NDC_Tax_uct,2100,Africa_Southern,water_td_irr_ZambeziR_W,0.01131414,0.0827723,0.088823,6.47807904,1.6763288955999998,0.02884095,1.5728517,0.00715677,0.01090336,0.0565761156,3,1,1,2,1,4,4,5,6,4,5,2,1,4,4,3
ssp_socio4_ag4_gwhi_rs_hadgem_NDC_Tax_ffict,2100,Africa_Southern,water_td_irr_ZambeziR_W,0.0541149,0.2072288,0.1594099,6.18806,1.9328091299999999,0.0510064,1.7974610000000002,0.0172267,0.01958833,0.0475267,3,1,2,1,1,4,4,7,6,0,5,2,5,4,4,3
ssp_socio4_ag4_gwhi_rs_hadgem_NDC_Tax_uct,2100,Africa_Southern,water_td_irr_ZambeziR_W,0.01118113,0.0820057999999999,0.0883168,6.47242751,1.6726759164,0.02872009,1.5694749,0.00709234,0.01085949,0.0565290964,3,1,2,2,1,4,4,5,6,4,5,2,1,4,4,3
ssp_socio4_ag4_gwhi_rs_ipsl_NDC_Tax_ffict,2100,Africa_Southern,water_td_irr_ZambeziR_W,0.0528428,0.2066842,0.1590476,6.18512,1.9279064499999994,0.0508746999999999,1.7932959999999998,0.01712926,0.01941219,0.0471943,3,1,3,1,1,4,4,7,6,0,5,2,5,4,4,3
ssp_socio4_ag4_gwhi_rs_ipsl_NDC_Tax_uct,2100,Africa_Southern,water_td_irr_ZambeziR_W,0.01117805,0.0824251999999999,0.0884635,6.47012742,1.6727616441000002,0.02876217,1.5694986000000002,0.00713543,0.01086414,0.0565013041,3,1,3,2,1,4,4,5,6,4,5,2,1,4,4,3
ssp_socio4_ag4_gwhi_rs_miroc_NDC_Tax_ffict,2100,Africa_Southern,water_td_irr_ZambeziR_W,0.0541085,0.2055656,0.1597394,6.12136,1.9232526799999996,0.0506768,1.7888959999999998,0.01705841,0.01955417,0.0470673,3,1,4,1,1,4,4,7,6,0,5,2,5,4,4,3
ssp_socio4_ag4_gwhi_rs_miroc_NDC_Tax_uct,2100,Africa_Southern,water_td_irr_ZambeziR_W,0.01130643,0.0826696,0.0886113999999999,6.46578692,1.6739723387999998,0.02877863,1.570673,0.00715339,0.01087705,0.0564902688,3,1,4,2,1,4,4,5,6,4,5,2,1,4,4,3
ssp_socio4_ag4_gwhi_rs_noresm_NDC_Tax_ffict,2100,Africa_Southern,water_td_irr_ZambeziR_W,0.0545041999999999,0.2107345,0.1623547,6.22487,1.96071158,0.0519561,1.823437,0.01762237,0.02001721,0.0476788999999999,3,1,5,1,1,4,4,7,6,0,5,2,5,4,4,3
ssp_socio4_ag4_gwhi_rs_noresm_NDC_Tax_uct,2100,Africa_Southern,water_td_irr_ZambeziR_W,0.01141195,0.0830973999999999,0.087938,6.37993548,1.6562081535999997,0.02865751,1.5537697,0.00715836,0.01084019,0.0557823936,3,1,5,2,1,4,4,5,6,4,5,2,1,4,4,3
ssp_socio4_ag4_gwlo_exp_gfdl_NDC_Tax_ffict,2100,Africa_Southern,water_td_irr_ZambeziR_W,0.0541134,0.2075058,0.1614166,6.2399,1.9481095299999998,0.0513974,1.811979,0.01727123,0.0196798,0.0477820999999999,1,2,1,1,1,4,4,7,6,0,5,2,5,4,4,3
ssp_socio4_ag4_gwlo_exp_gfdl_NDC_Tax_uct,2100,Africa_Southern,water_td_irr_ZambeziR_W,0.01133341,0.0826097,0.0887743999999999,6.47612192,1.6761741151,0.02883051,1.5727106000000002,0.00715489,0.01090229,0.0565758251,1,2,1,2,1,4,4,5,6,4,5,2,1,4,4,3
ssp_socio4_ag4_gwlo_exp_hadgem_NDC_Tax_ffict,2100,Africa_Southern,water_td_irr_ZambeziR_W,0.0541179,0.2067237,0.16038,6.216049999999999,1.94002028,0.0511275,1.804558,0.0172499,0.01963908,0.0474458,1,2,2,1,1,4,4,7,6,0,5,2,5,4,4,3
ssp_socio4_ag4_gwlo_exp_hadgem_NDC_Tax_uct,2100,Africa_Southern,water_td_irr_ZambeziR_W,0.01127231,0.0822934,0.088484,6.46973686,1.6738910992999998,0.0287727,1.5705512,0.00713733,0.01087973,0.0565501392999999,1,2,2,2,1,4,4,5,6,4,5,2,1,4,4,3
ssp_socio4_ag4_gwlo_exp_ipsl_NDC_Tax_ffict,2100,Africa_Southern,water_td_irr_ZambeziR_W,0.0528265999999999,0.2054637,0.1590007999999999,6.1856,1.92594617,0.0508931,1.7912860000000002,0.01712848,0.01943239,0.0472062,1,2,3,1,1,4,4,7,6,0,5,2,5,4,4,3
ssp_socio4_ag4_gwlo_exp_ipsl_NDC_Tax_uct,2100,Africa_Southern,water_td_irr_ZambeziR_W,0.01117934,0.0822056,0.0883645,6.46962922,1.6719665298,0.02875799,1.5687326,0.0071203,0.01085672,0.0564989198,1,2,3,2,1,4,4,5,6,4,5,2,1,4,4,3
ssp_socio4_ag4_gwlo_exp_miroc_NDC_Tax_ffict,2100,Africa_Southern,water_td_irr_ZambeziR_W,0.0539041999999999,0.2047226,0.1593691,6.1111900000000015,1.9179040399999998,0.0503671999999999,1.784366,0.01704538,0.01947766,0.0466478,1,2,4,1,1,4,4,7,6,0,5,2,5,4,4,3
ssp_socio4_ag4_gwlo_exp_miroc_NDC_Tax_uct,2100,Africa_Southern,water_td_irr_ZambeziR_W,0.01130359,0.0823415,0.0885465,6.46514011,1.6745173702999996,0.02874177,1.5712875,0.0071283999999999,0.010875,0.0564847003,1,2,4,2,1,4,4,5,6,4,5,2,1,4,4,3
ssp_socio4_ag4_gwlo_exp_noresm_NDC_Tax_ffict,2100,Africa_Southern,water_td_irr_ZambeziR_W,0.0549173,0.2104007999999999,0.1626969999999999,6.27444,1.9685362300000002,0.0520873,1.830866,0.01760763,0.0200360999999999,0.0479392,1,2,5,1,1,4,4,7,6,0,5,2,5,4,4,3
ssp_socio4_ag4_gwlo_exp_noresm_NDC_Tax_uct,2100,Africa_Southern,water_td_irr_ZambeziR_W,0.01077457,0.0809519,0.0874298999999999,6.471214219999999,1.6645869369999997,0.02836921,1.5618873,0.00701164,0.01078754,0.056531247,1,2,5,2,1,4,4,5,6,4,5,2,1,4,4,3
ssp_socio4_ag4_gwlo_rs_gfdl_NDC_Tax_ffict,2100,Africa_Southern,water_td_irr_ZambeziR_W,0.0545266999999999,0.2090643999999999,0.1616109999999999,6.23197,1.95782996,0.0513412,1.82182,0.01726873,0.01966603,0.047734,1,1,1,1,1,4,4,7,6,0,5,2,5,4,4,3
ssp_socio4_ag4_gwlo_rs_gfdl_NDC_Tax_uct,2100,Africa_Southern,water_td_irr_ZambeziR_W,0.01139521,0.082896,0.0888593,6.47559992,1.6791223964,0.02884164,1.5756553,0.00715893,0.01090501,0.0565615164,1,1,1,2,1,4,4,5,6,4,5,2,1,4,4,3
ssp_socio4_ag4_gwlo_rs_hadgem_NDC_Tax_ffict,2100,Africa_Southern,water_td_irr_ZambeziR_W,0.0543120999999999,0.2081116,0.1604701,6.20953,1.94793845,0.0510805,1.812579,0.01724936,0.01961849,0.0474111,1,1,2,1,1,4,4,7,6,0,5,2,5,4,4,3
ssp_socio4_ag4_gwlo_rs_hadgem_NDC_Tax_uct,2100,Africa_Southern,water_td_irr_ZambeziR_W,0.01129719,0.0825497999999999,0.0885215999999999,6.471134429999998,1.6765481974,0.028768,1.5732407000000002,0.00713681,0.01087753,0.0565251574,1,1,2,2,1,4,4,5,6,4,5,2,1,4,4,3
ssp_socio4_ag4_gwlo_rs_ipsl_NDC_Tax_ffict,2100,Africa_Southern,water_td_irr_ZambeziR_W,0.0536914999999999,0.213115,0.1595489,5.97114,1.8835623799999999,0.0515149,1.748941,0.01727975,0.01947893,0.0463478,1,1,3,1,1,4,4,7,1,0,5,6,5,4,1,3
ssp_socio4_ag4_gwlo_rs_ipsl_NDC_Tax_uct,2100,Africa_Southern,water_td_irr_ZambeziR_W,0.01128469,0.0825452,0.0885056,6.46786818,1.6751733038999999,0.0287663999999999,1.5719105,0.00713867,0.01086933,0.0564884039,1,1,3,2,1,4,4,5,6,4,5,2,1,4,4,3
ssp_socio4_ag4_gwlo_rs_miroc_NDC_Tax_ffict,2100,Africa_Southern,water_td_irr_ZambeziR_W,0.0552974,0.2075791,0.1593098,5.9737800000000005,1.9022740499999997,0.0501839,1.769536,0.01714157,0.01947018,0.0459424,1,1,4,1,1,4,4,7,1,0,5,6,5,4,1,3
ssp_socio4_ag4_gwlo_rs_miroc_NDC_Tax_uct,2100,Africa_Southern,water_td_irr_ZambeziR_W,0.01138052,0.0825897999999999,0.0886353,6.46459892,1.6771566805999998,0.02874475,1.5739332,0.00713488,0.01087455,0.0564693005999999,1,1,4,2,1,4,4,5,6,4,5,2,1,4,4,3
ssp_socio4_ag4_gwlo_rs_noresm_NDC_Tax_ffict,2100,Africa_Southern,water_td_irr_ZambeziR_W,0.0552133,0.2109127,0.1628231,6.27366,1.97528408,0.0520558,1.837712,0.01758776,0.02002412,0.0479044,1,1,5,1,1,4,4,7,6,0,5,2,5,4,4,3
ssp_socio4_ag4_gwlo_rs_noresm_NDC_Tax_uct,2100,Africa_Southern,water_td_irr_ZambeziR_W,0.01154152,0.0829561,0.0891741,6.45883339,1.681318104,0.02893933,1.5773896,0.00722565,0.01097679,0.056786734,1,1,5,2,1,4,4,5,6,4,5,2,1,4,4,3
ssp_socio4_ag4_gwmed_exp_gfdl_NDC_Tax_ffict,2100,Africa_Southern,water_td_irr_ZambeziR_W,0.0539086,0.2074185,0.1614165,6.2448700000000015,1.94648051,0.0514270999999999,1.810321,0.01726982,0.01968459,0.0477779999999999,2,2,1,1,1,4,4,7,6,0,5,2,5,4,4,3
ssp_socio4_ag4_gwmed_exp_gfdl_NDC_Tax_uct,2100,Africa_Southern,water_td_irr_ZambeziR_W,0.01130665,0.0826749,0.0888176,6.477150109999998,1.6755379091,0.02884948,1.5720388,0.00715947,0.01090705,0.0565831091,2,2,1,2,1,4,4,5,6,4,5,2,1,4,4,3
ssp_socio4_ag4_gwmed_exp_hadgem_NDC_Tax_ffict,2100,Africa_Southern,water_td_irr_ZambeziR_W,0.0540251999999999,0.2063087,0.1599607,6.21546,1.93847131,0.0511189,1.803011,0.01724208,0.01963193,0.0474674,2,2,2,1,1,4,4,7,6,0,5,2,5,4,4,3
ssp_socio4_ag4_gwmed_exp_hadgem_NDC_Tax_uct,2100,Africa_Southern,water_td_irr_ZambeziR_W,0.0112244799999999,0.0821505999999999,0.088417,6.47171645,1.6727060790999995,0.02877309,1.5693848999999995,0.00712937,0.01087236,0.0565463591,2,2,2,2,1,4,4,5,6,4,5,2,1,4,4,3
ssp_socio4_ag4_gwmed_exp_ipsl_NDC_Tax_ffict,2100,Africa_Southern,water_td_irr_ZambeziR_W,0.0525958,0.20538,0.1589888,6.18676,1.92476245,0.0508977,1.790099,0.01712352,0.01942903,0.0472132,2,2,3,1,1,4,4,7,6,0,5,2,5,4,4,3
ssp_socio4_ag4_gwmed_exp_ipsl_NDC_Tax_uct,2100,Africa_Southern,water_td_irr_ZambeziR_W,0.01136295,0.0829467999999999,0.0877321,6.3588585,1.6492118274,0.02860146,1.5470495000000002,0.00716214,0.01079741,0.0556013174,2,2,3,2,1,4,4,5,6,4,5,2,1,4,4,3
ssp_socio4_ag4_gwmed_exp_miroc_NDC_Tax_ffict,2100,Africa_Southern,water_td_irr_ZambeziR_W,0.0535784999999999,0.2045796,0.1593191,6.11449,1.9123535200000001,0.05037,1.778786,0.01703565,0.01949167,0.0466702,2,2,4,1,1,4,4,7,6,0,5,2,5,4,4,3
ssp_socio4_ag4_gwmed_exp_miroc_NDC_Tax_uct,2100,Africa_Southern,water_td_irr_ZambeziR_W,0.01124083,0.0822591999999999,0.0885228,6.46640992,1.6729664318,0.02873859,1.5697356000000002,0.007126,0.01087354,0.0564927017999999,2,2,4,2,1,4,4,5,6,4,5,2,1,4,4,3
ssp_socio4_ag4_gwmed_exp_noresm_NDC_Tax_ffict,2100,Africa_Southern,water_td_irr_ZambeziR_W,0.0545168,0.2100646,0.1627059,6.283980000000001,1.96744258,0.0520863,1.829787,0.01758208,0.0200466,0.0479406,2,2,5,1,1,4,4,7,6,0,5,2,5,4,4,3
ssp_socio4_ag4_gwmed_exp_noresm_NDC_Tax_uct,2100,Africa_Southern,water_td_irr_ZambeziR_W,0.01121338,0.0823566,0.0885126,6.47559334,1.6747860974,0.02881359,1.5713507,0.00714865,0.01090092,0.0565722374,2,2,5,2,1,4,4,5,6,4,5,2,1,4,4,3
ssp_socio4_ag4_gwmed_rs_gfdl_NDC_Tax_ffict,2100,Africa_Southern,water_td_irr_ZambeziR_W,0.0531872,0.2090871,0.16132,6.2409300000000005,1.9503332599999998,0.0514165999999999,1.814119,0.01730698,0.01966918,0.0478215,2,1,1,1,1,4,4,7,6,0,5,2,5,4,4,3
ssp_socio4_ag4_gwmed_rs_gfdl_NDC_Tax_uct,2100,Africa_Southern,water_td_irr_ZambeziR_W,0.01131741,0.0827822,0.0888258999999999,6.47748951,1.6769568893,0.0288375999999999,1.5734881,0.0071565399999999,0.01090283,0.0565718193,2,1,1,2,1,4,4,5,6,4,5,2,1,4,4,3
ssp_socio4_ag4_gwmed_rs_hadgem_NDC_Tax_ffict,2100,Africa_Southern,water_td_irr_ZambeziR_W,0.0541704,0.207559,0.1599648,6.213430000000001,1.94003593,0.0510697,1.804646,0.01724655,0.01961668,0.047457,2,1,2,1,1,4,4,7,6,0,5,2,5,4,4,3
ssp_socio4_ag4_gwmed_rs_hadgem_NDC_Tax_uct,2100,Africa_Southern,water_td_irr_ZambeziR_W,0.01126195,0.0824685,0.0885097,6.47302311,1.6747484596999997,0.02877422,1.5714207,0.00713733,0.01087936,0.0565368496999999,2,1,2,2,1,4,4,5,6,4,5,2,1,4,4,3
ssp_socio4_ag4_gwmed_rs_ipsl_NDC_Tax_ffict,2100,Africa_Southern,water_td_irr_ZambeziR_W,0.0493384999999999,0.1976974,0.1580304,6.3305500000000015,1.92347624,0.049538,1.788875,0.01722318,0.01936066,0.0484794,2,1,3,1,1,4,4,7,6,0,5,2,5,4,4,3
ssp_socio4_ag4_gwmed_rs_ipsl_NDC_Tax_uct,2100,Africa_Southern,water_td_irr_ZambeziR_W,0.01134361,0.0828819,0.0876932,6.3639842,1.6505285497000002,0.02854202,1.5483506,0.00715624,0.01078817,0.0556915197,2,1,3,2,1,4,4,5,6,4,5,2,1,4,4,3
ssp_socio4_ag4_gwmed_rs_miroc_NDC_Tax_ffict,2100,Africa_Southern,water_td_irr_ZambeziR_W,0.0535471,0.2059844,0.1583997,5.9836,1.8958625599999996,0.0500578,1.7631279999999998,0.0170668699999999,0.01937919,0.0462306999999999,2,1,4,1,1,4,4,7,1,0,5,6,5,4,1,3
ssp_socio4_ag4_gwmed_rs_miroc_NDC_Tax_uct,2100,Africa_Southern,water_td_irr_ZambeziR_W,0.01127683,0.0824404,0.0885721999999999,6.46652862,1.6747958427,0.02874047,1.5715712,0.00713073,0.01087184,0.0564816026999999,2,1,4,2,1,4,4,5,6,4,5,2,1,4,4,3
ssp_socio4_ag4_gwmed_rs_noresm_NDC_Tax_ffict,2100,Africa_Southern,water_td_irr_ZambeziR_W,0.0537899,0.2113149,0.1629724,6.25926,1.9700891300000003,0.0521175,1.83231,0.01760831,0.02009242,0.0479609,2,1,5,1,1,4,4,7,6,0,5,2,5,4,4,3
ssp_socio4_ag4_gwmed_rs_noresm_NDC_Tax_uct,2100,Africa_Southern,water_td_irr_ZambeziR_W,0.01121094,0.0821073,0.0879898,6.42496132,1.6634476451000002,0.02863928,1.5606946000000002,0.00711013,0.01084246,0.0561611751,2,1,5,2,1,4,4,5,6,4,5,2,1,4,4,3
