scenario,year,region,input,FiberCrop_withdrawal,Rice_withdrawal,Wheat_withdrawal,SugarCrop_withdrawal,MiscAll_withdrawals,Corn_withdrawal,FodderHerb_withdrawal,MiscCrop_withdrawal,OilCrop_withdrawal,OtherGrain_withdrawal,Root_Tuber_withdrawal,gw,res,esm,tax,ssp,ag,soc,cluster_FiberCrop_withdrawal_Rice_withdrawal,cluster_FiberCrop_withdrawal_SugarCrop_withdrawal,cluster_FiberCrop_withdrawal_Wheat_withdrawal,cluster_FiberCrop_withdrawal_MiscAll_withdrawals,cluster_Rice_withdrawal_SugarCrop_withdrawal,cluster_Rice_withdrawal_Wheat_withdrawal,cluster_Rice_withdrawal_MiscAll_withdrawals,cluster_SugarCrop_withdrawal_Wheat_withdrawal
ssp_ag2_soc3_gwhi_exp_gfdl_NDC_Tax_uct,2100,Central Asia,water_td_irr_SyrDaryaR_W,27.48598,12.09951,5.031280000000001,0.513174,31.204220999999997,2.305156,3.4605839999999994,13.03652,3.151647,5.29552,3.954794,3,2,1,2,2,2,3,6,6,2,5,1,2,6,4
ssp_ag2_soc3_gwhi_exp_hadgem_NDC_Tax_uct,2100,Central Asia,water_td_irr_SyrDaryaR_W,27.81923,12.13412,5.02458,0.5153570000000001,31.395352,2.321296,3.500428,13.09441,3.17195,5.32716,3.980108,3,2,2,2,2,2,3,6,6,2,5,1,2,6,4
ssp_ag2_soc3_gwhi_exp_ipsl_NDC_Tax_uct,2100,Central Asia,water_td_irr_SyrDaryaR_W,27.15153,12.04736,4.98206,0.5119049999999999,31.04956,2.30059,3.4674400000000003,12.90014,3.15027,5.287059999999999,3.94406,3,2,3,2,2,2,3,6,6,2,5,1,2,6,4
ssp_ag2_soc3_gwhi_exp_miroc_NDC_Tax_uct,2100,Central Asia,water_td_irr_SyrDaryaR_W,27.554350000000003,12.11862,5.03596,0.5141359999999999,31.45712,2.301079,3.426313,13.33153,3.145517,5.29054,3.962141,3,2,4,2,2,2,3,6,6,2,5,1,2,6,4
ssp_ag2_soc3_gwhi_exp_noresm_NDC_Tax_uct,2100,Central Asia,water_td_irr_SyrDaryaR_W,27.67373,12.14265,4.99694,0.514709,31.504447000000006,2.321336,3.5263230000000005,13.14126,3.17985,5.34058,3.995098000000001,3,2,5,2,2,2,3,6,6,2,5,1,2,6,4
ssp_ag2_soc3_gwhi_rs_gfdl_NDC_Tax_uct,2100,Central Asia,water_td_irr_SyrDaryaR_W,27.52503,12.088349999999998,5.05545,0.515374,31.50626,2.291516,3.4148720000000004,13.44598,3.131054,5.26591,3.956928,3,1,1,2,2,2,3,6,6,2,5,1,2,6,4
ssp_ag2_soc3_gwhi_rs_hadgem_NDC_Tax_uct,2100,Central Asia,water_td_irr_SyrDaryaR_W,27.846740000000004,12.12497,5.04576,0.516966,31.709,2.304422,3.45696,13.51767,3.1517,5.29746,3.980788,3,1,2,2,2,2,3,6,6,2,5,1,2,6,4
ssp_ag2_soc3_gwhi_rs_ipsl_NDC_Tax_uct,2100,Central Asia,water_td_irr_SyrDaryaR_W,27.175780000000003,11.98206,5.00235,0.513799,31.19671,2.283155,3.43095,13.17002,3.1223980000000005,5.24885,3.941337,3,1,3,2,2,2,3,6,6,2,5,1,2,6,4
ssp_ag2_soc3_gwhi_rs_miroc_NDC_Tax_uct,2100,Central Asia,water_td_irr_SyrDaryaR_W,27.61098,12.06466,5.058269999999999,0.515706,31.570184,2.2802740000000004,3.392989,13.55318,3.126297,5.25545,3.961994,3,1,4,2,2,2,3,6,6,2,5,1,2,6,4
ssp_ag2_soc3_gwhi_rs_noresm_NDC_Tax_uct,2100,Central Asia,water_td_irr_SyrDaryaR_W,27.6126,12.05389,5.00854,0.5152869999999999,31.514939,2.306123,3.5063730000000004,13.24912,3.15299,5.31025,3.990083,3,1,5,2,2,2,3,6,6,2,5,1,2,6,4
ssp_ag2_soc3_gwlo_exp_gfdl_NDC_Tax_uct,2100,Central Asia,water_td_irr_SyrDaryaR_W,27.77311000000001,12.15876,5.03819,0.514033,31.511249,2.3069610000000003,3.4387830000000004,13.35441,3.152403,5.2945,3.964192,1,2,1,2,2,2,3,6,6,2,5,1,2,6,4
ssp_ag2_soc3_gwlo_exp_hadgem_NDC_Tax_uct,2100,Central Asia,water_td_irr_SyrDaryaR_W,27.97995,12.18493,5.03659,0.516087,31.711103,2.32205,3.473882,13.43175,3.1712100000000003,5.32465,3.987561,1,2,2,2,2,2,3,6,6,2,5,1,2,6,4
ssp_ag2_soc3_gwlo_exp_ipsl_NDC_Tax_uct,2100,Central Asia,water_td_irr_SyrDaryaR_W,27.450940000000006,12.11936,4.99638,0.514103,31.350023,2.303982,3.4521589999999995,13.18157,3.15776,5.29394,3.960612,1,2,3,2,2,2,3,6,6,2,5,1,2,6,4
ssp_ag2_soc3_gwlo_exp_miroc_NDC_Tax_uct,2100,Central Asia,water_td_irr_SyrDaryaR_W,27.943620000000006,12.18211,5.0457600000000005,0.5149710000000001,31.659150999999998,2.2997050000000003,3.41404,13.53376,3.151992,5.2871,3.972554,1,2,4,2,2,2,3,6,6,2,5,1,2,6,4
ssp_ag2_soc3_gwlo_exp_noresm_NDC_Tax_uct,2100,Central Asia,water_td_irr_SyrDaryaR_W,28.08107,12.2039,4.99775,0.516154,31.748983,2.329353,3.51419,13.37659,3.18339,5.34117,4.00429,1,2,5,2,2,2,3,6,6,2,5,1,2,6,4
ssp_ag2_soc3_gwlo_rs_gfdl_NDC_Tax_uct,2100,Central Asia,water_td_irr_SyrDaryaR_W,25.22735,9.78993,5.11278,0.493906,28.557167,1.907069,3.3407980000000004,12.16747,2.580997,4.88168,3.679153,1,1,1,2,2,2,3,6,3,2,5,3,1,3,4
ssp_ag2_soc3_gwlo_rs_hadgem_NDC_Tax_uct,2100,Central Asia,water_td_irr_SyrDaryaR_W,26.64723,10.85032,5.0879900000000005,0.505736,30.134671,2.086801,3.4064330000000003,12.879,2.84893,5.08311,3.830397,1,1,2,2,2,2,3,6,6,2,5,1,2,3,4
ssp_ag2_soc3_gwlo_rs_ipsl_NDC_Tax_uct,2100,Central Asia,water_td_irr_SyrDaryaR_W,21.22379,6.79245,5.12376,0.4629149999999999,24.214004,1.424845,3.264803,10.08763,1.824595,4.33889,3.273241,1,1,3,2,2,2,3,2,3,2,5,2,7,7,4
ssp_ag2_soc3_gwlo_rs_miroc_NDC_Tax_uct,2100,Central Asia,water_td_irr_SyrDaryaR_W,22.88692,7.78552,5.15201,0.472426,25.779013,1.568769,3.261386,10.93964,2.0859080000000003,4.51216,3.41115,1,1,4,2,2,2,3,4,3,2,5,2,7,7,4
ssp_ag2_soc3_gwlo_rs_noresm_NDC_Tax_uct,2100,Central Asia,water_td_irr_SyrDaryaR_W,21.77507,6.90632,5.11449,0.462395,24.613758,1.432927,3.3188910000000003,10.2748,1.886633,4.3935900000000006,3.306917,1,1,5,2,2,2,3,2,3,2,5,2,7,7,4
ssp_ag2_soc3_gwmed_exp_gfdl_NDC_Tax_uct,2100,Central Asia,water_td_irr_SyrDaryaR_W,27.50229,12.11723,5.03827,0.512941,31.375011999999998,2.299767,3.4451,13.22871,3.1502220000000003,5.29336,3.957853,2,2,1,2,2,2,3,6,6,2,5,1,2,6,4
ssp_ag2_soc3_gwmed_exp_hadgem_NDC_Tax_uct,2100,Central Asia,water_td_irr_SyrDaryaR_W,27.8411,12.15486,5.0335800000000015,0.515406,31.574153,2.323118,3.485637,13.287720000000002,3.16848,5.324999999999998,3.984198,2,2,2,2,2,2,3,6,6,2,5,1,2,6,4
ssp_ag2_soc3_gwmed_exp_ipsl_NDC_Tax_uct,2100,Central Asia,water_td_irr_SyrDaryaR_W,27.18665,12.05791,4.98617,0.511907,31.113042,2.303949,3.463948,12.96546,3.147902,5.28543,3.946353,2,2,3,2,2,2,3,6,6,2,5,1,2,6,4
ssp_ag2_soc3_gwmed_exp_miroc_NDC_Tax_uct,2100,Central Asia,water_td_irr_SyrDaryaR_W,27.58126,12.12924,5.04318,0.514181,31.544264000000002,2.30081,3.4176519999999995,13.42852,3.145076,5.28791,3.964296,2,2,4,2,2,2,3,6,6,2,5,1,2,6,4
ssp_ag2_soc3_gwmed_exp_noresm_NDC_Tax_uct,2100,Central Asia,water_td_irr_SyrDaryaR_W,27.69395,12.14509,4.9980400000000005,0.51513,31.524731000000003,2.327938,3.523925,13.15759,3.17996,5.33972,3.995598,2,2,5,2,2,2,3,6,6,2,5,1,2,6,4
ssp_ag2_soc3_gwmed_rs_gfdl_NDC_Tax_uct,2100,Central Asia,water_td_irr_SyrDaryaR_W,27.54373,12.08721,5.06188,0.5152979999999999,31.564793,2.286745,3.405046,13.52164,3.130732,5.262029999999998,3.9586,2,1,1,2,2,2,3,6,6,2,5,1,2,6,4
ssp_ag2_soc3_gwmed_rs_hadgem_NDC_Tax_uct,2100,Central Asia,water_td_irr_SyrDaryaR_W,27.855400000000003,12.12249,5.05359,0.5171560000000001,31.772743000000002,2.303305,3.4464550000000003,13.59735,3.15113,5.29301,3.981493,2,1,2,2,2,2,3,6,6,2,5,1,2,6,4
ssp_ag2_soc3_gwmed_rs_ipsl_NDC_Tax_uct,2100,Central Asia,water_td_irr_SyrDaryaR_W,27.2055,11.96376,5.02467,0.513691,31.368673,2.273641,3.397985,13.41025,3.107533,5.23529,3.943974,2,1,3,2,2,2,3,6,6,2,5,1,2,6,4
ssp_ag2_soc3_gwmed_rs_miroc_NDC_Tax_uct,2100,Central Asia,water_td_irr_SyrDaryaR_W,27.67231,12.07514,5.0758100000000015,0.5152479999999999,31.648673000000002,2.2793400000000004,3.378329,13.65611,3.121201,5.2464,3.967293,2,1,4,2,2,2,3,6,6,2,5,1,2,6,4
ssp_ag2_soc3_gwmed_rs_noresm_NDC_Tax_uct,2100,Central Asia,water_td_irr_SyrDaryaR_W,27.622090000000004,12.04446,5.02321,0.51579,31.746377000000003,2.300722,3.476053,13.53502,3.138171,5.30307,3.993341000000001,2,1,5,2,2,2,3,6,6,2,5,1,2,6,4
ssp_socio3_ag1_gwhi_exp_gfdl_NDC_Tax_uct,2100,Central Asia,water_td_irr_SyrDaryaR_W,18.5552,12.97803,4.83895,0.788938,29.200094,2.020786,1.774798,10.88122,4.39839,6.84087,3.28403,3,2,1,2,1,1,3,6,0,0,5,4,2,6,4
ssp_socio3_ag1_gwhi_exp_hadgem_NDC_Tax_uct,2100,Central Asia,water_td_irr_SyrDaryaR_W,18.64931,12.99444,4.842230000000001,0.791022,29.320826999999998,2.0297270000000003,1.78948,10.91122,4.41466,6.876659999999998,3.2990800000000005,3,2,2,2,1,1,3,6,0,0,5,4,2,6,4
ssp_socio3_ag1_gwhi_exp_ipsl_NDC_Tax_uct,2100,Central Asia,water_td_irr_SyrDaryaR_W,18.08976,12.78217,4.79272,0.7836930000000001,28.905452999999998,2.0110840000000003,1.7705490000000002,10.67727,4.37996,6.8083,3.25829,3,2,3,2,1,1,3,6,0,0,5,4,2,6,4
ssp_socio3_ag1_gwhi_exp_miroc_NDC_Tax_uct,2100,Central Asia,water_td_irr_SyrDaryaR_W,18.55738,12.95613,4.8424700000000005,0.7890550000000001,29.262195000000002,2.016253,1.760432,10.9906,4.385730000000001,6.824739999999999,3.28444,3,2,4,2,1,1,3,6,0,0,5,4,2,6,4
ssp_socio3_ag1_gwhi_exp_noresm_NDC_Tax_uct,2100,Central Asia,water_td_irr_SyrDaryaR_W,18.33836,12.89778,4.8264,0.788859,29.346702999999998,2.0322500000000003,1.817003,10.85609,4.42159,6.910139999999999,3.3096300000000003,3,2,5,2,1,1,3,6,0,0,5,4,2,6,4
ssp_socio3_ag1_gwhi_rs_gfdl_NDC_Tax_uct,2100,Central Asia,water_td_irr_SyrDaryaR_W,18.60247,13.01095,4.89496,0.8055329999999999,29.345238,2.006518,1.75155,11.12493,4.37415,6.80475,3.28334,3,1,1,2,1,1,3,6,0,0,5,4,2,6,4
ssp_socio3_ag1_gwhi_rs_hadgem_NDC_Tax_uct,2100,Central Asia,water_td_irr_SyrDaryaR_W,18.68712,13.04768,4.88354,0.804245,29.468892000000004,2.0166060000000003,1.7687560000000002,11.13386,4.41139,6.842130000000001,3.29615,3,1,2,2,1,1,3,6,0,0,5,4,2,6,4
ssp_socio3_ag1_gwhi_rs_ipsl_NDC_Tax_uct,2100,Central Asia,water_td_irr_SyrDaryaR_W,18.07746,12.74104,4.84621,0.797396,29.017393000000002,1.982702,1.7386910000000002,10.95629,4.3285,6.76055,3.25066,3,1,3,2,1,1,3,6,0,0,5,4,2,6,4
ssp_socio3_ag1_gwhi_rs_miroc_NDC_Tax_uct,2100,Central Asia,water_td_irr_SyrDaryaR_W,18.55377,12.93873,4.892530000000001,0.8063060000000001,29.279194,1.98581,1.737414,11.15341,4.35455,6.771610000000001,3.2764,3,1,4,2,1,1,3,6,0,0,5,4,2,6,4
ssp_socio3_ag1_gwhi_rs_noresm_NDC_Tax_uct,2100,Central Asia,water_td_irr_SyrDaryaR_W,18.30541,12.81472,4.876119999999999,0.798725,29.447598000000003,2.007353,1.785235,11.11702,4.37172,6.863989999999999,3.30228,3,1,5,2,1,1,3,6,0,0,5,4,2,6,4
ssp_socio3_ag1_gwlo_exp_gfdl_NDC_Tax_uct,2100,Central Asia,water_td_irr_SyrDaryaR_W,18.7284,13.02327,4.84657,0.789909,29.295839,2.025467,1.7750720000000002,10.9574,4.400440000000001,6.8462,3.2912600000000003,1,2,1,2,1,1,3,6,0,0,5,4,2,6,4
ssp_socio3_ag1_gwlo_exp_hadgem_NDC_Tax_uct,2100,Central Asia,water_td_irr_SyrDaryaR_W,18.74656,13.03282,4.85051,0.7919069999999999,29.412826,2.031523,1.787913,10.99056,4.4202,6.8785500000000015,3.3040800000000004,1,2,2,2,1,1,3,6,0,0,5,4,2,6,4
ssp_socio3_ag1_gwlo_exp_ipsl_NDC_Tax_uct,2100,Central Asia,water_td_irr_SyrDaryaR_W,18.25275,12.8218,4.79774,0.7846,28.993706000000003,2.01276,1.7703259999999998,10.74478,4.38736,6.8131900000000005,3.26529,1,2,3,2,1,1,3,6,0,0,5,4,2,6,4
ssp_socio3_ag1_gwlo_exp_miroc_NDC_Tax_uct,2100,Central Asia,water_td_irr_SyrDaryaR_W,18.78634,13.013560000000002,4.8506800000000005,0.790309,29.377469,2.015791,1.7590880000000002,11.0837,4.3951,6.829790000000001,3.294,1,2,4,2,1,1,3,6,0,0,5,4,2,6,4
ssp_socio3_ag1_gwlo_exp_noresm_NDC_Tax_uct,2100,Central Asia,water_td_irr_SyrDaryaR_W,18.58243,12.96529,4.83483,0.79025,29.497761,2.03873,1.816841,10.97392,4.43216,6.916779999999998,3.3193300000000003,1,2,5,2,1,1,3,6,0,0,5,4,2,6,4
ssp_socio3_ag1_gwlo_rs_gfdl_NDC_Tax_uct,2100,Central Asia,water_td_irr_SyrDaryaR_W,18.8607,12.82185,4.9532,0.8024819999999999,29.316358,2.003969,1.7062389999999998,11.23621,4.312180000000001,6.769480000000001,3.2882800000000003,1,1,1,2,1,1,3,6,0,0,5,4,2,6,4
ssp_socio3_ag1_gwlo_rs_hadgem_NDC_Tax_uct,2100,Central Asia,water_td_irr_SyrDaryaR_W,18.92349,12.832440000000002,4.9682,0.801596,29.466192,2.019212,1.69846,11.27532,4.35907,6.807869999999999,3.30626,1,1,2,2,1,1,3,6,0,0,5,4,2,6,4
ssp_socio3_ag1_gwlo_rs_ipsl_NDC_Tax_uct,2100,Central Asia,water_td_irr_SyrDaryaR_W,14.86062,9.02246,4.80452,0.7172540000000001,23.102037,1.412212,1.599608,8.573739999999999,2.94092,5.8342,2.741357,1,1,3,2,1,1,3,7,0,0,6,3,1,3,4
ssp_socio3_ag1_gwlo_rs_miroc_NDC_Tax_uct,2100,Central Asia,water_td_irr_SyrDaryaR_W,17.303449999999998,11.05144,4.933590000000001,0.768844,26.601571,1.7291169999999998,1.625494,10.17044,3.68294,6.3340000000000005,3.0595799999999995,1,1,4,2,1,1,3,6,0,0,5,4,1,3,4
ssp_socio3_ag1_gwlo_rs_noresm_NDC_Tax_uct,2100,Central Asia,water_td_irr_SyrDaryaR_W,15.55631,9.31745,4.89877,0.725024,24.114505,1.501774,1.6007060000000002,9.04636,3.10644,6.00542,2.853805,1,1,5,2,1,1,3,7,0,0,6,3,1,3,4
ssp_socio3_ag1_gwmed_exp_gfdl_NDC_Tax_uct,2100,Central Asia,water_td_irr_SyrDaryaR_W,18.57263,12.98923,4.84414,0.789119,29.224564,2.023371,1.774693,10.90267,4.39581,6.84208,3.28594,2,2,1,2,1,1,3,6,0,0,5,4,2,6,4
ssp_socio3_ag1_gwmed_exp_hadgem_NDC_Tax_uct,2100,Central Asia,water_td_irr_SyrDaryaR_W,18.66576,13.01185,4.8486600000000015,0.791361,29.365804,2.0295560000000004,1.787948,10.95549,4.4165600000000005,6.87529,3.30096,2,2,2,2,1,1,3,6,0,0,5,4,2,6,4
ssp_socio3_ag1_gwmed_exp_ipsl_NDC_Tax_uct,2100,Central Asia,water_td_irr_SyrDaryaR_W,18.11988,12.79326,4.79574,0.784014,28.932929,2.013095,1.770184,10.69716,4.3819300000000005,6.8101,3.26046,2,2,3,2,1,1,3,6,0,0,5,4,2,6,4
ssp_socio3_ag1_gwmed_exp_miroc_NDC_Tax_uct,2100,Central Asia,water_td_irr_SyrDaryaR_W,18.5723,12.96192,4.8448400000000005,0.789193,29.270468,2.0118620000000003,1.758946,11.00013,4.38938,6.8248700000000015,3.28528,2,2,4,2,1,1,3,6,0,0,5,4,2,6,4
ssp_socio3_ag1_gwmed_exp_noresm_NDC_Tax_uct,2100,Central Asia,water_td_irr_SyrDaryaR_W,18.37379,12.92593,4.83426,0.789471,29.417260999999996,2.037214,1.816507,10.91123,4.42476,6.914,3.31355,2,2,5,2,1,1,3,6,0,0,5,4,2,6,4
ssp_socio3_ag1_gwmed_rs_gfdl_NDC_Tax_uct,2100,Central Asia,water_td_irr_SyrDaryaR_W,18.61633,13.01133,4.90187,0.8056319999999999,29.369362999999996,2.006485,1.7448580000000002,11.15672,4.370699999999999,6.803789999999999,3.28681,2,1,1,2,1,1,3,6,0,0,5,4,2,6,4
ssp_socio3_ag1_gwmed_rs_hadgem_NDC_Tax_uct,2100,Central Asia,water_td_irr_SyrDaryaR_W,18.75176,12.92266,4.932580000000001,0.802897,29.490403,2.0289710000000003,1.7212919999999998,11.21072,4.39525,6.82752,3.3066500000000003,2,1,2,2,1,1,3,6,0,0,5,4,2,6,4
ssp_socio3_ag1_gwmed_rs_ipsl_NDC_Tax_uct,2100,Central Asia,water_td_irr_SyrDaryaR_W,18.11726,12.74375,4.85711,0.797614,29.051298000000003,1.981019,1.735399,10.99812,4.32104,6.7604,3.25532,2,1,3,2,1,1,3,6,0,0,5,4,2,6,4
ssp_socio3_ag1_gwmed_rs_miroc_NDC_Tax_uct,2100,Central Asia,water_td_irr_SyrDaryaR_W,18.58841,12.95118,4.90616,0.807028,29.346576,1.9911,1.729456,11.2157,4.34848,6.77632,3.28552,2,1,4,2,1,1,3,6,0,0,5,4,2,6,4
ssp_socio3_ag1_gwmed_rs_noresm_NDC_Tax_uct,2100,Central Asia,water_td_irr_SyrDaryaR_W,18.31114,12.798369999999998,4.88659,0.7985760000000001,29.459567,2.006466,1.7716610000000002,11.14879,4.36627,6.8609100000000005,3.30547,2,1,5,2,1,1,3,6,0,0,5,4,2,6,4
ssp_socio3_ag4_gwhi_exp_gfdl_NDC_Tax_ffict,2100,Central Asia,water_td_irr_SyrDaryaR_W,45.1287,14.12961,4.91241,0.4708699999999999,38.49066,3.11925,5.34539,17.429029999999997,3.0832900000000003,5.16982,4.34388,3,2,1,1,1,4,3,3,5,1,4,4,2,6,4
ssp_socio3_ag4_gwhi_exp_hadgem_NDC_Tax_ffict,2100,Central Asia,water_td_irr_SyrDaryaR_W,45.3424,14.17632,4.9272100000000005,0.474381,38.67078,3.12743,5.37725,17.519750000000002,3.10163,5.1965400000000015,4.34818,3,2,2,1,1,4,3,3,5,1,4,4,2,6,4
ssp_socio3_ag4_gwhi_exp_ipsl_NDC_Tax_ffict,2100,Central Asia,water_td_irr_SyrDaryaR_W,44.5334,13.9903,4.84836,0.467855,38.10825,3.09532,5.31608,17.21133,3.0650500000000003,5.11677,4.3037,3,2,3,1,1,4,3,3,5,1,4,4,2,6,4
ssp_socio3_ag4_gwhi_exp_miroc_NDC_Tax_ffict,2100,Central Asia,water_td_irr_SyrDaryaR_W,44.8933,14.01847,4.89737,0.469334,38.43132,3.08433,5.295999999999999,17.49854,3.06656,5.16216,4.32373,3,2,4,1,1,4,3,3,5,1,4,4,2,6,4
ssp_socio3_ag4_gwhi_exp_noresm_NDC_Tax_ffict,2100,Central Asia,water_td_irr_SyrDaryaR_W,45.4358,14.23715,4.94653,0.475838,39.00038,3.14525,5.45267,17.6583,3.11734,5.23391,4.3929100000000005,3,2,5,1,1,4,3,3,5,1,4,4,2,6,4
ssp_socio3_ag4_gwhi_rs_gfdl_NDC_Tax_ffict,2100,Central Asia,water_td_irr_SyrDaryaR_W,44.9486,13.91336,4.93912,0.47267,38.320359999999994,3.0454600000000003,5.30307,17.55526,3.0010700000000003,5.10489,4.3106100000000005,3,1,1,1,1,4,3,3,5,1,4,4,2,6,4
ssp_socio3_ag4_gwhi_rs_hadgem_NDC_Tax_ffict,2100,Central Asia,water_td_irr_SyrDaryaR_W,45.159,13.9728,4.94961,0.476083,38.45058,3.06441,5.352069999999999,17.56213,3.02103,5.1359200000000005,4.3150200000000005,3,1,2,1,1,4,3,3,5,1,4,4,2,6,4
ssp_socio3_ag4_gwhi_rs_ipsl_NDC_Tax_ffict,2100,Central Asia,water_td_irr_SyrDaryaR_W,44.15470000000001,13.60738,4.89269,0.469459,37.73749,3.0224200000000003,5.3011,17.213060000000002,2.9131,5.02228,4.26553,3,1,3,1,1,4,3,3,5,1,4,4,2,6,4
ssp_socio3_ag4_gwhi_rs_miroc_NDC_Tax_ffict,2100,Central Asia,water_td_irr_SyrDaryaR_W,44.7136,13.757320000000002,4.93607,0.4714649999999999,38.27102,3.01562,5.26853,17.63215,2.96817,5.0879900000000005,4.29856,3,1,4,1,1,4,3,3,5,1,4,4,2,6,4
ssp_socio3_ag4_gwhi_rs_noresm_NDC_Tax_ffict,2100,Central Asia,water_td_irr_SyrDaryaR_W,44.92010000000001,13.74533,4.97451,0.473433,38.43074,3.03133,5.41783,17.53806,2.9807200000000003,5.13443,4.3283700000000005,3,1,5,1,1,4,3,3,5,1,4,4,2,6,4
ssp_socio3_ag4_gwlo_exp_gfdl_NDC_Tax_ffict,2100,Central Asia,water_td_irr_SyrDaryaR_W,45.9162,14.22801,4.92051,0.4728199999999999,38.91465999999999,3.12675,5.32626,17.841359999999995,3.08517,5.17293,4.36219,1,2,1,1,1,4,3,3,5,1,4,4,2,6,4
ssp_socio3_ag4_gwlo_exp_hadgem_NDC_Tax_ffict,2100,Central Asia,water_td_irr_SyrDaryaR_W,45.864,14.25809,4.93749,0.476253,39.06817,3.13558,5.36559,17.891640000000006,3.1073,5.202319999999999,4.36574,1,2,2,1,1,4,3,3,5,1,4,4,2,6,4
ssp_socio3_ag4_gwlo_exp_ipsl_NDC_Tax_ffict,2100,Central Asia,water_td_irr_SyrDaryaR_W,45.2328,14.06814,4.8537300000000005,0.4694029999999999,38.422729999999994,3.09997,5.3024,17.51059,3.07024,5.1199200000000005,4.31961,1,2,3,1,1,4,3,3,5,1,4,4,2,6,4
ssp_socio3_ag4_gwlo_exp_miroc_NDC_Tax_ffict,2100,Central Asia,water_td_irr_SyrDaryaR_W,45.8568,14.14805,4.9135800000000005,0.47211,38.970530000000004,3.1008,5.274369999999999,18.00749,3.06867,5.1660400000000015,4.35316,1,2,4,1,1,4,3,3,5,1,4,4,2,6,4
ssp_socio3_ag4_gwlo_exp_noresm_NDC_Tax_ffict,2100,Central Asia,water_td_irr_SyrDaryaR_W,46.3428,14.31793,4.9444,0.47733,39.272209999999994,3.14866,5.44744,17.91491,3.12256,5.23246,4.40618,1,2,5,1,1,4,3,3,5,1,4,4,2,6,4
ssp_socio3_ag4_gwlo_rs_gfdl_NDC_Tax_ffict,2100,Central Asia,water_td_irr_SyrDaryaR_W,31.7923,5.14342,5.046659999999998,0.361439,23.892715,1.235977,5.07566,10.81543,0.594238,3.27161,2.8998,1,1,1,1,1,4,3,0,6,2,5,2,7,7,4
ssp_socio3_ag4_gwlo_rs_hadgem_NDC_Tax_ffict,2100,Central Asia,water_td_irr_SyrDaryaR_W,34.2303,6.54128,5.04488,0.385167,26.593423,1.529882,5.15935,12.09157,1.007381,3.63895,3.16629,1,1,2,1,1,4,3,0,6,2,1,2,7,5,4
ssp_socio3_ag4_gwmed_exp_gfdl_NDC_Tax_ffict,2100,Central Asia,water_td_irr_SyrDaryaR_W,45.2092,14.156759999999998,4.92089,0.4715649999999999,38.602979999999995,3.13107,5.34345,17.52487,3.0791000000000004,5.173780000000001,4.350709999999999,2,2,1,1,1,4,3,3,5,1,4,4,2,6,4
ssp_socio3_ag4_gwmed_exp_hadgem_NDC_Tax_ffict,2100,Central Asia,water_td_irr_SyrDaryaR_W,45.3811,14.18904,4.93323,0.474754,38.7569,3.12957,5.37437,17.60076,3.10273,5.1974,4.352069999999999,2,2,2,1,1,4,3,3,5,1,4,4,2,6,4
ssp_socio3_ag4_gwmed_exp_ipsl_NDC_Tax_ffict,2100,Central Asia,water_td_irr_SyrDaryaR_W,44.853,14.167179999999998,4.8808500000000015,0.472775,38.62417,3.1921600000000003,5.379569999999998,17.4842,3.05631,5.1473200000000014,4.36461,2,2,3,1,1,4,3,3,5,1,4,4,2,6,4
ssp_socio3_ag4_gwmed_exp_miroc_NDC_Tax_ffict,2100,Central Asia,water_td_irr_SyrDaryaR_W,45.07250000000001,14.08546,4.9167000000000005,0.471233,38.72529,3.11743,5.30251,17.726020000000002,3.06155,5.17211,4.34567,2,2,4,1,1,4,3,3,5,1,4,4,2,6,4
ssp_socio3_ag4_gwmed_exp_noresm_NDC_Tax_ffict,2100,Central Asia,water_td_irr_SyrDaryaR_W,45.5327,14.251450000000002,4.9484200000000005,0.476133,39.05592000000001,3.1465,5.45298,17.707420000000003,3.1187,5.23474,4.395580000000001,2,2,5,1,1,4,3,3,5,1,4,4,2,6,4
ssp_socio3_ag4_gwmed_rs_gfdl_NDC_Tax_ffict,2100,Central Asia,water_td_irr_SyrDaryaR_W,44.97020000000001,13.88029,4.95457,0.4731229999999999,38.43410000000001,3.03341,5.28076,17.7283,2.98366,5.0953,4.312670000000002,2,1,1,1,1,4,3,3,5,1,4,4,2,6,4
ssp_socio3_ag4_gwmed_rs_hadgem_NDC_Tax_ffict,2100,Central Asia,water_td_irr_SyrDaryaR_W,45.1567,13.95281,4.96048,0.47625,38.59205000000001,3.05481,5.33392,17.749010000000002,3.00983,5.1285,4.315980000000001,2,1,2,1,1,4,3,3,5,1,4,4,2,6,4
ssp_socio3_ag4_gwmed_rs_ipsl_NDC_Tax_ffict,2100,Central Asia,water_td_irr_SyrDaryaR_W,43.80880000000001,13.25584,4.90163,0.465589,37.34154,2.92287,5.25748,17.154130000000002,2.83199,4.95981,4.215260000000002,2,1,3,1,1,4,3,3,5,1,4,4,2,6,4
ssp_socio3_ag4_gwmed_rs_miroc_NDC_Tax_ffict,2100,Central Asia,water_td_irr_SyrDaryaR_W,44.5881,13.59159,4.9502500000000005,0.469822,38.174989999999994,2.97234,5.23492,17.715889999999998,2.91895,5.05525,4.27764,2,1,4,1,1,4,3,3,5,1,4,4,2,6,4
ssp_socio3_ag4_gwmed_rs_noresm_NDC_Tax_ffict,2100,Central Asia,water_td_irr_SyrDaryaR_W,44.6716,13.514499999999998,4.986280000000002,0.471984,38.22107999999999,2.98285,5.4099400000000015,17.51981,2.90948,5.09132,4.30768,2,1,5,1,1,4,3,3,5,1,4,4,2,6,4
ssp_socio3_ag5_gwhi_exp_gfdl_NDC_Tax_uct,2100,Central Asia,water_td_irr_SyrDaryaR_W,24.00607,14.7208,5.16172,0.8346699999999999,34.119879000000005,2.317932,2.894907,12.44031,5.08988,7.428730000000001,3.94812,3,2,1,2,1,5,3,6,3,2,5,4,2,6,4
ssp_socio3_ag5_gwhi_exp_hadgem_NDC_Tax_uct,2100,Central Asia,water_td_irr_SyrDaryaR_W,24.14439,14.72285,5.160480000000001,0.8372200000000001,34.248417,2.334333,2.917234,12.46213,5.1048100000000005,7.46651,3.9634,3,2,2,2,1,5,3,6,3,2,5,4,2,6,4
ssp_socio3_ag5_gwhi_exp_ipsl_NDC_Tax_uct,2100,Central Asia,water_td_irr_SyrDaryaR_W,23.50628,14.52983,5.12005,0.830932,33.811844,2.317614,2.8771700000000004,12.21155,5.069030000000001,7.41351,3.92297,3,2,3,2,1,5,3,6,3,2,5,4,2,6,4
ssp_socio3_ag5_gwhi_exp_miroc_NDC_Tax_uct,2100,Central Asia,water_td_irr_SyrDaryaR_W,24.01654,14.69735,5.16608,0.835512,34.179978000000006,2.317813,2.871285,12.55209,5.07801,7.412960000000001,3.94782,3,2,4,2,1,5,3,6,3,2,5,4,2,6,4
ssp_socio3_ag5_gwhi_exp_noresm_NDC_Tax_uct,2100,Central Asia,water_td_irr_SyrDaryaR_W,23.82742,14.62427,5.14291,0.8353210000000001,34.226529000000006,2.3414490000000003,2.96456,12.32821,5.11665,7.4988100000000015,3.97685,3,2,5,2,1,5,3,6,3,2,5,4,2,6,4
ssp_socio3_ag5_gwhi_rs_gfdl_NDC_Tax_uct,2100,Central Asia,water_td_irr_SyrDaryaR_W,24.02198,14.70873,5.2096800000000005,0.8494430000000001,34.219585,2.302865,2.8559400000000004,12.69923,5.0429200000000005,7.3755799999999985,3.94305,3,1,1,2,1,5,3,6,3,2,5,4,2,6,4
ssp_socio3_ag5_gwhi_rs_hadgem_NDC_Tax_uct,2100,Central Asia,water_td_irr_SyrDaryaR_W,24.13464,14.71519,5.20104,0.848303,34.326082,2.311603,2.885209,12.6949,5.06914,7.41154,3.95369,3,1,2,2,1,5,3,6,3,2,5,4,2,6,4
ssp_socio3_ag5_gwhi_rs_ipsl_NDC_Tax_uct,2100,Central Asia,water_td_irr_SyrDaryaR_W,23.47769,14.46031,5.17453,0.842874,33.933501,2.27556,2.826051,12.56542,5.00154,7.34811,3.91682,3,1,3,2,1,5,3,6,3,2,5,4,2,6,4
ssp_socio3_ag5_gwhi_rs_miroc_NDC_Tax_uct,2100,Central Asia,water_td_irr_SyrDaryaR_W,24.01061,14.66342,5.2211300000000005,0.851584,34.236347,2.289557,2.8322000000000003,12.79222,5.02596,7.35152,3.94489,3,1,4,2,1,5,3,6,3,2,5,4,2,6,4
ssp_socio3_ag5_gwhi_rs_noresm_NDC_Tax_uct,2100,Central Asia,water_td_irr_SyrDaryaR_W,23.76724,14.49863,5.18999,0.8436239999999999,34.352878,2.304895,2.909253,12.69024,5.04751,7.43535,3.96563,3,1,5,2,1,5,3,6,3,2,5,4,2,6,4
ssp_socio3_ag5_gwlo_exp_gfdl_NDC_Tax_uct,2100,Central Asia,water_td_irr_SyrDaryaR_W,24.28537,14.78753,5.16803,0.836361,34.251227,2.328566,2.894091,12.54493,5.09039,7.43456,3.95869,1,2,1,2,1,5,3,6,3,2,5,4,2,6,4
ssp_socio3_ag5_gwlo_exp_hadgem_NDC_Tax_uct,2100,Central Asia,water_td_irr_SyrDaryaR_W,24.32458,14.78899,5.17156,0.83859,34.379388,2.338075,2.915633,12.57242,5.11144,7.470260000000001,3.97156,1,2,2,2,1,5,3,6,3,2,5,4,2,6,4
ssp_socio3_ag5_gwlo_exp_ipsl_NDC_Tax_uct,2100,Central Asia,water_td_irr_SyrDaryaR_W,23.75123,14.588120000000002,5.12561,0.8323139999999999,33.941622,2.3199110000000003,2.874941,12.31628,5.0776,7.41937,3.93352,1,2,3,2,1,5,3,6,3,2,5,4,2,6,4
ssp_socio3_ag5_gwlo_exp_miroc_NDC_Tax_uct,2100,Central Asia,water_td_irr_SyrDaryaR_W,24.3747,14.79117,5.178669999999999,0.837426,34.365578,2.322669,2.869069,12.70121,5.0878700000000014,7.420339999999999,3.96442,1,2,4,2,1,5,3,6,3,2,5,4,2,6,4
ssp_socio3_ag5_gwlo_exp_noresm_NDC_Tax_uct,2100,Central Asia,water_td_irr_SyrDaryaR_W,24.20271,14.72659,5.15501,0.8374790000000001,34.491202,2.34545,2.956862,12.56201,5.12764,7.50758,3.99166,1,2,5,2,1,5,3,6,3,2,5,4,2,6,4
ssp_socio3_ag5_gwlo_rs_gfdl_NDC_Tax_uct,2100,Central Asia,water_td_irr_SyrDaryaR_W,21.64202,11.69754,5.24935,0.791834,29.704038000000004,1.858076,2.714882,10.95905,3.92905,6.677860000000001,3.56512,1,1,1,2,1,5,3,6,3,2,5,4,2,3,4
ssp_socio3_ag5_gwlo_rs_hadgem_NDC_Tax_uct,2100,Central Asia,water_td_irr_SyrDaryaR_W,22.69509,12.70627,5.27389,0.811742,31.453687000000002,2.034993,2.744894,11.66577,4.33133,6.95539,3.72131,1,1,2,2,1,5,3,6,3,2,5,4,2,6,4
ssp_socio3_ag5_gwlo_rs_ipsl_NDC_Tax_uct,2100,Central Asia,water_td_irr_SyrDaryaR_W,17.40427,7.94638,5.11862,0.705489,23.364571,1.280783,2.602868,8.28015,2.50279,5.71223,2.9857500000000003,1,1,3,2,1,5,3,4,0,0,6,7,7,7,4
ssp_socio3_ag5_gwlo_rs_miroc_NDC_Tax_uct,2100,Central Asia,water_td_irr_SyrDaryaR_W,18.92122,8.92718,5.2314300000000005,0.7344930000000001,25.191393,1.433949,2.590954,9.1769,2.87208,5.9537700000000005,3.16374,1,1,4,2,1,5,3,4,0,0,5,3,1,3,4
ssp_socio3_ag5_gwlo_rs_noresm_NDC_Tax_uct,2100,Central Asia,water_td_irr_SyrDaryaR_W,17.929769999999994,8.020010000000001,5.2076400000000005,0.707724,23.980932999999997,1.331155,2.618588,8.57859,2.5771300000000004,5.812469999999999,3.063,1,1,5,2,1,5,3,4,0,0,6,7,7,7,4
ssp_socio3_ag5_gwmed_exp_gfdl_NDC_Tax_uct,2100,Central Asia,water_td_irr_SyrDaryaR_W,24.02992,14.73398,5.16475,0.8350110000000001,34.144974999999995,2.326343,2.894842,12.46029,5.08139,7.43145,3.95066,2,2,1,2,1,5,3,6,3,2,5,4,2,6,4
ssp_socio3_ag5_gwmed_exp_hadgem_NDC_Tax_uct,2100,Central Asia,water_td_irr_SyrDaryaR_W,24.16939,14.74585,5.16699,0.837634,34.295567,2.335051,2.914866,12.51095,5.105,7.46448,3.96522,2,2,2,2,1,5,3,6,3,2,5,4,2,6,4
ssp_socio3_ag5_gwmed_exp_ipsl_NDC_Tax_uct,2100,Central Asia,water_td_irr_SyrDaryaR_W,23.57339,14.54745,5.1225,0.8313470000000001,33.857063000000004,2.31734,2.874693,12.25192,5.07157,7.41535,3.92619,2,2,3,2,1,5,3,6,3,2,5,4,2,6,4
ssp_socio3_ag5_gwmed_exp_miroc_NDC_Tax_uct,2100,Central Asia,water_td_irr_SyrDaryaR_W,24.05635,14.7123,5.16899,0.835817,34.212088,2.319169,2.870199,12.57723,5.0797,7.414689999999999,3.9511,2,2,4,2,1,5,3,6,3,2,5,4,2,6,4
ssp_socio3_ag5_gwmed_exp_noresm_NDC_Tax_uct,2100,Central Asia,water_td_irr_SyrDaryaR_W,23.89818,14.66119,5.15002,0.8362950000000001,34.361909999999995,2.345637,2.9547630000000003,12.45931,5.11889,7.50192,3.98139,2,2,5,2,1,5,3,6,3,2,5,4,2,6,4
ssp_socio3_ag5_gwmed_rs_gfdl_NDC_Tax_uct,2100,Central Asia,water_td_irr_SyrDaryaR_W,24.05193,14.71108,5.22192,0.8497030000000001,34.25686699999999,2.300667,2.8456,12.75075,5.037380000000001,7.37374,3.94873,2,1,1,2,1,5,3,6,3,2,5,4,2,6,4
ssp_socio3_ag5_gwmed_rs_hadgem_NDC_Tax_uct,2100,Central Asia,water_td_irr_SyrDaryaR_W,24.17049,14.71178,5.2199,0.8483419999999999,34.376397000000004,2.317781,2.8637360000000003,12.76048,5.059419999999999,7.41253,3.962450000000001,2,1,2,2,1,5,3,6,3,2,5,4,2,6,4
ssp_socio3_ag5_gwmed_rs_ipsl_NDC_Tax_uct,2100,Central Asia,water_td_irr_SyrDaryaR_W,23.458,14.37023,5.17703,0.841728,33.808874,2.263837,2.821887,12.52848,4.96225,7.326289999999999,3.90613,2,1,3,2,1,5,3,6,3,2,5,4,2,6,4
ssp_socio3_ag5_gwmed_rs_miroc_NDC_Tax_uct,2100,Central Asia,water_td_irr_SyrDaryaR_W,24.02895,14.648879999999998,5.22742,0.8515940000000001,34.231474,2.284685,2.825839,12.81231,5.01609,7.3473,3.94525,2,1,4,2,1,5,3,6,3,2,5,4,2,6,4
ssp_socio3_ag5_gwmed_rs_noresm_NDC_Tax_uct,2100,Central Asia,water_td_irr_SyrDaryaR_W,23.75132,14.43538,5.19735,0.8425499999999999,34.278546,2.294566,2.89395,12.68956,5.01955,7.41947,3.96145,2,1,5,2,1,5,3,6,3,2,5,4,2,6,4
