scenario,year,region,input,FiberCrop_withdrawal,Rice_withdrawal,Wheat_withdrawal,SugarCrop_withdrawal,MiscAll_withdrawals,Corn_withdrawal,MiscCrop_withdrawal,OilCrop_withdrawal,OtherGrain_withdrawal,Root_Tuber_withdrawal,gw,res,esm,tax,ssp,ag,soc,cluster_FiberCrop_withdrawal_Rice_withdrawal,cluster_FiberCrop_withdrawal_SugarCrop_withdrawal,cluster_FiberCrop_withdrawal_Wheat_withdrawal
ssp_socio3_ag1_gwhi_exp_gfdl_NDC_Tax_ffict,2100,India,water_td_irr_GangesR_W,3.21865,59.33069999999999,137.78140000000002,65.2214,52.762078,1.01109,32.6794,14.84975,2.95325,1.2685879999999998,3,2,1,1,1,1,3,6,4,0
ssp_socio3_ag1_gwhi_exp_gfdl_NDC_Tax_uct,2100,India,water_td_irr_GangesR_W,2.951846,66.5025,149.9807,78.77510000000002,63.569438000000005,1.119317,41.2605,16.00508,3.5918300000000003,1.592711,3,2,1,2,1,1,3,6,6,0
ssp_socio3_ag1_gwhi_exp_hadgem_NDC_Tax_ffict,2100,India,water_td_irr_GangesR_W,3.30035,60.6147,140.6413,66.9855,54.217037999999995,1.03715,33.6181,15.22341,3.03561,1.302768,3,2,2,1,1,1,3,6,4,0
ssp_socio3_ag1_gwhi_exp_hadgem_NDC_Tax_uct,2100,India,water_td_irr_GangesR_W,2.973281,66.7681,150.3243,79.1621,63.95739500000002,1.127799,41.50700000000001,16.098570000000002,3.6203,1.603726,3,2,2,2,1,1,3,6,6,0
ssp_socio3_ag1_gwhi_exp_ipsl_NDC_Tax_ffict,2100,India,water_td_irr_GangesR_W,3.28292,61.5141,142.5692,68.8608,54.68890400000001,1.057186,33.6469,15.58251,3.07547,1.326838,3,2,3,1,1,1,3,6,4,0
ssp_socio3_ag1_gwhi_exp_ipsl_NDC_Tax_uct,2100,India,water_td_irr_GangesR_W,2.929396,66.7978,151.2152,79.73570000000002,63.978966,1.13661,41.349,16.238229999999998,3.64489,1.610236,3,2,3,2,1,1,3,6,6,0
ssp_socio3_ag1_gwhi_exp_miroc_NDC_Tax_ffict,2100,India,water_td_irr_GangesR_W,3.3578,61.6671,144.1764,69.1592,55.720824000000015,1.044865,34.72920000000001,15.51324,3.10041,1.333109,3,2,4,1,1,1,3,6,4,0
ssp_socio3_ag1_gwhi_exp_miroc_NDC_Tax_uct,2100,India,water_td_irr_GangesR_W,2.983168,67.1078,151.6446,79.619,64.587552,1.129356,42.1019,16.12431,3.622230000000001,1.609756,3,2,4,2,1,1,3,6,6,0
ssp_socio3_ag1_gwhi_exp_noresm_NDC_Tax_ffict,2100,India,water_td_irr_GangesR_W,3.2334400000000003,60.0108,139.7351,67.134,53.68926199999999,1.034781,33.0226,15.27296,3.05468,1.304241,3,2,5,1,1,1,3,6,4,0
ssp_socio3_ag1_gwhi_exp_noresm_NDC_Tax_uct,2100,India,water_td_irr_GangesR_W,2.919101,66.2234,149.65210000000005,78.8679,63.752340000000004,1.128034,41.2724,16.11035,3.63405,1.607506,3,2,5,2,1,1,3,6,6,0
ssp_socio3_ag1_gwhi_rs_gfdl_NDC_Tax_uct,2100,India,water_td_irr_GangesR_W,2.938445,66.84389999999999,140.9197,77.0619,61.46306800000001,1.121409,39.9651,15.23002,3.54934,1.597199,3,1,1,2,1,1,3,6,6,0
ssp_socio3_ag1_gwhi_rs_hadgem_NDC_Tax_uct,2100,India,water_td_irr_GangesR_W,2.958065,67.1221,141.8403,77.4117,62.083406,1.128487,40.3208,15.449320000000002,3.57916,1.605639,3,1,2,2,1,1,3,6,6,0
ssp_socio3_ag1_gwhi_rs_ipsl_NDC_Tax_uct,2100,India,water_td_irr_GangesR_W,2.919454,67.1169,143.7576,78.3942,62.686033,1.135023,40.7389,15.59537,3.60361,1.61313,3,1,3,2,1,1,3,6,6,0
ssp_socio3_ag1_gwhi_rs_miroc_NDC_Tax_uct,2100,India,water_td_irr_GangesR_W,2.972566,67.5295,142.62290000000004,78.196,62.430555,1.128356,40.6973,15.407509999999998,3.58158,1.615809,3,1,4,2,1,1,3,6,6,0
ssp_socio3_ag1_gwhi_rs_noresm_NDC_Tax_uct,2100,India,water_td_irr_GangesR_W,2.9019630000000003,66.3151,140.26409999999998,76.55590000000002,61.81948500000001,1.129807,40.161,15.3232,3.59282,1.612658,3,1,5,2,1,1,3,6,6,0
ssp_socio3_ag1_gwlo_exp_gfdl_NDC_Tax_ffict,2100,India,water_td_irr_GangesR_W,3.2251000000000003,59.3437,137.9393,65.2029,53.166151000000006,1.008805,33.1122,14.83101,2.94505,1.2690860000000002,1,2,1,1,1,1,3,6,4,0
ssp_socio3_ag1_gwlo_exp_gfdl_NDC_Tax_uct,2100,India,water_td_irr_GangesR_W,2.974069,66.5811,149.9078,78.7025,63.710195,1.119153,41.4339,15.97784,3.58653,1.592772,1,2,1,2,1,1,3,6,6,0
ssp_socio3_ag1_gwlo_exp_hadgem_NDC_Tax_ffict,2100,India,water_td_irr_GangesR_W,3.30524,60.6503,140.9771,67.7502,54.679817,1.031895,34.058,15.25876,3.0283,1.3028620000000002,1,2,2,1,1,1,3,6,4,0
ssp_socio3_ag1_gwlo_exp_hadgem_NDC_Tax_uct,2100,India,water_td_irr_GangesR_W,2.983418,66.8238,150.3014,79.0929,64.12989,1.12636,41.6995,16.087229999999998,3.61384,1.60296,1,2,2,2,1,1,3,6,6,0
ssp_socio3_ag1_gwlo_exp_ipsl_NDC_Tax_ffict,2100,India,water_td_irr_GangesR_W,3.28525,61.4449,142.2518,68.3931,55.128214,1.056615,34.2075,15.47916,3.05999,1.324949,1,2,3,1,1,1,3,6,4,0
ssp_socio3_ag1_gwlo_exp_ipsl_NDC_Tax_uct,2100,India,water_td_irr_GangesR_W,2.951285,66.87140000000001,151.0946,79.6794,64.130611,1.135253,41.5086,16.23572,3.64036,1.610678,1,2,3,2,1,1,3,6,6,0
ssp_socio3_ag1_gwlo_exp_miroc_NDC_Tax_ffict,2100,India,water_td_irr_GangesR_W,3.37636,61.7302,144.4907,68.8399,55.976991,1.043734,35.0354,15.47047,3.09448,1.332907,1,2,4,1,1,1,3,6,4,0
ssp_socio3_ag1_gwlo_exp_miroc_NDC_Tax_uct,2100,India,water_td_irr_GangesR_W,3.014456,67.24,151.5676,79.5623,64.80784300000002,1.126443,42.33190000000001,16.12246,3.61629,1.61075,1,2,4,2,1,1,3,6,6,0
ssp_socio3_ag1_gwlo_exp_noresm_NDC_Tax_ffict,2100,India,water_td_irr_GangesR_W,3.24395,60.0103,139.6489,66.8103,54.392806,1.032401,33.8621,15.15717,3.03872,1.302415,1,2,5,1,1,1,3,6,4,0
ssp_socio3_ag1_gwlo_exp_noresm_NDC_Tax_uct,2100,India,water_td_irr_GangesR_W,2.948972,66.3139,149.40820000000005,78.7242,63.976804,1.126943,41.5269,16.092660000000002,3.62384,1.606461,1,2,5,2,1,1,3,6,6,0
ssp_socio3_ag1_gwlo_rs_gfdl_NDC_Tax_uct,2100,India,water_td_irr_GangesR_W,2.998754,66.5526,142.3737,76.8255,62.041334000000006,1.129181,40.5778,15.19052,3.53837,1.605463,1,1,1,2,1,1,3,6,6,0
ssp_socio3_ag1_gwlo_rs_hadgem_NDC_Tax_uct,2100,India,water_td_irr_GangesR_W,3.015806,66.6491,144.341,77.2838,62.73522200000001,1.13895,41.0024,15.401140000000002,3.5741499999999995,1.618582,1,1,2,2,1,1,3,6,6,0
ssp_socio3_ag1_gwlo_rs_ipsl_NDC_Tax_uct,2100,India,water_td_irr_GangesR_W,2.978695,67.28699999999999,143.7236,78.2086,63.007059999999996,1.132615,41.1033,15.55533,3.60015,1.615665,1,1,3,2,1,1,3,6,6,0
ssp_socio3_ag1_gwlo_rs_miroc_NDC_Tax_uct,2100,India,water_td_irr_GangesR_W,3.049572,67.2106,144.1481,77.9921,63.087881,1.137404,41.3908,15.35829,3.57381,1.627577,1,1,4,2,1,1,3,6,6,0
ssp_socio3_ag1_gwlo_rs_noresm_NDC_Tax_uct,2100,India,water_td_irr_GangesR_W,2.991346,65.9683,142.2091,76.34790000000002,62.531662999999995,1.138465,40.8895,15.29234,3.5860800000000004,1.625278,1,1,5,2,1,1,3,6,6,0
ssp_socio3_ag1_gwmed_exp_gfdl_NDC_Tax_ffict,2100,India,water_td_irr_GangesR_W,3.21538,59.289,137.7412,65.30250000000001,53.00985899999999,1.009277,32.9424,14.84461,2.9453400000000003,1.268232,2,2,1,1,1,1,3,6,4,0
ssp_socio3_ag1_gwmed_exp_gfdl_NDC_Tax_uct,2100,India,water_td_irr_GangesR_W,2.952624,66.508,150.05169999999995,78.7365,63.588825,1.11972,41.303,15.98392,3.5897,1.592485,2,2,1,2,1,1,3,6,6,0
ssp_socio3_ag1_gwmed_exp_hadgem_NDC_Tax_ffict,2100,India,water_td_irr_GangesR_W,3.30519,60.6333,140.88420000000005,67.791,54.49247799999999,1.032795,33.8338,15.28717,3.03543,1.303283,2,2,2,1,1,1,3,6,4,0
ssp_socio3_ag1_gwmed_exp_hadgem_NDC_Tax_uct,2100,India,water_td_irr_GangesR_W,2.973358,66.7941,150.40800000000004,79.1262,64.061064,1.1266470000000002,41.6235,16.091459999999998,3.61625,1.603207,2,2,2,2,1,1,3,6,6,0
ssp_socio3_ag1_gwmed_exp_ipsl_NDC_Tax_ffict,2100,India,water_td_irr_GangesR_W,3.28112,61.4792,142.5688,68.7202,54.979961,1.055532,33.9757,15.55253,3.06988,1.3263189999999998,2,2,3,1,1,1,3,6,4,0
ssp_socio3_ag1_gwmed_exp_ipsl_NDC_Tax_uct,2100,India,water_td_irr_GangesR_W,2.932505,66.80930000000001,151.21529999999996,79.71600000000001,64.01693699999998,1.136869,41.3916,16.23488,3.64335,1.6102379999999998,2,2,3,2,1,1,3,6,6,0
ssp_socio3_ag1_gwmed_exp_miroc_NDC_Tax_ffict,2100,India,water_td_irr_GangesR_W,3.35576,61.6343,144.2263,68.76050000000001,55.80452100000001,1.044123,34.862700000000004,15.4714,3.09436,1.3319379999999998,2,2,4,1,1,1,3,6,4,0
ssp_socio3_ag1_gwmed_exp_miroc_NDC_Tax_uct,2100,India,water_td_irr_GangesR_W,2.985759,67.1425,151.72299999999998,79.6375,64.63871999999999,1.127244,42.14,16.138669999999998,3.62256,1.6102459999999998,2,2,4,2,1,1,3,6,6,0
ssp_socio3_ag1_gwmed_exp_noresm_NDC_Tax_ffict,2100,India,water_td_irr_GangesR_W,3.2341,60.0095,139.8089,67.3352,53.97256899999999,1.033095,33.3364,15.248069999999998,3.05094,1.304064,2,2,5,1,1,1,3,6,4,0
ssp_socio3_ag1_gwmed_exp_noresm_NDC_Tax_uct,2100,India,water_td_irr_GangesR_W,2.919769,66.2387,149.65699999999995,78.7878,63.841629999999995,1.128281,41.3841,16.09364,3.62909,1.606519,2,2,5,2,1,1,3,6,6,0
ssp_socio3_ag1_gwmed_rs_gfdl_NDC_Tax_uct,2100,India,water_td_irr_GangesR_W,2.940465,66.8587,141.0342,77.0343,61.559671,1.1214540000000002,40.0692,15.22306,3.54746,1.5984969999999998,2,1,1,2,1,1,3,6,6,0
ssp_socio3_ag1_gwmed_rs_hadgem_NDC_Tax_uct,2100,India,water_td_irr_GangesR_W,2.9765300000000003,66.7008,143.5417,77.3933,62.42746,1.138098,40.6619,15.43368,3.57901,1.614772,2,1,2,2,1,1,3,6,6,0
ssp_socio3_ag1_gwmed_rs_ipsl_NDC_Tax_uct,2100,India,water_td_irr_GangesR_W,2.925485,67.16120000000001,143.7631,78.2983,62.769614999999995,1.134401,40.8489,15.57122,3.6003800000000004,1.6147140000000002,2,1,3,2,1,1,3,6,6,0
ssp_socio3_ag1_gwmed_rs_miroc_NDC_Tax_uct,2100,India,water_td_irr_GangesR_W,2.975261,67.5529,142.6728,78.1107,62.54066400000001,1.130248,40.8423,15.370910000000002,3.5786800000000003,1.618526,2,1,4,2,1,1,3,6,6,0
ssp_socio3_ag1_gwmed_rs_noresm_NDC_Tax_uct,2100,India,water_td_irr_GangesR_W,2.903623,66.2949,140.2711,76.4554,61.88145399999999,1.130255,40.2392,15.3074,3.59016,1.614439,2,1,5,2,1,1,3,6,6,0
ssp_socio3_ag5_gwhi_exp_gfdl_NDC_Tax_ffict,2100,India,water_td_irr_GangesR_W,3.74379,58.7445,130.23950000000002,59.1296,52.20467399999999,1.013909,31.8562,15.240429999999998,2.80441,1.2897249999999998,3,2,1,1,1,5,3,6,7,0
ssp_socio3_ag5_gwhi_exp_gfdl_NDC_Tax_uct,2100,India,water_td_irr_GangesR_W,3.4173440000000004,66.0137,143.3379,73.74549999999998,63.451167,1.104191,40.7363,16.501730000000002,3.4124,1.696546,3,2,1,2,1,5,3,6,6,0
ssp_socio3_ag5_gwhi_exp_hadgem_NDC_Tax_ffict,2100,India,water_td_irr_GangesR_W,3.83349,59.8453,132.4707,61.0543,53.42377400000001,1.034084,32.5872,15.612840000000002,2.87176,1.31789,3,2,2,1,1,5,3,6,7,0
ssp_socio3_ag5_gwhi_exp_hadgem_NDC_Tax_uct,2100,India,water_td_irr_GangesR_W,3.442594,66.1673,143.4384,74.09740000000002,63.75136799999999,1.114684,40.9175,16.57594,3.43715,1.7060939999999998,3,2,2,2,1,5,3,6,6,0
ssp_socio3_ag5_gwhi_exp_ipsl_NDC_Tax_ffict,2100,India,water_td_irr_GangesR_W,3.80509,60.49040000000001,133.8046,61.7194,53.687479999999994,1.051029,32.5678,15.83239,2.89917,1.337091,3,2,3,1,1,5,3,6,7,0
ssp_socio3_ag5_gwhi_exp_ipsl_NDC_Tax_uct,2100,India,water_td_irr_GangesR_W,3.3945670000000003,66.20400000000001,144.2081,74.5378,63.657529,1.1220709999999998,40.6817,16.6827,3.4595300000000004,1.7115280000000002,3,2,3,2,1,5,3,6,6,0
ssp_socio3_ag5_gwhi_exp_miroc_NDC_Tax_ffict,2100,India,water_td_irr_GangesR_W,3.88426,60.71939999999999,135.46929999999998,61.5691,54.791391999999995,1.040456,33.6441,15.84311,2.91983,1.343896,3,2,4,1,1,5,3,6,7,0
ssp_socio3_ag5_gwhi_exp_miroc_NDC_Tax_uct,2100,India,water_td_irr_GangesR_W,3.448193,66.50280000000001,144.6557,74.4628,64.32548100000001,1.114471,41.4605,16.60331,3.43602,1.71118,3,2,4,2,1,5,3,6,6,0
ssp_socio3_ag5_gwhi_exp_noresm_NDC_Tax_ffict,2100,India,water_td_irr_GangesR_W,3.76962,59.2478,131.3099,60.3888,52.822223,1.034266,32.0441,15.54431,2.8812300000000004,1.318317,3,2,5,1,1,5,3,6,7,0
ssp_socio3_ag5_gwhi_exp_noresm_NDC_Tax_uct,2100,India,water_td_irr_GangesR_W,3.3926860000000003,65.6691,142.7788,73.8546,63.335861,1.116662,40.4605,16.60022,3.4481300000000004,1.710349,3,2,5,2,1,5,3,6,6,0
ssp_socio3_ag5_gwhi_rs_gfdl_NDC_Tax_uct,2100,India,water_td_irr_GangesR_W,3.406244,66.291,135.7468,72.3479,61.855239,1.107922,39.8454,15.830570000000002,3.3713,1.700047,3,1,1,2,1,5,3,6,6,0
ssp_socio3_ag5_gwhi_rs_hadgem_NDC_Tax_uct,2100,India,water_td_irr_GangesR_W,3.429294,66.4548,136.4892,72.63329999999998,62.342858,1.1141530000000002,40.1218,16.00391,3.3961900000000003,1.706805,3,1,2,2,1,5,3,6,6,0
ssp_socio3_ag5_gwhi_rs_ipsl_NDC_Tax_uct,2100,India,water_td_irr_GangesR_W,3.3859470000000003,66.4841,138.2351,73.4201,62.94032200000001,1.115788,40.5482,16.14525,3.41644,1.7146439999999998,3,1,3,2,1,5,3,6,6,0
ssp_socio3_ag5_gwhi_rs_miroc_NDC_Tax_uct,2100,India,water_td_irr_GangesR_W,3.438788,66.8483,137.2965,73.2511,62.783257000000006,1.114503,40.5906,15.96727,3.39361,1.7172740000000002,3,1,4,2,1,5,3,6,6,0
ssp_socio3_ag5_gwhi_rs_noresm_NDC_Tax_uct,2100,India,water_td_irr_GangesR_W,3.37685,65.6951,135.053,71.9267,62.148869000000005,1.114468,39.9876,15.92794,3.40553,1.7133310000000002,3,1,5,2,1,5,3,6,6,0
ssp_socio3_ag5_gwlo_exp_gfdl_NDC_Tax_ffict,2100,India,water_td_irr_GangesR_W,3.73547,58.557,129.4241,58.8513,52.45849199999999,1.015425,32.2943,15.08447,2.7783100000000003,1.285987,1,2,1,1,1,5,3,6,7,0
ssp_socio3_ag5_gwlo_exp_gfdl_NDC_Tax_uct,2100,India,water_td_irr_GangesR_W,3.448774,66.1217,143.1165,73.6904,63.608805,1.105828,40.9443,16.45683,3.40547,1.696377,1,2,1,2,1,5,3,6,6,0
ssp_socio3_ag5_gwlo_exp_hadgem_NDC_Tax_ffict,2100,India,water_td_irr_GangesR_W,3.82874,59.7908,132.3175,61.0354,53.84843,1.032075,33.0761,15.5657,2.85768,1.316875,1,2,2,1,1,5,3,6,7,0
ssp_socio3_ag5_gwlo_exp_hadgem_NDC_Tax_uct,2100,India,water_td_irr_GangesR_W,3.45954,66.2694,143.3734,74.0127,63.937267,1.1131030000000002,41.1384,16.55187,3.4290300000000005,1.704864,1,2,2,2,1,5,3,6,6,0
ssp_socio3_ag5_gwlo_exp_ipsl_NDC_Tax_ffict,2100,India,water_td_irr_GangesR_W,3.82559,60.6018,133.8092,61.7037,54.335996,1.051898,33.2588,15.79548,2.8907800000000003,1.339038,1,2,3,1,1,5,3,6,7,0
ssp_socio3_ag5_gwlo_exp_ipsl_NDC_Tax_uct,2100,India,water_td_irr_GangesR_W,3.42251,66.2958,144.0066,74.4757,63.859058000000005,1.120248,40.9042,16.66939,3.45338,1.7118400000000005,1,2,3,2,1,5,3,6,6,0
ssp_socio3_ag5_gwlo_exp_miroc_NDC_Tax_ffict,2100,India,water_td_irr_GangesR_W,3.90825,60.7585,135.453,61.5572,55.054238,1.040873,33.9968,15.761170000000002,2.91153,1.343865,1,2,4,1,1,5,3,6,7,0
ssp_socio3_ag5_gwlo_exp_miroc_NDC_Tax_uct,2100,India,water_td_irr_GangesR_W,3.488026,66.6564,144.486,74.3482,64.579898,1.11218,41.7572,16.572789999999998,3.42587,1.711858,1,2,4,2,1,5,3,6,6,0
ssp_socio3_ag5_gwlo_exp_noresm_NDC_Tax_ffict,2100,India,water_td_irr_GangesR_W,3.79574,59.289,131.2409,60.1891,53.637986,1.0295260000000002,32.9296,15.49445,2.8667,1.31771,1,2,5,1,1,5,3,6,7,0
ssp_socio3_ag5_gwlo_exp_noresm_NDC_Tax_uct,2100,India,water_td_irr_GangesR_W,3.430993,65.7846,142.4392,73.681,63.778706,1.112651,40.9686,16.55467,3.43452,1.708265,1,2,5,2,1,5,3,6,6,0
ssp_socio3_ag5_gwlo_rs_gfdl_NDC_Tax_uct,2100,India,water_td_irr_GangesR_W,3.477234,66.24,136.7996,72.2392,62.47621399999999,1.11038,40.4965,15.80224,3.3606300000000005,1.706464,1,1,1,2,1,5,3,6,6,0
ssp_socio3_ag5_gwlo_rs_hadgem_NDC_Tax_uct,2100,India,water_td_irr_GangesR_W,3.490142,66.2509,138.2476,72.5193,62.961456,1.122363,40.8045,15.93457,3.38441,1.7156129999999998,1,1,2,2,1,5,3,6,6,0
ssp_socio3_ag5_gwlo_rs_ipsl_NDC_Tax_uct,2100,India,water_td_irr_GangesR_W,3.457564,66.6798,137.6062,73.2569,63.199038,1.115197,40.8905,16.0683,3.409,1.716041,1,1,3,2,1,5,3,6,6,0
ssp_socio3_ag5_gwlo_rs_miroc_NDC_Tax_uct,2100,India,water_td_irr_GangesR_W,3.524924,66.7645,138.1935,73.1105,63.384731,1.118366,41.233,15.92556,3.38356,1.7242449999999998,1,1,4,2,1,5,3,6,6,0
ssp_socio3_ag5_gwlo_rs_noresm_NDC_Tax_uct,2100,India,water_td_irr_GangesR_W,3.472271,65.59049999999999,136.3174,71.6589,62.799431000000006,1.119725,40.7157,15.850320000000002,3.3919300000000003,1.721756,1,1,5,2,1,5,3,6,6,0
ssp_socio3_ag5_gwmed_exp_gfdl_NDC_Tax_ffict,2100,India,water_td_irr_GangesR_W,3.73499,58.6674,130.0595,58.77120000000001,52.41767300000001,1.0137269999999998,32.161500000000004,15.16046,2.79307,1.288916,2,2,1,1,1,5,3,6,7,0
ssp_socio3_ag5_gwmed_exp_gfdl_NDC_Tax_uct,2100,India,water_td_irr_GangesR_W,3.417849,66.0109,143.3042,73.7107,63.43128599999999,1.106851,40.7591,16.45874,3.41046,1.696135,2,2,1,2,1,5,3,6,6,0
ssp_socio3_ag5_gwmed_exp_hadgem_NDC_Tax_ffict,2100,India,water_td_irr_GangesR_W,3.8291,59.8148,132.4457,60.8148,53.730971999999994,1.034138,32.9303,15.58537,2.86326,1.3179040000000002,2,2,2,1,1,5,3,6,7,0
ssp_socio3_ag5_gwmed_exp_hadgem_NDC_Tax_uct,2100,India,water_td_irr_GangesR_W,3.442899,66.2004,143.4949,74.061,63.83553300000001,1.113794,41.02370000000001,16.56022,3.43265,1.705169,2,2,2,2,1,5,3,6,6,0
ssp_socio3_ag5_gwmed_exp_ipsl_NDC_Tax_ffict,2100,India,water_td_irr_GangesR_W,3.80583,60.4922,133.8436,61.6484,54.04375199999999,1.049248,32.9559,15.80817,2.8929,1.337534,2,2,3,1,1,5,3,6,7,0
ssp_socio3_ag5_gwmed_exp_ipsl_NDC_Tax_uct,2100,India,water_td_irr_GangesR_W,3.40188,66.2304,144.1637,74.5169,63.743441000000004,1.121063,40.7752,16.677989999999998,3.45761,1.7115779999999998,2,2,3,2,1,5,3,6,6,0
ssp_socio3_ag5_gwmed_exp_miroc_NDC_Tax_ffict,2100,India,water_td_irr_GangesR_W,3.87944,60.6789,135.3965,61.7708,54.83517599999999,1.041813,33.7813,15.75283,2.9155100000000003,1.343723,2,2,4,1,1,5,3,6,7,0
ssp_socio3_ag5_gwmed_exp_miroc_NDC_Tax_uct,2100,India,water_td_irr_GangesR_W,3.4518480000000005,66.5236,144.6499,74.4409,64.367537,1.114285,41.5093,16.598029999999998,3.43444,1.711482,2,2,4,2,1,5,3,6,6,0
ssp_socio3_ag5_gwmed_exp_noresm_NDC_Tax_ffict,2100,India,water_td_irr_GangesR_W,3.77074,59.255,131.3899,60.3695,53.189627,1.031799,32.421800000000005,15.54239,2.87465,1.3189879999999998,2,2,5,1,1,5,3,6,7,0
ssp_socio3_ag5_gwmed_exp_noresm_NDC_Tax_uct,2100,India,water_td_irr_GangesR_W,3.395426,65.6799,142.6721,73.77449999999997,63.604977000000005,1.115885,40.7689,16.570220000000003,3.4415400000000003,1.708432,2,2,5,2,1,5,3,6,6,0
ssp_socio3_ag5_gwmed_rs_gfdl_NDC_Tax_uct,2100,India,water_td_irr_GangesR_W,3.41011,66.3272,135.9553,72.3283,61.997257999999995,1.107186,39.9978,15.82133,3.36897,1.701972,2,1,1,2,1,5,3,6,6,0
ssp_socio3_ag5_gwmed_rs_hadgem_NDC_Tax_uct,2100,India,water_td_irr_GangesR_W,3.4316150000000003,66.40299999999999,136.7631,72.5216,62.440270999999996,1.115935,40.2598,15.96362,3.39201,1.708906,2,1,2,2,1,5,3,6,6,0
ssp_socio3_ag5_gwmed_rs_ipsl_NDC_Tax_uct,2100,India,water_td_irr_GangesR_W,3.395049,66.5223,137.9879,73.3776,62.944829000000006,1.117242,40.5783,16.12029,3.4142300000000003,1.7147670000000002,2,1,3,2,1,5,3,6,6,0
ssp_socio3_ag5_gwmed_rs_miroc_NDC_Tax_uct,2100,India,water_td_irr_GangesR_W,3.443561,66.8835,137.3062,73.2317,62.851462999999995,1.113801,40.6702,15.956879999999998,3.3924300000000005,1.718152,2,1,4,2,1,5,3,6,6,0
ssp_socio3_ag5_gwmed_rs_noresm_NDC_Tax_uct,2100,India,water_td_irr_GangesR_W,3.382464,65.7165,135.0293,71.8606,62.223879,1.114364,40.0809,15.91105,3.40299,1.714575,2,1,5,2,1,5,3,6,6,0
ssp_socio4_ag1_gwhi_exp_gfdl_NDC_Tax_ffict,2100,India,water_td_irr_GangesR_W,2.94513,41.9107,132.5908,62.8805,44.06238,1.124537,21.54491,17.49416,3.35041,0.5483629999999999,3,2,1,1,1,1,4,2,7,0
ssp_socio4_ag1_gwhi_exp_gfdl_NDC_Tax_uct,2100,India,water_td_irr_GangesR_W,2.571829,46.9566,146.635,54.1875,52.427628000000006,1.3326159999999998,27.5841,18.98947,4.14128,0.380162,3,2,1,2,1,1,4,7,1,0
ssp_socio4_ag1_gwhi_exp_hadgem_NDC_Tax_ffict,2100,India,water_td_irr_GangesR_W,2.9545000000000003,42.587,134.7927,65.4443,45.407456999999994,1.13451,22.2522,18.01246,3.43505,0.573237,3,2,2,1,1,1,4,7,4,0
ssp_socio4_ag1_gwhi_exp_hadgem_NDC_Tax_uct,2100,India,water_td_irr_GangesR_W,2.58333,47.3954,147.0446,55.037000000000006,52.983382,1.3446280000000002,27.8581,19.2038,4.19153,0.385324,3,2,2,2,1,1,4,7,1,0
ssp_socio4_ag1_gwhi_exp_ipsl_NDC_Tax_ffict,2100,India,water_td_irr_GangesR_W,2.95119,43.1595,136.50990000000002,66.2625,46.189644,1.161847,22.6438,18.29731,3.47962,0.607067,3,2,3,1,1,1,4,7,4,0
ssp_socio4_ag1_gwhi_exp_ipsl_NDC_Tax_uct,2100,India,water_td_irr_GangesR_W,2.536412,47.476000000000006,147.9208,55.2149,52.847210000000004,1.356297,27.5586,19.35428,4.19534,0.382693,3,2,3,2,1,1,4,7,1,0
ssp_socio4_ag1_gwhi_exp_miroc_NDC_Tax_ffict,2100,India,water_td_irr_GangesR_W,3.04013,43.4483,139.2681,66.7613,46.369156000000004,1.1486999999999998,22.8996,18.219230000000003,3.51775,0.5838760000000001,3,2,4,1,1,1,4,7,4,0
ssp_socio4_ag1_gwhi_exp_miroc_NDC_Tax_uct,2100,India,water_td_irr_GangesR_W,2.60632,47.6555,148.8231,55.3002,53.595655000000015,1.344198,28.44400000000001,19.21957,4.19907,0.388817,3,2,4,2,1,1,4,7,1,0
ssp_socio4_ag1_gwhi_exp_noresm_NDC_Tax_ffict,2100,India,water_td_irr_GangesR_W,2.87553,42.1294,133.6956,64.7368,45.330552000000004,1.136552,22.1543,18.008110000000006,3.46356,0.56803,3,2,5,1,1,1,4,2,4,0
ssp_socio4_ag1_gwhi_exp_noresm_NDC_Tax_uct,2100,India,water_td_irr_GangesR_W,2.522882,46.9384,145.4465,55.0272,52.620830000000005,1.347126,27.451,19.22616,4.20843,0.388114,3,2,5,2,1,1,4,7,1,0
ssp_socio4_ag1_gwhi_rs_gfdl_NDC_Tax_uct,2100,India,water_td_irr_GangesR_W,2.59233,47.7425,138.7564,52.9438,50.191726,1.341721,26.0248,18.35901,4.09185,0.374345,3,1,1,2,1,1,4,7,1,0
ssp_socio4_ag1_gwhi_rs_hadgem_NDC_Tax_uct,2100,India,water_td_irr_GangesR_W,2.572929,47.5157,140.637,54.1147,51.50353500000001,1.349679,27.0514,18.55894,4.1606000000000005,0.382916,3,1,2,2,1,1,4,7,1,0
ssp_socio4_ag1_gwhi_rs_ipsl_NDC_Tax_uct,2100,India,water_td_irr_GangesR_W,2.528341,47.5966,142.5573,54.4088,52.082010999999994,1.352127,27.2956,18.8881,4.1571,0.389084,3,1,3,2,1,1,4,7,1,0
ssp_socio4_ag1_gwhi_rs_miroc_NDC_Tax_uct,2100,India,water_td_irr_GangesR_W,2.59138,47.6556,141.3056,53.7824,51.690031000000005,1.3453529999999998,27.2266,18.56659,4.16716,0.384328,3,1,4,2,1,1,4,7,1,0
ssp_socio4_ag1_gwhi_rs_noresm_NDC_Tax_uct,2100,India,water_td_irr_GangesR_W,2.498592,46.7188,137.3097,53.2126,50.738706,1.353303,26.4818,18.33503,4.17711,0.391463,3,1,5,2,1,1,4,7,1,0
ssp_socio4_ag1_gwlo_exp_gfdl_NDC_Tax_ffict,2100,India,water_td_irr_GangesR_W,2.90979,41.4669,132.3744,62.3818,44.23325799999999,1.109088,21.84448,17.40918,3.32174,0.54877,1,2,1,1,1,1,4,2,7,0
ssp_socio4_ag1_gwlo_exp_gfdl_NDC_Tax_uct,2100,India,water_td_irr_GangesR_W,2.525934,46.8803,146.2622,55.4453,52.749176000000006,1.320118,27.8896,19.02529,4.1255000000000015,0.3886679999999999,1,2,1,2,1,1,4,7,1,0
ssp_socio4_ag1_gwlo_exp_hadgem_NDC_Tax_ffict,2100,India,water_td_irr_GangesR_W,2.93251,42.363,132.882,65.785,46.099458999999996,1.133057,22.9594,17.988789999999998,3.4336300000000004,0.5845819999999999,1,2,2,1,1,1,4,7,4,0
ssp_socio4_ag1_gwlo_exp_hadgem_NDC_Tax_uct,2100,India,water_td_irr_GangesR_W,2.58587,47.3217,147.1832,54.9947,53.24860699999999,1.341412,28.1667,19.16903,4.18405,0.387415,1,2,2,2,1,1,4,7,1,0
ssp_socio4_ag1_gwlo_exp_ipsl_NDC_Tax_ffict,2100,India,water_td_irr_GangesR_W,2.97436,43.3787,134.8925,66.92670000000001,46.284075,1.160663,22.8883,18.2263,3.41855,0.590262,1,2,3,1,1,1,4,7,4,0
ssp_socio4_ag1_gwlo_exp_ipsl_NDC_Tax_uct,2100,India,water_td_irr_GangesR_W,2.432512,47.1555,150.5739,55.1426,52.73915100000001,1.353717,27.7771,18.99305,4.2449,0.370384,1,2,3,2,1,1,4,7,1,0
ssp_socio4_ag1_gwlo_exp_miroc_NDC_Tax_ffict,2100,India,water_td_irr_GangesR_W,3.03651,43.2695,139.0188,66.2978,46.67450099999999,1.142446,23.2263,18.21949,3.50472,0.581545,1,2,4,1,1,1,4,7,4,0
ssp_socio4_ag1_gwlo_exp_miroc_NDC_Tax_uct,2100,India,water_td_irr_GangesR_W,2.61552,47.6382,148.9386,55.1586,53.691016,1.344188,28.5607,19.20125,4.197030000000001,0.387848,1,2,4,2,1,1,4,7,1,0
ssp_socio4_ag1_gwlo_exp_noresm_NDC_Tax_ffict,2100,India,water_td_irr_GangesR_W,2.88051,42.15810000000001,133.9126,64.74369999999999,45.386908999999996,1.136969,22.2454,17.976029999999998,3.46133,0.56718,1,2,5,1,1,1,4,2,4,0
ssp_socio4_ag1_gwlo_exp_noresm_NDC_Tax_uct,2100,India,water_td_irr_GangesR_W,2.5301530000000003,46.9422,145.4392,54.9229,53.003662999999996,1.344988,27.9046,19.16559,4.19966,0.388825,1,2,5,2,1,1,4,7,1,0
ssp_socio4_ag1_gwlo_rs_gfdl_NDC_Tax_uct,2100,India,water_td_irr_GangesR_W,2.565189,47.0487,140.3296,53.0594,51.107662000000005,1.33884,26.9862,18.29594,4.1039,0.382782,1,1,1,2,1,1,4,7,1,0
ssp_socio4_ag1_gwlo_rs_hadgem_NDC_Tax_uct,2100,India,water_td_irr_GangesR_W,2.5994900000000003,46.9114,141.9936,55.3514,51.59423200000001,1.356004,27.33270000000001,18.34804,4.1614900000000015,0.395998,1,1,2,2,1,1,4,7,1,0
ssp_socio4_ag1_gwlo_rs_ipsl_NDC_Tax_uct,2100,India,water_td_irr_GangesR_W,2.57634,48.8005,143.7313,56.4402,53.004288,1.381741,28.1127,18.83884,4.2121900000000005,0.458817,1,1,3,2,1,1,4,7,7,0
ssp_socio4_ag1_gwlo_rs_miroc_NDC_Tax_uct,2100,India,water_td_irr_GangesR_W,2.56409,46.7919,142.77700000000002,57.966800000000006,51.876547,1.354526,27.3877,18.47036,4.29862,0.3653409999999999,1,1,4,2,1,1,4,7,7,0
ssp_socio4_ag1_gwlo_rs_noresm_NDC_Tax_uct,2100,India,water_td_irr_GangesR_W,2.534155,46.6986,139.13920000000002,53.0961,51.56341799999999,1.35739,27.2676,18.38368,4.16345,0.391298,1,1,5,2,1,1,4,7,1,0
ssp_socio4_ag1_gwmed_exp_gfdl_NDC_Tax_ffict,2100,India,water_td_irr_GangesR_W,2.91075,41.4162,132.239,62.461000000000006,44.239815,1.111544,21.71611,17.517970000000002,3.32765,0.566541,2,2,1,1,1,1,4,2,7,0
ssp_socio4_ag1_gwmed_exp_gfdl_NDC_Tax_uct,2100,India,water_td_irr_GangesR_W,2.69773,46.9683,147.2713,54.4208,52.686525,1.3377,27.6505,19.1721,4.16337,0.362855,2,2,1,2,1,1,4,7,1,0
ssp_socio4_ag1_gwmed_exp_hadgem_NDC_Tax_ffict,2100,India,water_td_irr_GangesR_W,2.95412,42.56910000000001,134.7197,65.2826,45.427246000000004,1.13199,22.3106,17.98599,3.43053,0.568136,2,2,2,1,1,1,4,7,4,0
ssp_socio4_ag1_gwmed_exp_hadgem_NDC_Tax_uct,2100,India,water_td_irr_GangesR_W,2.5845,47.3201,147.0784,55.039,53.16917600000001,1.34281,28.0797,19.173050000000003,4.18614,0.387476,2,2,2,2,1,1,4,7,1,0
ssp_socio4_ag1_gwmed_exp_ipsl_NDC_Tax_ffict,2100,India,water_td_irr_GangesR_W,2.9536,43.2269,136.5864,66.3442,45.973431,1.163303,22.3767,18.38781,3.47027,0.575348,2,2,3,1,1,1,4,7,4,0
ssp_socio4_ag1_gwmed_exp_ipsl_NDC_Tax_uct,2100,India,water_td_irr_GangesR_W,2.551453,47.4245,147.8421,55.1403,53.075363,1.35572,27.778,19.36048000000001,4.19493,0.386233,2,2,3,2,1,1,4,7,1,0
ssp_socio4_ag1_gwmed_exp_miroc_NDC_Tax_ffict,2100,India,water_td_irr_GangesR_W,3.00468,43.3019,138.7804,66.8397,46.813766,1.1446040000000002,23.2785,18.24257,3.53271,0.615382,2,2,4,1,1,1,4,7,4,0
ssp_socio4_ag1_gwmed_exp_miroc_NDC_Tax_uct,2100,India,water_td_irr_GangesR_W,2.6067,47.6049,148.8504,55.18770000000001,53.640187999999995,1.3440530000000002,28.5054,19.20509,4.198169999999999,0.387475,2,2,4,2,1,1,4,7,1,0
ssp_socio4_ag1_gwmed_exp_noresm_NDC_Tax_ffict,2100,India,water_td_irr_GangesR_W,2.8715900000000003,42.0831,133.5568,64.7032,45.266132,1.136119,22.1512,17.953329999999998,3.4588,0.566683,2,2,5,1,1,1,4,2,4,0
ssp_socio4_ag1_gwmed_exp_noresm_NDC_Tax_uct,2100,India,water_td_irr_GangesR_W,2.523021,46.9373,145.4526,54.9879,52.72032,1.347331,27.5759,19.20292,4.20593,0.388239,2,2,5,2,1,1,4,7,1,0
ssp_socio4_ag1_gwmed_rs_gfdl_NDC_Tax_uct,2100,India,water_td_irr_GangesR_W,2.556755,47.1562,139.7513,53.1217,50.917457000000006,1.336617,26.7869,18.30534,4.1079300000000005,0.38067,2,1,1,2,1,1,4,7,1,0
ssp_socio4_ag1_gwmed_rs_ipsl_NDC_Tax_uct,2100,India,water_td_irr_GangesR_W,2.538063,47.6184,142.6315,54.4988,52.196400000000004,1.356366,27.4395,18.84962,4.16334,0.387574,2,1,3,2,1,1,4,7,1,0
ssp_socio4_ag1_gwmed_rs_miroc_NDC_Tax_uct,2100,India,water_td_irr_GangesR_W,2.59235,47.7692,141.5546,53.9304,51.86950600000001,1.346868,27.419,18.54999,4.1662,0.387448,2,1,4,2,1,1,4,7,1,0
ssp_socio4_ag1_gwmed_rs_noresm_NDC_Tax_uct,2100,India,water_td_irr_GangesR_W,2.546404,46.8532,137.0937,53.1448,51.137795999999994,1.345002,26.7855,18.448220000000003,4.16983,0.389244,2,1,5,2,1,1,4,7,1,0
ssp_socio4_ag5_gwhi_exp_gfdl_NDC_Tax_ffict,2100,India,water_td_irr_GangesR_W,3.39812,41.2518,128.1273,57.4646,43.395807,1.125204,20.7124,17.7425,3.29549,0.520213,3,2,1,1,1,5,4,2,7,0
ssp_socio4_ag5_gwhi_exp_gfdl_NDC_Tax_uct,2100,India,water_td_irr_GangesR_W,3.0576600000000003,46.861,143.4648,50.8259,51.994396,1.333538,26.5489,19.6157,4.08724,0.409018,3,2,1,2,1,5,4,7,1,0
ssp_socio4_ag5_gwhi_exp_hadgem_NDC_Tax_ffict,2100,India,water_td_irr_GangesR_W,3.50314,42.2966,129.8232,60.9397,45.099683999999996,1.152859,21.88083,18.09792,3.38052,0.587555,3,2,2,1,1,5,4,2,7,0
ssp_socio4_ag5_gwhi_exp_hadgem_NDC_Tax_uct,2100,India,water_td_irr_GangesR_W,3.07313,47.1783,143.5987,51.6157,52.56215400000001,1.345376,26.846,19.8227,4.13156,0.416518,3,2,2,2,1,5,4,7,1,0
ssp_socio4_ag5_gwhi_exp_ipsl_NDC_Tax_ffict,2100,India,water_td_irr_GangesR_W,3.45169,42.996,131.82240000000002,61.0215,45.352518999999994,1.180864,21.79946,18.39089,3.41635,0.564955,3,2,3,1,1,5,4,2,7,0
ssp_socio4_ag5_gwhi_exp_ipsl_NDC_Tax_uct,2100,India,water_td_irr_GangesR_W,3.03447,47.2533,144.515,51.6711,52.554314,1.355646,26.6918,19.94905,4.14304,0.414778,3,2,3,2,1,5,4,7,1,0
ssp_socio4_ag5_gwhi_exp_miroc_NDC_Tax_ffict,2100,India,water_td_irr_GangesR_W,3.53651,42.963,133.86489999999998,61.33150000000001,45.547628,1.1600009999999998,21.8672,18.50511,3.4649300000000003,0.550387,3,2,4,1,1,5,4,2,7,0
ssp_socio4_ag5_gwhi_exp_miroc_NDC_Tax_uct,2100,India,water_td_irr_GangesR_W,3.1171,49.3727,142.3997,51.5924,52.663990000000005,1.330181,27.0951,19.73761,4.017329999999999,0.4837689999999999,3,2,4,2,1,5,4,7,1,0
ssp_socio4_ag5_gwhi_exp_noresm_NDC_Tax_ffict,2100,India,water_td_irr_GangesR_W,3.37822,41.8609,128.8973,59.7225,44.65402000000001,1.150822,21.33609,18.217730000000003,3.4106400000000003,0.5387379999999999,3,2,5,1,1,5,4,2,7,0
ssp_socio4_ag5_gwhi_exp_noresm_NDC_Tax_uct,2100,India,water_td_irr_GangesR_W,3.00794,46.75899999999999,142.0143,51.5433,52.365531,1.345796,26.6274,19.83045,4.144340000000001,0.417545,3,2,5,2,1,5,4,7,1,0
ssp_socio4_ag5_gwhi_rs_gfdl_NDC_Tax_uct,2100,India,water_td_irr_GangesR_W,2.97495,48.3151,136.4524,50.213,51.048727,1.338947,26.4377,18.84896,4.00561,0.41751,3,1,1,2,1,5,4,7,1,0
ssp_socio4_ag5_gwhi_rs_hadgem_NDC_Tax_uct,2100,India,water_td_irr_GangesR_W,3.05605,47.3489,137.8526,50.7867,51.356852,1.345358,26.1838,19.31043,4.10122,0.416044,3,1,2,2,1,5,4,7,1,0
ssp_socio4_ag5_gwhi_rs_ipsl_NDC_Tax_uct,2100,India,water_td_irr_GangesR_W,3.08293,46.3961,143.5072,53.241200000000006,51.948252000000004,1.35191,26.4998,19.53896,4.1443,0.413282,3,1,3,2,1,5,4,7,1,0
ssp_socio4_ag5_gwhi_rs_miroc_NDC_Tax_uct,2100,India,water_td_irr_GangesR_W,3.07711,47.582,138.9878,50.6671,51.509623000000005,1.350147,26.4065,19.21728,4.11936,0.416336,3,1,4,2,1,5,4,7,1,0
ssp_socio4_ag5_gwhi_rs_noresm_NDC_Tax_uct,2100,India,water_td_irr_GangesR_W,2.98907,46.7305,135.1972,49.99500000000001,50.704871999999995,1.349719,25.6364,19.1863,4.11555,0.4169029999999999,3,1,5,2,1,5,4,7,1,0
ssp_socio4_ag5_gwlo_exp_gfdl_NDC_Tax_ffict,2100,India,water_td_irr_GangesR_W,3.3973500000000003,41.2533,128.1066,57.56,43.71127099999999,1.124629,21.04772,17.722659999999994,3.29127,0.524992,1,2,1,1,1,5,4,2,7,0
ssp_socio4_ag5_gwlo_exp_gfdl_NDC_Tax_uct,2100,India,water_td_irr_GangesR_W,3.05921,46.8259,143.3796,50.8508,52.381755999999996,1.327903,26.9726,19.59003,4.08144,0.409783,1,2,1,2,1,5,4,7,1,0
ssp_socio4_ag5_gwlo_exp_hadgem_NDC_Tax_ffict,2100,India,water_td_irr_GangesR_W,3.46064,42.3232,130.4333,60.2685,45.014146999999994,1.146902,21.72073,18.21736,3.38502,0.544135,1,2,2,1,1,5,4,2,7,0
ssp_socio4_ag5_gwlo_exp_hadgem_NDC_Tax_uct,2100,India,water_td_irr_GangesR_W,3.07647,47.1948,143.814,51.5023,52.83892,1.3425820000000002,27.1679,19.78699,4.125030000000001,0.416418,1,2,2,2,1,5,4,7,1,0
ssp_socio4_ag5_gwlo_exp_ipsl_NDC_Tax_ffict,2100,India,water_td_irr_GangesR_W,3.45552,42.7906,132.0738,61.1555,45.43295700000001,1.181001,21.70315,18.55834,3.4366800000000004,0.553786,1,2,3,1,1,5,4,2,7,0
ssp_socio4_ag5_gwlo_exp_ipsl_NDC_Tax_uct,2100,India,water_td_irr_GangesR_W,3.07316,46.9718,145.0356,52.0553,53.053819999999995,1.361908,27.1601,19.95285,4.1473200000000014,0.431642,1,2,3,2,1,5,4,7,1,0
ssp_socio4_ag5_gwlo_exp_miroc_NDC_Tax_ffict,2100,India,water_td_irr_GangesR_W,3.5418800000000004,42.9626,134.1526,61.11190000000001,45.910222,1.157406,22.2742,18.46816,3.4584,0.552056,1,2,4,1,1,5,4,2,7,0
ssp_socio4_ag5_gwlo_exp_miroc_NDC_Tax_uct,2100,India,water_td_irr_GangesR_W,3.10583,47.471,145.475,51.6272,53.27663700000001,1.343326,27.5573,19.81991,4.13945,0.416651,1,2,4,2,1,5,4,7,1,0
ssp_socio4_ag5_gwlo_exp_noresm_NDC_Tax_ffict,2100,India,water_td_irr_GangesR_W,3.3875200000000003,41.88590000000001,129.07479999999998,59.532,44.71304,1.149096,21.40267,18.21306,3.40971,0.538504,1,2,5,1,1,5,4,2,7,0
ssp_socio4_ag5_gwlo_exp_noresm_NDC_Tax_uct,2100,India,water_td_irr_GangesR_W,3.02222,46.799,142.0968,51.4286,52.622092,1.343252,26.9358,19.78885,4.1363900000000005,0.4178,1,2,5,2,1,5,4,7,1,0
ssp_socio4_ag5_gwlo_rs_gfdl_NDC_Tax_uct,2100,India,water_td_irr_GangesR_W,3.04776,46.9979,137.5159,49.9279,50.978021,1.332526,26.1939,18.98982,4.04942,0.412355,1,1,1,2,1,5,4,7,1,0
ssp_socio4_ag5_gwlo_rs_hadgem_NDC_Tax_uct,2100,India,water_td_irr_GangesR_W,3.07148,47.0933,139.709,50.4854,51.752413999999995,1.351029,26.6665,19.22995,4.08358,0.421355,1,1,2,2,1,5,4,7,1,0
ssp_socio4_ag5_gwlo_rs_ipsl_NDC_Tax_uct,2100,India,water_td_irr_GangesR_W,3.03613,47.438,139.95569999999998,51.0882,52.104333999999994,1.3519290000000002,26.7301,19.49598,4.10899,0.417335,1,1,3,2,1,5,4,7,1,0
ssp_socio4_ag5_gwlo_rs_miroc_NDC_Tax_uct,2100,India,water_td_irr_GangesR_W,3.09304,47.6147,139.334,50.6368,51.91368,1.3470540000000002,26.8239,19.2195,4.10497,0.418256,1,1,4,2,1,5,4,7,1,0
ssp_socio4_ag5_gwlo_rs_noresm_NDC_Tax_uct,2100,India,water_td_irr_GangesR_W,3.01006,46.6586,136.3924,49.9304,51.411253,1.352067,26.442300000000003,19.09581,4.09944,0.4216359999999999,1,1,5,2,1,5,4,7,1,0
ssp_socio4_ag5_gwmed_exp_gfdl_NDC_Tax_ffict,2100,India,water_td_irr_GangesR_W,3.39713,41.2567,127.9578,57.5981,43.43525300000002,1.1272719999999998,20.776110000000006,17.72857,3.28244,0.520861,2,2,1,1,1,5,4,2,7,0
ssp_socio4_ag5_gwmed_exp_gfdl_NDC_Tax_uct,2100,India,water_td_irr_GangesR_W,3.06188,46.4457,141.3971,52.1035,52.586135,1.325175,26.9345,19.8888,4.01248,0.42518,2,2,1,2,1,5,4,7,1,0
ssp_socio4_ag5_gwmed_exp_hadgem_NDC_Tax_ffict,2100,India,water_td_irr_GangesR_W,3.4604699999999995,42.318000000000005,130.2751,60.4019,44.751034000000004,1.148934,21.42827,18.24309,3.38912,0.54162,2,2,2,1,1,5,4,2,7,0
ssp_socio4_ag5_gwmed_exp_hadgem_NDC_Tax_uct,2100,India,water_td_irr_GangesR_W,3.08954,46.1095,144.9614,50.9851,52.318426,1.357858,26.5666,19.8288,4.18139,0.383778,2,2,2,2,1,5,4,7,1,0
ssp_socio4_ag5_gwmed_exp_ipsl_NDC_Tax_ffict,2100,India,water_td_irr_GangesR_W,3.44775,42.9663,131.99960000000002,61.1029,45.343275000000006,1.17637,21.60432,18.59024,3.4227800000000004,0.549565,2,2,3,1,1,5,4,2,7,0
ssp_socio4_ag5_gwmed_exp_ipsl_NDC_Tax_uct,2100,India,water_td_irr_GangesR_W,3.01499,47.4044,144.6143,52.114,52.49923600000001,1.350479,26.6914,19.89415,4.15187,0.411337,2,2,3,2,1,5,4,7,1,0
ssp_socio4_ag5_gwmed_exp_miroc_NDC_Tax_ffict,2100,India,water_td_irr_GangesR_W,3.53632,42.9758,133.9192,61.2798,45.708754000000006,1.1591870000000002,22.05095,18.48702,3.46029,0.551307,2,2,4,1,1,5,4,2,7,0
ssp_socio4_ag5_gwmed_exp_miroc_NDC_Tax_uct,2100,India,water_td_irr_GangesR_W,3.09402,47.4461,145.39620000000005,51.6677,53.200593,1.343434,27.466,19.83273,4.14237,0.416059,2,2,4,2,1,5,4,7,1,0
ssp_socio4_ag5_gwmed_exp_noresm_NDC_Tax_ffict,2100,India,water_td_irr_GangesR_W,3.37761,41.8502,128.886,59.62950000000001,44.654585999999995,1.1501389999999998,21.34744,18.20826,3.41097,0.5377770000000001,2,2,5,1,1,5,4,2,7,0
ssp_socio4_ag5_gwmed_exp_noresm_NDC_Tax_uct,2100,India,water_td_irr_GangesR_W,3.00977,46.787,142.1471,51.4895,52.363471,1.346751,26.6465,19.81017,4.14275,0.4173,2,2,5,2,1,5,4,7,1,0
ssp_socio4_ag5_gwmed_rs_gfdl_NDC_Tax_uct,2100,India,water_td_irr_GangesR_W,3.04003,46.996,137.2528,49.9065,50.780007,1.3328,25.9668,19.01891,4.052239999999999,0.409257,2,1,1,2,1,5,4,7,1,0
ssp_socio4_ag5_gwmed_rs_hadgem_NDC_Tax_uct,2100,India,water_td_irr_GangesR_W,3.05744,47.3679,138.0436,50.71550000000001,51.476388,1.344251,26.334,19.28431,4.097980000000001,0.415847,2,1,2,2,1,5,4,7,1,0
ssp_socio4_ag5_gwmed_rs_ipsl_NDC_Tax_uct,2100,India,water_td_irr_GangesR_W,3.06758,46.6825,142.34799999999998,52.0598,51.93437400000001,1.3520530000000002,26.5769,19.45526000000001,4.15476,0.395401,2,1,3,2,1,5,4,7,1,0
ssp_socio4_ag5_gwmed_rs_miroc_NDC_Tax_uct,2100,India,water_td_irr_GangesR_W,3.07858,47.5742,138.9943,50.6617,51.725066000000005,1.34677,26.6139,19.23991,4.10777,0.416716,2,1,4,2,1,5,4,7,1,0
ssp_socio4_ag5_gwmed_rs_noresm_NDC_Tax_uct,2100,India,water_td_irr_GangesR_W,2.9491400000000003,46.5834,135.4733,49.42,50.434485,1.335794,25.7343,18.80911,4.14459,0.410691,2,1,5,2,1,5,4,7,5,0
