scenario,year,region,input,FiberCrop_withdrawal,Rice_withdrawal,Wheat_withdrawal,SugarCrop_withdrawal,MiscAll_withdrawals,Corn_withdrawal,FodderHerb_withdrawal,MiscCrop_withdrawal,OilCrop_withdrawal,OtherGrain_withdrawal,Root_Tuber_withdrawal,gw,res,esm,tax,ssp,ag,soc,cluster_FiberCrop_withdrawal_Rice_withdrawal,cluster_FiberCrop_withdrawal_SugarCrop_withdrawal,cluster_FiberCrop_withdrawal_Wheat_withdrawal,cluster_FiberCrop_withdrawal_MiscAll_withdrawals,cluster_Rice_withdrawal_SugarCrop_withdrawal
ssp_ag1_soc3_gwhi_exp_gfdl_NDC_Tax_ffict,2100,Middle East,water_td_irr_TigrEuphR_W,1.372639,12.42616,10.13806,0.33065,32.650748300000004,4.63359,0.1405583,17.87288,2.4238,4.00456,3.57536,3,2,1,1,2,1,3,4,0,7,0,4
ssp_ag1_soc3_gwhi_exp_gfdl_NDC_Tax_uct,2100,Middle East,water_td_irr_TigrEuphR_W,1.2815,14.42468,13.87365,0.399184,37.5423936,4.35015,0.1758976,19.78216,2.334956,6.21664,4.682589999999999,3,2,1,2,2,1,3,4,0,2,0,4
ssp_ag1_soc3_gwhi_exp_hadgem_NDC_Tax_ffict,2100,Middle East,water_td_irr_TigrEuphR_W,1.323716,11.83888,9.59864,0.319028,31.255365599999998,4.41018,0.1351856,17.1453,2.31741,3.82665,3.42064,3,2,2,1,2,1,3,4,0,7,0,4
ssp_ag1_soc3_gwhi_exp_hadgem_NDC_Tax_uct,2100,Middle East,water_td_irr_TigrEuphR_W,1.286709,14.34053,13.68808,0.39611,37.378627200000004,4.334309999999999,0.1755111999999999,19.70569,2.323526,6.17532,4.66427,3,2,2,2,2,1,3,4,0,2,0,4
ssp_ag1_soc3_gwhi_exp_ipsl_NDC_Tax_ffict,2100,Middle East,water_td_irr_TigrEuphR_W,1.429504,12.45808,10.30196,0.345946,34.0116754,4.74408,0.1534654,18.62389,2.53614,4.2121200000000005,3.74198,3,2,3,1,2,1,3,4,0,7,0,4
ssp_ag1_soc3_gwhi_exp_ipsl_NDC_Tax_uct,2100,Middle East,water_td_irr_TigrEuphR_W,1.274252,14.394570000000002,13.8625,0.40238,37.3003511,4.37962,0.1824411,19.35426,2.36089,6.3043000000000005,4.71884,3,2,3,2,2,1,3,4,0,2,0,4
ssp_ag1_soc3_gwhi_exp_miroc_NDC_Tax_ffict,2100,Middle East,water_td_irr_TigrEuphR_W,1.3237139999999998,11.44669,9.5268,0.315753,31.228853400000002,4.2956400000000015,0.1371434,17.21429,2.29923,3.8644,3.41815,3,2,4,1,2,1,3,4,0,7,0,4
ssp_ag1_soc3_gwhi_exp_miroc_NDC_Tax_uct,2100,Middle East,water_td_irr_TigrEuphR_W,1.274259,14.17395,13.68521,0.394977,37.4187563,4.26502,0.1728792999999999,19.88055,2.302677,6.15906,4.63857,3,2,4,2,2,1,3,4,0,2,0,4
ssp_ag1_soc3_gwhi_exp_noresm_NDC_Tax_ffict,2100,Middle East,water_td_irr_TigrEuphR_W,1.26556,11.41994,9.16312,0.306558,30.273871200000002,4.27522,0.1329542,16.5748,2.242907,3.72631,3.32168,3,2,5,1,2,1,3,4,0,7,0,4
ssp_ag1_soc3_gwhi_exp_noresm_NDC_Tax_uct,2100,Middle East,water_td_irr_TigrEuphR_W,1.254277,14.11765,13.37001,0.390001,36.3452766,4.29707,0.1789436,18.82467,2.303383,6.1272400000000005,4.61397,3,2,5,2,2,1,3,4,0,2,0,4
ssp_ag1_soc3_gwhi_rs_gfdl_NDC_Tax_ffict,2100,Middle East,water_td_irr_TigrEuphR_W,1.338511,11.05473,9.41573,0.312298,31.2317127,4.24314,0.1397027,17.26771,2.30371,3.88319,3.39426,3,1,1,1,2,1,3,4,0,7,0,4
ssp_ag1_soc3_gwhi_rs_gfdl_NDC_Tax_uct,2100,Middle East,water_td_irr_TigrEuphR_W,1.275402,14.03816,13.647379999999998,0.395605,37.5559215,4.23758,0.1734335,20.05651,2.303488,6.15036,4.63455,3,1,1,2,2,1,3,4,0,2,0,4
ssp_ag1_soc3_gwhi_rs_hadgem_NDC_Tax_ffict,2100,Middle East,water_td_irr_TigrEuphR_W,1.309615,11.22395,9.27075,0.310983,30.7100803,4.22617,0.1345202999999999,16.98058,2.26592,3.76769,3.3352,3,1,2,1,2,1,3,4,0,7,0,4
ssp_ag1_soc3_gwhi_rs_hadgem_NDC_Tax_uct,2100,Middle East,water_td_irr_TigrEuphR_W,1.283955,14.11655,13.548749999999998,0.394376,37.5147582,4.2638,0.1732532,20.00549,2.307005,6.12922,4.6359900000000005,3,1,2,2,2,1,3,4,0,2,0,4
ssp_ag1_soc3_gwhi_rs_ipsl_NDC_Tax_ffict,2100,Middle East,water_td_irr_TigrEuphR_W,1.37057,10.058,8.97932,0.295264,31.2749533,4.03869,0.1537033,17.35022,2.2879400000000003,4.0090900000000005,3.43531,3,1,3,1,2,1,3,1,0,7,0,4
ssp_ag1_soc3_gwhi_rs_ipsl_NDC_Tax_uct,2100,Middle East,water_td_irr_TigrEuphR_W,1.2517589999999998,13.27214,13.168689999999998,0.387234,36.900606,4.09868,0.1782099999999999,19.62603,2.261906,6.1556700000000015,4.58011,3,1,3,2,2,1,3,4,0,2,0,4
ssp_ag1_soc3_gwhi_rs_miroc_NDC_Tax_ffict,2100,Middle East,water_td_irr_TigrEuphR_W,1.277047,9.60159,8.532070000000001,0.289049,29.2139969,3.77213,0.1362788999999999,16.29896,2.135418,3.69729,3.17392,3,1,4,1,2,1,3,1,0,7,0,4
ssp_ag1_soc3_gwhi_rs_miroc_NDC_Tax_uct,2100,Middle East,water_td_irr_TigrEuphR_W,1.2561,13.21741,13.13384,0.383369,36.6466629,4.020569999999998,0.1715329,19.66106,2.2307200000000003,6.041079999999999,4.5217,3,1,4,2,2,1,3,4,0,2,0,4
ssp_ag1_soc3_gwhi_rs_noresm_NDC_Tax_ffict,2100,Middle East,water_td_irr_TigrEuphR_W,1.24793,10.68689,8.79296,0.296367,29.5045812,4.069719999999999,0.1325662,16.23232,2.181055,3.66163,3.22729,3,1,5,1,2,1,3,4,0,7,0,4
ssp_ag1_soc3_gwhi_rs_noresm_NDC_Tax_uct,2100,Middle East,water_td_irr_TigrEuphR_W,1.250212,13.8868,13.21052,0.386753,37.02407469999999,4.211469999999999,0.1732227,19.71482,2.274392,6.06314,4.58703,3,1,5,2,2,1,3,4,0,2,0,4
ssp_ag1_soc3_gwlo_exp_gfdl_NDC_Tax_ffict,2100,Middle East,water_td_irr_TigrEuphR_W,1.37079,12.40631,10.12631,0.329625,32.9408054,4.61977,0.1394754,18.19894,2.41462,3.99773,3.57027,1,2,1,1,2,1,3,4,0,7,0,4
ssp_ag1_soc3_gwlo_exp_gfdl_NDC_Tax_uct,2100,Middle East,water_td_irr_TigrEuphR_W,1.278673,14.2867,13.79563,0.397126,37.4706574,4.31384,0.1755474,19.793,2.32287,6.20021,4.66519,1,2,1,2,2,1,3,4,0,2,0,4
ssp_ag1_soc3_gwlo_exp_hadgem_NDC_Tax_ffict,2100,Middle East,water_td_irr_TigrEuphR_W,1.322622,11.83942,9.60386,0.318108,31.5793295,4.40072,0.1340595,17.495150000000002,2.31117,3.82051,3.41772,1,2,2,1,2,1,3,4,0,7,0,4
ssp_ag1_soc3_gwlo_exp_hadgem_NDC_Tax_uct,2100,Middle East,water_td_irr_TigrEuphR_W,1.287454,14.35551,13.71009,0.396129,37.4839869,4.3316300000000005,0.1748999,19.81848,2.323177,6.17125,4.66455,1,2,2,2,2,1,3,4,0,2,0,4
ssp_ag1_soc3_gwlo_exp_ipsl_NDC_Tax_ffict,2100,Middle East,water_td_irr_TigrEuphR_W,1.380418,10.59274,9.27126,0.317017,31.983469599999992,4.22215,0.1529996,17.683729999999994,2.36395,4.05862,3.50202,1,2,3,1,2,1,3,4,0,7,0,4
ssp_ag1_soc3_gwlo_exp_ipsl_NDC_Tax_uct,2100,Middle East,water_td_irr_TigrEuphR_W,1.248781,13.21709,13.170229999999998,0.385488,36.2963364,4.07024,0.1810533999999999,19.02753,2.263573,6.18485,4.56909,1,2,3,2,2,1,3,4,0,2,0,4
ssp_ag1_soc3_gwlo_exp_miroc_NDC_Tax_uct,2100,Middle East,water_td_irr_TigrEuphR_W,1.222997,12.07849,12.44789,0.363976,35.0276876,3.77602,0.1730686,18.66713,2.114209,5.938619999999999,4.358639999999999,1,2,4,2,2,1,3,4,0,7,0,4
ssp_ag1_soc3_gwlo_exp_noresm_NDC_Tax_ffict,2100,Middle East,water_td_irr_TigrEuphR_W,1.2658040000000002,11.4241,9.17093,0.306273,30.3505711,4.272880000000001,0.1327051,16.65792,2.240856,3.72508,3.32113,1,2,5,1,2,1,3,4,0,7,0,4
ssp_ag1_soc3_gwlo_exp_noresm_NDC_Tax_uct,2100,Middle East,water_td_irr_TigrEuphR_W,1.255829,14.15399,13.366039999999998,0.389469,36.9064818,4.305630000000001,0.1756138,19.42077,2.288328,6.103389999999999,4.61275,1,2,5,2,2,1,3,4,0,2,0,4
ssp_ag1_soc3_gwlo_rs_hadgem_NDC_Tax_uct,2100,Middle East,water_td_irr_TigrEuphR_W,1.220975,11.4197,11.96652,0.3557349999999999,34.4607601,3.57836,0.1739761,18.48713,2.076624,5.85907,4.2856,1,1,2,2,2,1,3,4,0,7,0,4
ssp_ag1_soc3_gwlo_rs_noresm_NDC_Tax_uct,2100,Middle East,water_td_irr_TigrEuphR_W,1.181342,10.82131,11.39309,0.342561,33.5060625,3.42347,0.1740015,17.95889,2.012081,5.75271,4.18491,1,1,5,2,2,1,3,4,0,7,0,4
ssp_ag1_soc3_gwmed_exp_gfdl_NDC_Tax_ffict,2100,Middle East,water_td_irr_TigrEuphR_W,1.372598,12.42909,10.13949,0.3306,32.7485899,4.63092,0.1402798999999999,17.97492,2.42274,4.00405,3.57568,2,2,1,1,2,1,3,4,0,7,0,4
ssp_ag1_soc3_gwmed_exp_gfdl_NDC_Tax_uct,2100,Middle East,water_td_irr_TigrEuphR_W,1.280068,14.39737,13.84659,0.39844,37.5580136,4.35308,0.1755106,19.81638,2.328843,6.206919999999999,4.6772800000000005,2,2,1,2,2,1,3,4,0,2,0,4
ssp_ag1_soc3_gwmed_exp_hadgem_NDC_Tax_ffict,2100,Middle East,water_td_irr_TigrEuphR_W,1.322488,11.83426,9.59068,0.321383,31.324929600000004,4.4099,0.1349196,17.21731,2.3203400000000003,3.8235,3.41896,2,2,2,1,2,1,3,4,0,7,0,4
ssp_ag1_soc3_gwmed_exp_hadgem_NDC_Tax_uct,2100,Middle East,water_td_irr_TigrEuphR_W,1.2864209999999998,14.34082,13.68485,0.395976,37.4420619,4.33385,0.1750158999999999,19.7751,2.321736,6.1725900000000005,4.66377,2,2,2,2,2,1,3,4,0,2,0,4
ssp_ag1_soc3_gwmed_exp_ipsl_NDC_Tax_ffict,2100,Middle East,water_td_irr_TigrEuphR_W,1.4251459999999998,12.22585,10.18217,0.342057,33.786787000000004,4.68011,0.153507,18.52096,2.51724,4.20004,3.71493,2,2,3,1,2,1,3,4,0,7,0,4
ssp_ag1_soc3_gwmed_exp_ipsl_NDC_Tax_uct,2100,Middle East,water_td_irr_TigrEuphR_W,1.271352,14.2721,13.77984,0.400358,37.409337300000004,4.35385,0.1810733,19.54109,2.344034,6.28598,4.70331,2,2,3,2,2,1,3,4,0,2,0,4
ssp_ag1_soc3_gwmed_exp_miroc_NDC_Tax_ffict,2100,Middle East,water_td_irr_TigrEuphR_W,1.317505,11.23567,9.40953,0.312271,31.136736700000004,4.23325,0.1365767,17.25874,2.27353,3.84456,3.39008,2,2,4,1,2,1,3,4,0,7,0,4
ssp_ag1_soc3_gwmed_exp_miroc_NDC_Tax_uct,2100,Middle East,water_td_irr_TigrEuphR_W,1.27661,14.17491,13.65669,0.394445,37.56066000000001,4.32535,0.174163,19.95770000000001,2.290347,6.16032,4.65278,2,2,4,2,2,1,3,4,0,2,0,4
ssp_ag1_soc3_gwmed_exp_noresm_NDC_Tax_ffict,2100,Middle East,water_td_irr_TigrEuphR_W,1.26602,11.42344,9.16677,0.306662,30.288657399999995,4.27603,0.1329594,16.586289999999998,2.243518,3.7274,3.32246,2,2,5,1,2,1,3,4,0,7,0,4
ssp_ag1_soc3_gwmed_exp_noresm_NDC_Tax_uct,2100,Middle East,water_td_irr_TigrEuphR_W,1.253846,14.12315,13.36123,0.389684,36.5571668,4.28819,0.1775888,19.05848,2.303488,6.117030000000001,4.61239,2,2,5,2,2,1,3,4,0,2,0,4
ssp_ag1_soc3_gwmed_rs_gfdl_NDC_Tax_ffict,2100,Middle East,water_td_irr_TigrEuphR_W,1.313559,10.16769,8.915880000000003,0.298242,30.346165999999997,3.99112,0.139012,16.91425,2.218984,3.80434,3.27846,2,1,1,1,2,1,3,1,0,7,0,4
ssp_ag1_soc3_gwmed_rs_gfdl_NDC_Tax_uct,2100,Middle East,water_td_irr_TigrEuphR_W,1.263049,13.48702,13.33148,0.38802,36.94723900000001,4.10119,0.173639,19.74674000000001,2.25845,6.10109,4.566129999999999,2,1,1,2,2,1,3,4,0,2,0,4
ssp_ag1_soc3_gwmed_rs_hadgem_NDC_Tax_ffict,2100,Middle East,water_td_irr_TigrEuphR_W,1.30306,11.01695,9.15441,0.307267,30.647582099999997,4.1645900000000005,0.1338291,17.05171,2.2425930000000003,3.74732,3.30754,2,1,2,1,2,1,3,4,0,7,0,4
ssp_ag1_soc3_gwmed_rs_hadgem_NDC_Tax_uct,2100,Middle East,water_td_irr_TigrEuphR_W,1.281569,14.00623,13.486620000000002,0.392891,37.4082951,4.23635,0.1732281,19.95893,2.297527,6.1194,4.622859999999998,2,1,2,2,2,1,3,4,0,2,0,4
ssp_ag1_soc3_gwmed_rs_ipsl_NDC_Tax_uct,2100,Middle East,water_td_irr_TigrEuphR_W,1.217751,11.82489,12.31356,0.366795,35.2066857,3.70954,0.1786747,18.76584,2.142451,6.01781,4.39237,2,1,3,2,2,1,3,4,0,7,0,4
ssp_ag1_soc3_gwmed_rs_miroc_NDC_Tax_uct,2100,Middle East,water_td_irr_TigrEuphR_W,1.221457,11.74758,12.26823,0.362349,34.9321501,3.64504,0.1720400999999999,18.78394,2.1064700000000003,5.8948,4.32986,2,1,4,2,2,1,3,4,0,7,0,4
ssp_ag1_soc3_gwmed_rs_noresm_NDC_Tax_ffict,2100,Middle East,water_td_irr_TigrEuphR_W,1.2416239999999998,10.46552,8.67194,0.293469,29.3675869,4.0074900000000016,0.1321629,16.2237,2.163154,3.642090000000001,3.19899,2,1,5,1,2,1,3,4,0,7,0,4
ssp_ag1_soc3_gwmed_rs_noresm_NDC_Tax_uct,2100,Middle East,water_td_irr_TigrEuphR_W,1.246735,13.746949999999998,13.11729,0.384634,36.9229787,4.19419,0.1731257,19.68204,2.258003,6.044370000000002,4.57125,2,1,5,2,2,1,3,4,0,2,0,4
ssp_ag4_soc3_gwhi_exp_gfdl_NDC_Tax_ffict,2100,Middle East,water_td_irr_TigrEuphR_W,3.90135,12.37088,14.23349,0.350545,37.161786,5.466019999999999,0.5879850000000001,23.52339,2.81271,3.91444,0.8572409999999999,3,2,1,1,2,4,3,1,5,2,3,4
ssp_ag4_soc3_gwhi_exp_hadgem_NDC_Tax_ffict,2100,Middle East,water_td_irr_TigrEuphR_W,3.7964,12.14745,13.954440000000002,0.351068,36.449312,5.38655,0.5683159999999999,23.06695,2.75686,3.80726,0.8633759999999999,3,2,2,1,2,4,3,1,5,2,3,4
ssp_ag4_soc3_gwhi_exp_ipsl_NDC_Tax_ffict,2100,Middle East,water_td_irr_TigrEuphR_W,4.11594,12.86542,14.32851,0.382009,39.410542,5.68595,0.657524,24.9951,2.9894,4.10711,0.975458,3,2,3,1,2,4,3,1,5,2,1,4
ssp_ag4_soc3_gwhi_exp_miroc_NDC_Tax_ffict,2100,Middle East,water_td_irr_TigrEuphR_W,3.8409,11.84683,13.61239,0.338483,36.271606,5.19139,0.581665,23.12964,2.72362,3.834130000000001,0.811161,3,2,4,1,2,4,3,1,5,2,3,4
ssp_ag4_soc3_gwhi_exp_noresm_NDC_Tax_ffict,2100,Middle East,water_td_irr_TigrEuphR_W,3.60284,11.63427,13.33508,0.336185,35.13072700000001,5.18153,0.55306,22.24557,2.64841,3.67219,0.829967,3,2,5,1,2,4,3,1,1,2,3,4
ssp_ag4_soc3_gwhi_rs_gfdl_NDC_Tax_ffict,2100,Middle East,water_td_irr_TigrEuphR_W,3.82657,11.00679,12.34842,0.324704,34.972268,4.75622,0.5996319999999999,22.55568,2.59947,3.74096,0.720306,3,1,1,1,2,4,3,1,5,6,3,4
ssp_ag4_soc3_gwhi_rs_hadgem_NDC_Tax_ffict,2100,Middle East,water_td_irr_TigrEuphR_W,3.7925,11.74608,13.282379999999998,0.337544,35.75756799999999,5.12185,0.573128,22.83328,2.68511,3.74211,0.80209,3,1,2,1,2,4,3,1,5,2,3,4
ssp_ag4_soc3_gwhi_rs_ipsl_NDC_Tax_ffict,2100,Middle East,water_td_irr_TigrEuphR_W,3.95364,9.88722,10.40964,0.268213,33.154126000000005,4.09302,0.667802,21.67818,2.49271,3.73072,0.4916939999999999,3,1,3,1,2,4,3,6,5,6,3,4
ssp_ag4_soc3_gwhi_rs_noresm_NDC_Tax_ffict,2100,Middle East,water_td_irr_TigrEuphR_W,3.60289,11.17946,12.66976,0.321189,34.468976999999995,4.9135100000000005,0.559392,22.0341,2.58035,3.61421,0.767415,3,1,5,1,2,4,3,1,1,2,3,4
ssp_ag4_soc3_gwlo_exp_gfdl_NDC_Tax_ffict,2100,Middle East,water_td_irr_TigrEuphR_W,3.90564,11.33558,12.75211,0.314971,35.506513000000005,4.9057,0.598036,22.84803,2.65248,3.77958,0.7226870000000001,1,2,1,1,2,4,3,1,5,2,3,4
ssp_ag4_soc3_gwlo_exp_hadgem_NDC_Tax_ffict,2100,Middle East,water_td_irr_TigrEuphR_W,3.84909,12.22313,13.93409,0.353336,36.992716,5.3822100000000015,0.569125,23.59124,2.76664,3.80548,0.8780209999999999,1,2,2,1,2,4,3,1,5,2,3,4
ssp_ag4_soc3_gwlo_exp_ipsl_NDC_Tax_ffict,2100,Middle East,water_td_irr_TigrEuphR_W,4.049,10.9623,11.86723,0.320324,35.882262000000004,4.67351,0.666363,23.24069,2.69161,3.88678,0.723309,1,2,3,1,2,4,3,1,5,6,3,4
ssp_ag4_soc3_gwlo_exp_noresm_NDC_Tax_ffict,2100,Middle East,water_td_irr_TigrEuphR_W,3.68989,11.70986,13.32167,0.347498,35.747228,5.1845,0.5561579999999999,22.80145,2.67342,3.679,0.8527,1,2,5,1,2,4,3,1,7,2,3,4
ssp_ag4_soc3_gwmed_exp_gfdl_NDC_Tax_ffict,2100,Middle East,water_td_irr_TigrEuphR_W,3.91657,12.32652,14.16068,0.34861,37.226006,5.4269300000000005,0.590619,23.63377,2.8103800000000003,3.9145,0.849807,2,2,1,1,2,4,3,1,5,2,3,4
ssp_ag4_soc3_gwmed_exp_hadgem_NDC_Tax_ffict,2100,Middle East,water_td_irr_TigrEuphR_W,3.68172,11.56567,13.8572,0.338483,36.01252399999999,5.3446,0.554433,22.83125,2.69054,3.78809,0.803611,2,2,2,1,2,4,3,1,7,2,3,4
ssp_ag4_soc3_gwmed_exp_ipsl_NDC_Tax_ffict,2100,Middle East,water_td_irr_TigrEuphR_W,4.0751800000000005,11.87428,13.25606,0.334499,37.26744300000001,5.15649,0.6485449999999999,23.882710000000003,2.8206900000000004,4.02053,0.738478,2,2,3,1,2,4,3,1,5,2,3,4
ssp_ag4_soc3_gwmed_exp_miroc_NDC_Tax_ffict,2100,Middle East,water_td_irr_TigrEuphR_W,3.80741,11.25629,12.81683,0.318532,35.19086300000001,4.88489,0.5861529999999999,22.59373,2.63315,3.75735,0.73559,2,2,4,1,2,4,3,1,5,2,3,4
ssp_ag4_soc3_gwmed_exp_noresm_NDC_Tax_ffict,2100,Middle East,water_td_irr_TigrEuphR_W,3.61624,11.66183,13.34803,0.336908,35.297019,5.188129999999999,0.553678,22.39498,2.65212,3.67404,0.8340709999999999,2,2,5,1,2,4,3,1,1,2,3,4
ssp_ag4_soc3_gwmed_rs_gfdl_NDC_Tax_ffict,2100,Middle East,water_td_irr_TigrEuphR_W,3.74903,9.6297,10.39468,0.259276,31.845604,4.00683,0.612186,20.80634,2.3756500000000003,3.53582,0.508778,2,1,1,1,2,4,3,6,5,6,3,4
ssp_ag4_soc3_gwmed_rs_hadgem_NDC_Tax_ffict,2100,Middle East,water_td_irr_TigrEuphR_W,3.75866,11.20727,12.56492,0.319456,34.799534,4.84241,0.576443,22.37289,2.60183,3.67292,0.7330409999999999,2,1,2,1,2,4,3,1,5,2,3,4
ssp_ag4_soc3_gwmed_rs_noresm_NDC_Tax_ffict,2100,Middle East,water_td_irr_TigrEuphR_W,3.5637800000000004,10.49885,11.74969,0.298069,33.16204200000001,4.56363,0.564511,21.358780000000007,2.47084,3.5242,0.680081,2,1,5,1,2,4,3,6,1,6,3,4
ssp_ag5_soc3_gwhi_exp_gfdl_NDC_Tax_ffict,2100,Middle East,water_td_irr_TigrEuphR_W,1.871457,14.14803,10.87292,0.309386,36.5777585,5.26163,0.2520985,19.5265,2.81544,4.61289,4.1092,3,2,1,1,2,5,3,4,6,7,0,4
ssp_ag5_soc3_gwhi_exp_gfdl_NDC_Tax_uct,2100,Middle East,water_td_irr_TigrEuphR_W,1.6824560000000002,16.20186,14.374199999999998,0.4181979999999999,41.953011000000004,4.8724,0.300845,21.7659,2.782026,6.59143,5.64041,3,2,1,2,2,5,3,4,6,2,0,4
ssp_ag5_soc3_gwhi_exp_hadgem_NDC_Tax_ffict,2100,Middle East,water_td_irr_TigrEuphR_W,1.823635,14.03573,10.64277,0.3051819999999999,35.7792711,5.16841,0.2443311,19.131770000000003,2.75042,4.475280000000001,4.00906,3,2,2,1,2,5,3,4,6,7,0,4
ssp_ag5_soc3_gwhi_exp_hadgem_NDC_Tax_uct,2100,Middle East,water_td_irr_TigrEuphR_W,1.690638,16.17557,14.2292,0.416019,41.8206352,4.87357,0.3006822,21.68636,2.776713,6.55801,5.625299999999998,3,2,2,2,2,5,3,4,6,2,0,4
ssp_ag5_soc3_gwhi_exp_ipsl_NDC_Tax_ffict,2100,Middle East,water_td_irr_TigrEuphR_W,1.938562,14.25275,11.004,0.3183539999999999,37.903507000000005,5.45718,0.269557,20.21744,2.8928000000000003,4.79832,4.26821,3,2,3,1,2,5,3,4,6,7,0,4
ssp_ag5_soc3_gwhi_exp_ipsl_NDC_Tax_uct,2100,Middle East,water_td_irr_TigrEuphR_W,1.67003,16.0199,14.25383,0.418446,41.708795599999995,4.8532,0.3039815999999999,21.45753,2.789444,6.65504,5.6496,3,2,3,2,2,5,3,4,6,2,0,4
ssp_ag5_soc3_gwhi_exp_miroc_NDC_Tax_ffict,2100,Middle East,water_td_irr_TigrEuphR_W,1.828343,13.36866,10.41218,0.298179,35.449835,4.98634,0.246995,19.012,2.7159500000000003,4.50772,3.98083,3,2,4,1,2,5,3,4,6,7,0,4
ssp_ag5_soc3_gwhi_exp_miroc_NDC_Tax_uct,2100,Middle East,water_td_irr_TigrEuphR_W,1.6744279999999998,15.91375,14.169719999999998,0.4136899999999999,42.119610699999996,4.77559,0.2946257,22.18506,2.743515,6.52989,5.59093,3,2,4,2,2,5,3,4,6,2,0,4
ssp_ag5_soc3_gwhi_exp_noresm_NDC_Tax_ffict,2100,Middle East,water_td_irr_TigrEuphR_W,1.7534299999999998,13.57097,10.22306,0.294318,34.71152360000001,5.00355,0.2396436,18.533620000000003,2.67999,4.355659999999999,3.89906,3,2,5,1,2,5,3,4,6,7,0,4
ssp_ag5_soc3_gwhi_exp_noresm_NDC_Tax_uct,2100,Middle East,water_td_irr_TigrEuphR_W,1.6551650000000002,15.9306,13.91304,0.409285,41.0328886,4.827319999999999,0.3017916,21.10179,2.744577,6.49015,5.56726,3,2,5,2,2,5,3,4,6,2,0,4
ssp_ag5_soc3_gwhi_rs_gfdl_NDC_Tax_ffict,2100,Middle East,water_td_irr_TigrEuphR_W,1.835192,12.57124,10.04849,0.289633,35.00711939999999,4.86586,0.2526893999999999,18.82746,2.67043,4.47842,3.91226,3,1,1,1,2,5,3,4,6,7,0,4
ssp_ag5_soc3_gwhi_rs_gfdl_NDC_Tax_uct,2100,Middle East,water_td_irr_TigrEuphR_W,1.668459,15.435099999999998,13.931629999999998,0.409054,41.9033557,4.658119999999999,0.2960977,22.20221,2.716418,6.4842,5.54631,3,1,1,2,2,5,3,4,6,2,0,4
ssp_ag5_soc3_gwhi_rs_hadgem_NDC_Tax_ffict,2100,Middle East,water_td_irr_TigrEuphR_W,1.807426,13.17679,10.1976,0.294954,34.9956678,4.92765,0.2444277999999999,18.83485,2.68339,4.40418,3.90117,3,1,2,1,2,5,3,4,6,7,0,4
ssp_ag5_soc3_gwhi_rs_hadgem_NDC_Tax_uct,2100,Middle East,water_td_irr_TigrEuphR_W,1.683291,15.82105,13.99506,0.4113830000000001,42.1708179,4.76144,0.2951969,22.30918,2.745101,6.48126,5.57864,3,1,2,2,2,5,3,4,6,2,0,4
ssp_ag5_soc3_gwhi_rs_ipsl_NDC_Tax_ffict,2100,Middle East,water_td_irr_TigrEuphR_W,1.85182,10.37544,8.89514,0.2656449999999999,33.443236,4.293740000000001,0.273426,18.04031,2.57965,4.48331,3.7728,3,1,3,1,2,5,3,1,6,0,0,4
ssp_ag5_soc3_gwhi_rs_ipsl_NDC_Tax_uct,2100,Middle East,water_td_irr_TigrEuphR_W,1.632003,14.05173,13.120920000000002,0.392635,40.4670036,4.34055,0.3008075999999999,21.34453,2.627046,6.44485,5.40922,3,1,3,2,2,5,3,4,0,2,0,4
ssp_ag5_soc3_gwhi_rs_miroc_NDC_Tax_ffict,2100,Middle East,water_td_irr_TigrEuphR_W,1.751236,10.2885,8.74584,0.25663,32.0104688,4.13236,0.2486688,17.36399,2.4413400000000003,4.23894,3.58517,3,1,4,1,2,5,3,1,6,0,0,4
ssp_ag5_soc3_gwhi_rs_miroc_NDC_Tax_uct,2100,Middle East,water_td_irr_TigrEuphR_W,1.637007,14.04324,13.11319,0.389382,40.4020433,4.30664,0.2948183,21.51434,2.595975,6.3295900000000005,5.36068,3,1,4,2,2,5,3,4,0,2,0,4
ssp_ag5_soc3_gwhi_rs_noresm_NDC_Tax_ffict,2100,Middle East,water_td_irr_TigrEuphR_W,1.7268629999999998,12.59063,9.71098,0.282082,33.681176799999996,4.78209,0.2396468,18.03528,2.57933,4.26692,3.77791,3,1,5,1,2,5,3,4,6,7,0,4
ssp_ag5_soc3_gwhi_rs_noresm_NDC_Tax_uct,2100,Middle East,water_td_irr_TigrEuphR_W,1.6435719999999998,15.52072,13.63123,0.402385,41.3396836,4.69954,0.2956296,21.74855,2.695444,6.38924,5.51128,3,1,5,2,2,5,3,4,6,2,0,4
ssp_ag5_soc3_gwlo_exp_gfdl_NDC_Tax_ffict,2100,Middle East,water_td_irr_TigrEuphR_W,1.845308,13.21844,10.36412,0.296747,35.889784,5.06888,0.251794,19.31913,2.72027,4.5324800000000005,3.997230000000001,1,2,1,1,2,5,3,4,6,7,0,4
ssp_ag5_soc3_gwlo_exp_gfdl_NDC_Tax_uct,2100,Middle East,water_td_irr_TigrEuphR_W,1.6677990000000005,15.45955,13.96196,0.408064,41.5396331,4.68047,0.2992960999999999,21.77029,2.7182470000000003,6.52194,5.54939,1,2,1,2,2,5,3,4,6,2,0,4
ssp_ag5_soc3_gwlo_exp_hadgem_NDC_Tax_ffict,2100,Middle East,water_td_irr_TigrEuphR_W,1.823414,14.05652,10.66464,0.305282,36.1384308,5.16841,0.2428307999999999,19.49239,2.74953,4.4732,4.01207,1,2,2,1,2,5,3,4,6,7,0,4
ssp_ag5_soc3_gwlo_exp_hadgem_NDC_Tax_uct,2100,Middle East,water_td_irr_TigrEuphR_W,1.691458,16.20515,14.24766,0.416174,42.2880751,4.87049,0.2973731,22.16827,2.772962,6.551,5.62798,1,2,2,2,2,5,3,4,6,2,0,4
ssp_ag5_soc3_gwlo_exp_ipsl_NDC_Tax_ffict,2100,Middle East,water_td_irr_TigrEuphR_W,1.866896,11.20149,9.35484,0.275645,34.505398,4.617929999999999,0.272828,18.54306,2.62924,4.55705,3.88529,1,2,3,1,2,5,3,1,6,7,0,4
ssp_ag5_soc3_gwlo_exp_ipsl_NDC_Tax_uct,2100,Middle East,water_td_irr_TigrEuphR_W,1.6402990000000002,14.505120000000002,13.39619,0.39764,40.443633899999995,4.46786,0.3037599,21.03604,2.660684,6.5151,5.460190000000001,1,2,3,2,2,5,3,4,0,2,0,4
ssp_ag5_soc3_gwlo_exp_miroc_NDC_Tax_uct,2100,Middle East,water_td_irr_TigrEuphR_W,1.599263,12.56771,12.24381,0.366434,38.3664088,3.9354,0.2992298,20.30935,2.457809,6.20677,5.15785,1,2,4,2,2,5,3,4,0,7,0,4
ssp_ag5_soc3_gwlo_exp_noresm_NDC_Tax_ffict,2100,Middle East,water_td_irr_TigrEuphR_W,1.73677,13.48324,10.11855,0.2917679999999999,34.6565663,5.130739999999999,0.2386563,18.47512,2.61316,4.31858,3.88031,1,2,5,1,2,5,3,4,6,7,0,4
ssp_ag5_soc3_gwlo_exp_noresm_NDC_Tax_uct,2100,Middle East,water_td_irr_TigrEuphR_W,1.6667610000000002,16.03379,13.97246,0.411081,41.7759439,4.8320500000000015,0.2980939,21.81603,2.75013,6.49593,5.58371,1,2,5,2,2,5,3,4,6,2,0,4
ssp_ag5_soc3_gwlo_rs_hadgem_NDC_Tax_uct,2100,Middle East,water_td_irr_TigrEuphR_W,1.589724,11.74432,11.63525,0.354228,37.5828536,3.73729,0.3008555999999999,20.02432,2.385368,6.084230000000001,5.05079,1,1,2,2,2,5,3,4,0,7,0,4
ssp_ag5_soc3_gwlo_rs_noresm_NDC_Tax_uct,2100,Middle East,water_td_irr_TigrEuphR_W,1.544986,10.8079,10.88015,0.336055,36.2157182,3.50348,0.3009492,19.30418,2.281539,5.9323700000000015,4.8932,1,1,5,2,2,5,3,1,0,7,0,4
ssp_ag5_soc3_gwmed_exp_gfdl_NDC_Tax_ffict,2100,Middle East,water_td_irr_TigrEuphR_W,1.870224,14.057620000000002,10.82854,0.308223,36.5438189,5.231960000000001,0.2520389,19.54375,2.80894,4.60776,4.09937,2,2,1,1,2,5,3,4,6,7,0,4
ssp_ag5_soc3_gwmed_exp_gfdl_NDC_Tax_uct,2100,Middle East,water_td_irr_TigrEuphR_W,1.6803310000000002,16.1565,14.334970000000002,0.417112,42.231648199999995,4.85142,0.2981552,22.10097,2.772133,6.576549999999999,5.63242,2,2,1,2,2,5,3,4,6,2,0,4
ssp_ag5_soc3_gwmed_exp_hadgem_NDC_Tax_ffict,2100,Middle East,water_td_irr_TigrEuphR_W,1.7979470000000002,13.93382,10.507269999999998,0.300244,35.6359437,5.30301,0.2425437,19.02196,2.66496,4.42225,3.98122,2,2,2,1,2,5,3,4,6,7,0,4
ssp_ag5_soc3_gwmed_exp_hadgem_NDC_Tax_uct,2100,Middle East,water_td_irr_TigrEuphR_W,1.6917799999999998,16.17923,14.23281,0.416245,42.2275118,4.86608,0.2978618,22.10512,2.77299,6.557930000000001,5.62753,2,2,2,2,2,5,3,4,6,2,0,4
ssp_ag5_soc3_gwmed_exp_ipsl_NDC_Tax_ffict,2100,Middle East,water_td_irr_TigrEuphR_W,1.922711,13.66411,10.6838,0.309664,37.239666,5.31266,0.270196,19.87313,2.83793,4.75022,4.195530000000001,2,2,3,1,2,5,3,4,6,7,0,4
ssp_ag5_soc3_gwmed_exp_ipsl_NDC_Tax_uct,2100,Middle East,water_td_irr_TigrEuphR_W,1.661086,15.62668,14.02934,0.412922,41.430598700000004,4.75178,0.3034847,21.40441,2.754604,6.616230000000001,5.60009,2,2,3,2,2,5,3,4,6,2,0,4
ssp_ag5_soc3_gwmed_exp_miroc_NDC_Tax_ffict,2100,Middle East,water_td_irr_TigrEuphR_W,1.815935,12.98539,10.20081,0.292477,35.1506088,4.8790700000000005,0.2464587999999999,18.94433,2.67681,4.4723,3.93164,2,2,4,1,2,5,3,4,6,7,0,4
ssp_ag5_soc3_gwmed_exp_miroc_NDC_Tax_uct,2100,Middle East,water_td_irr_TigrEuphR_W,1.6682709999999998,15.64506,14.022950000000002,0.409822,41.872987,4.70868,0.294606,22.09137,2.721441,6.50012,5.556769999999999,2,2,4,2,2,5,3,4,6,2,0,4
ssp_ag5_soc3_gwmed_exp_noresm_NDC_Tax_ffict,2100,Middle East,water_td_irr_TigrEuphR_W,1.746085,13.54234,10.18356,0.293309,34.697383200000004,5.09595,0.2392232,18.49573,2.6365100000000004,4.33844,3.89153,2,2,5,1,2,5,3,4,6,7,0,4
ssp_ag5_soc3_gwmed_exp_noresm_NDC_Tax_uct,2100,Middle East,water_td_irr_TigrEuphR_W,1.6585100000000002,15.94526,13.93355,0.410394,41.294041500000006,4.82489,0.3011885,21.33864,2.749723,6.50304,5.5765600000000015,2,2,5,2,2,5,3,4,6,2,0,4
ssp_ag5_soc3_gwmed_rs_gfdl_NDC_Tax_ffict,2100,Middle East,water_td_irr_TigrEuphR_W,1.7896330000000005,10.72598,9.03677,0.263531,33.0064008,4.322039999999999,0.2537408,17.914180000000005,2.51117,4.32747,3.6778,2,1,1,1,2,5,3,1,6,0,0,4
ssp_ag5_soc3_gwmed_rs_gfdl_NDC_Tax_uct,2100,Middle East,water_td_irr_TigrEuphR_W,1.639936,14.327370000000002,13.25991,0.392496,40.6505803,4.3937800000000005,0.2975012999999999,21.57995,2.612869,6.3605100000000006,5.40597,2,1,1,2,2,5,3,4,0,2,0,4
ssp_ag5_soc3_gwmed_rs_hadgem_NDC_Tax_ffict,2100,Middle East,water_td_irr_TigrEuphR_W,1.79834,12.80139,10.00653,0.289809,34.7750549,4.81845,0.2438449,18.83135,2.6507400000000003,4.37448,3.85619,2,1,2,1,2,5,3,4,6,7,0,4
ssp_ag5_soc3_gwmed_rs_hadgem_NDC_Tax_uct,2100,Middle East,water_td_irr_TigrEuphR_W,1.680735,15.519290000000002,13.85879,0.408607,41.9170863,4.6912400000000005,0.2959433,22.18329,2.723503,6.4749,5.548209999999999,2,1,2,2,2,5,3,4,6,2,0,4
ssp_ag5_soc3_gwmed_rs_ipsl_NDC_Tax_uct,2100,Middle East,water_td_irr_TigrEuphR_W,1.56923,11.3995,11.54337,0.35489,37.4144849,3.68321,0.3045339,19.79828,2.387121,6.18511,5.05623,2,1,3,2,2,5,3,4,0,7,0,4
ssp_ag5_soc3_gwmed_rs_miroc_NDC_Tax_uct,2100,Middle East,water_td_irr_TigrEuphR_W,1.574264,11.35709,11.53128,0.351366,37.2858291,3.62829,0.2988700999999999,19.92378,2.3620490000000003,6.06787,5.00497,2,1,4,2,2,5,3,4,0,7,0,4
ssp_ag5_soc3_gwmed_rs_noresm_NDC_Tax_ffict,2100,Middle East,water_td_irr_TigrEuphR_W,1.724627,12.1161,9.49225,0.27592,33.2845245,4.610040000000001,0.2404145,17.9114,2.54779,4.24802,3.72686,2,1,5,1,2,5,3,4,6,7,0,4
ssp_ag5_soc3_gwmed_rs_noresm_NDC_Tax_uct,2100,Middle East,water_td_irr_TigrEuphR_W,1.642032,15.14722,13.47402,0.399071,41.2608632,4.5918100000000015,0.2950252,21.83876,2.675618,6.38306,5.47659,2,1,5,2,2,5,3,4,0,2,0,4
ssp_socio3_ag5_gwhi_exp_gfdl_NDC_Tax_ffict,2100,Middle East,water_td_irr_TigrEuphR_W,2.340005,12.19132,12.92534,0.39436,46.963871,6.37903,0.332651,25.9576,3.27437,5.55912,5.4611,3,2,1,1,1,5,3,1,2,2,5,4
ssp_socio3_ag5_gwhi_exp_hadgem_NDC_Tax_ffict,2100,Middle East,water_td_irr_TigrEuphR_W,2.249691,11.98412,12.78778,0.393494,45.858336,6.33517,0.315626,25.3243,3.20532,5.36247,5.31545,3,2,2,1,1,5,3,1,2,2,5,4
ssp_socio3_ag5_gwhi_exp_ipsl_NDC_Tax_ffict,2100,Middle East,water_td_irr_TigrEuphR_W,2.46296,11.85536,12.21304,0.388601,47.408386,6.056019999999999,0.378166,26.1885,3.31836,5.87323,5.5941100000000015,3,2,3,1,1,5,3,1,2,6,5,4
ssp_socio3_ag5_gwhi_exp_miroc_NDC_Tax_ffict,2100,Middle East,water_td_irr_TigrEuphR_W,2.264091,11.20754,11.82552,0.365279,44.645842,5.72602,0.328042,24.9749,3.0779500000000004,5.35999,5.17894,3,2,4,1,1,5,3,1,2,6,5,4
ssp_socio3_ag5_gwhi_exp_noresm_NDC_Tax_ffict,2100,Middle East,water_td_irr_TigrEuphR_W,2.111826,11.28266,12.03928,0.370015,43.290987,6.01924,0.307687,23.7226,3.0394,5.13523,5.06683,3,2,5,1,1,5,3,1,2,6,5,4
ssp_socio3_ag5_gwhi_rs_hadgem_NDC_Tax_ffict,2100,Middle East,water_td_irr_TigrEuphR_W,2.184434,10.98384,11.50183,0.362634,43.312717,5.60262,0.314227,24.3048,2.98786,5.12531,4.9779,3,1,2,1,1,5,3,1,2,6,5,4
ssp_socio3_ag5_gwhi_rs_noresm_NDC_Tax_ffict,2100,Middle East,water_td_irr_TigrEuphR_W,2.015073,10.0653,10.54709,0.331962,40.439519,5.23405,0.302569,22.6433,2.76758,4.8257900000000005,4.6662300000000005,3,1,5,1,1,5,3,1,6,7,0,4
ssp_socio3_ag5_gwlo_exp_gfdl_NDC_Tax_ffict,2100,Middle East,water_td_irr_TigrEuphR_W,2.158464,9.83854,9.9577,0.31593,40.367676,4.94168,0.327896,22.66652,2.74152,4.99009,4.69997,1,2,1,1,1,5,3,1,2,6,0,4
ssp_socio3_ag5_gwlo_exp_hadgem_NDC_Tax_ffict,2100,Middle East,water_td_irr_TigrEuphR_W,2.222996,11.62877,12.3438,0.38185,45.178556,6.10389,0.313296,25.1657,3.12441,5.2672,5.20406,1,2,2,1,1,5,3,1,2,2,5,4
ssp_socio3_ag5_gwlo_exp_ipsl_NDC_Tax_ffict,2100,Middle East,water_td_irr_TigrEuphR_W,2.324466,9.52844,9.17112,0.309823,41.13007700000001,4.57865,0.381587,23.1539,2.79368,5.358090000000002,4.86417,1,2,3,1,1,5,3,1,2,0,5,4
ssp_socio3_ag5_gwlo_exp_noresm_NDC_Tax_ffict,2100,Middle East,water_td_irr_TigrEuphR_W,2.114289,10.88467,11.50649,0.355293,42.823260000000005,5.71894,0.30788,23.8279,2.95324,5.05997,4.95533,1,2,5,1,1,5,3,1,2,6,5,4
ssp_socio3_ag5_gwmed_exp_gfdl_NDC_Tax_ffict,2100,Middle East,water_td_irr_TigrEuphR_W,2.303146,11.79698,12.44173,0.379424,46.028758999999994,6.1430500000000015,0.330039,25.5974,3.17543,5.44895,5.33389,2,2,1,1,1,5,3,1,2,2,5,4
ssp_socio3_ag5_gwmed_exp_hadgem_NDC_Tax_ffict,2100,Middle East,water_td_irr_TigrEuphR_W,2.242468,11.93711,12.73523,0.39056,45.958431000000004,6.31114,0.313781,25.5071,3.19044,5.3350800000000005,5.30089,2,2,2,1,1,5,3,1,2,2,5,4
ssp_socio3_ag5_gwmed_exp_ipsl_NDC_Tax_ffict,2100,Middle East,water_td_irr_TigrEuphR_W,2.38322,10.54108,10.52211,0.344217,43.944824,5.2081800000000005,0.3802239999999999,24.5413,3.0295300000000003,5.5953,5.19029,2,2,3,1,1,5,3,1,2,6,5,4
ssp_socio3_ag5_gwmed_exp_miroc_NDC_Tax_ffict,2100,Middle East,water_td_irr_TigrEuphR_W,2.16515,9.86891,10.13727,0.322282,40.814938,4.9016,0.327568,23.00003,2.7714,5.06106,4.75328,2,2,4,1,1,5,3,1,2,6,0,4
ssp_socio3_ag5_gwmed_exp_noresm_NDC_Tax_ffict,2100,Middle East,water_td_irr_TigrEuphR_W,2.126934,11.32951,12.08646,0.371377,43.761549,6.02349,0.308759,24.1212,3.05452,5.156829999999999,5.09675,2,2,5,1,1,5,3,1,2,6,5,4
ssp_socio3_ag5_gwmed_rs_hadgem_NDC_Tax_ffict,2100,Middle East,water_td_irr_TigrEuphR_W,2.128103,9.91723,10.17433,0.325364,40.509274999999995,4.91685,0.316075,22.92185,2.76436,4.927919999999999,4.66222,2,1,2,1,1,5,3,1,2,6,0,4
