scenario,year,region,input,FiberCrop_withdrawal,Rice_withdrawal,Wheat_withdrawal,SugarCrop_withdrawal,MiscAll_withdrawals,Corn_withdrawal,FodderHerb_withdrawal,MiscCrop_withdrawal,OilCrop_withdrawal,OtherGrain_withdrawal,Root_Tuber_withdrawal,gw,res,esm,tax,ssp,ag,soc,cluster_FiberCrop_withdrawal_Rice_withdrawal
ssp_ag3_soc3_gwhi_exp_gfdl_NDC_Tax_ffict,2100,USA,water_td_irr_MissppRS_W,4.72071,14.01457,0.0624366,0.0076352,7.13714345,1.356265,0.02544659,0.1032951,5.52131,0.0994451,0.03138166,3,2,1,1,2,3,3,1
ssp_ag3_soc3_gwhi_exp_gfdl_NDC_Tax_uct,2100,USA,water_td_irr_MissppRS_W,4.332026,14.27281,0.0591813,0.00845523,6.531818530000001,1.172667,0.02474985,0.1043266,5.0965,0.0940276,0.03954748,3,2,1,2,2,3,3,1
ssp_ag3_soc3_gwhi_exp_hadgem_NDC_Tax_ffict,2100,USA,water_td_irr_MissppRS_W,4.73001,13.979590000000002,0.0621549,0.00763709,7.152082139999998,1.351788,0.02546804,0.1029349,5.541169999999998,0.0995267,0.0311945,3,2,2,1,2,3,3,1
ssp_ag3_soc3_gwhi_exp_hadgem_NDC_Tax_uct,2100,USA,water_td_irr_MissppRS_W,4.3475660000000005,14.24247,0.0588818,0.00844783,6.54506504,1.170423,0.024831,0.1041819,5.11204,0.0940306,0.03955854,3,2,2,2,2,3,3,1
ssp_ag3_soc3_gwhi_exp_ipsl_NDC_Tax_ffict,2100,USA,water_td_irr_MissppRS_W,4.71893,14.06574,0.0624371,0.00767882,7.201925899999998,1.362455,0.0256785,0.1032444,5.579129999999998,0.0999686,0.0314494,3,2,3,1,2,3,3,1
ssp_ag3_soc3_gwhi_exp_ipsl_NDC_Tax_uct,2100,USA,water_td_irr_MissppRS_W,4.314627,14.285379999999998,0.0589432,0.00847781,6.56234025,1.175585,0.02493803,0.1041526,5.12374,0.0942684999999999,0.03965612,3,2,3,2,2,3,3,1
ssp_ag3_soc3_gwhi_exp_miroc_NDC_Tax_ffict,2100,USA,water_td_irr_MissppRS_W,4.78735,14.15983,0.0631863,0.00773495,7.2288614299999985,1.365274,0.02567153,0.1047191999999999,5.600759999999998,0.1007338999999999,0.0317028,3,2,4,1,2,3,3,1
ssp_ag3_soc3_gwhi_exp_miroc_NDC_Tax_uct,2100,USA,water_td_irr_MissppRS_W,4.354607,14.33029,0.0593791999999999,0.00849859,6.5552033000000005,1.176029,0.02479726,0.1050183,5.1153900000000005,0.0942378,0.03973094,3,2,4,2,2,3,3,1
ssp_ag3_soc3_gwhi_exp_noresm_NDC_Tax_ffict,2100,USA,water_td_irr_MissppRS_W,4.76871,14.14649,0.0627971,0.00772166,7.245480929999999,1.3692099999999998,0.02590813,0.1047688,5.61285,0.1009993999999999,0.0317446,3,2,5,1,2,3,3,1
ssp_ag3_soc3_gwhi_exp_noresm_NDC_Tax_uct,2100,USA,water_td_irr_MissppRS_W,4.334926,14.26711,0.0587528,0.00845685,6.5682463,1.172068,0.02493443,0.1049703999999999,5.13223,0.0943166,0.03972687,3,2,5,2,2,3,3,1
ssp_ag3_soc3_gwhi_rs_gfdl_NDC_Tax_ffict,2100,USA,water_td_irr_MissppRS_W,4.74545,14.073379999999998,0.0625901,0.00768005,7.145940980000001,1.351633,0.0252982,0.103834,5.53458,0.0992467,0.03134908,3,1,1,1,2,3,3,1
ssp_ag3_soc3_gwhi_rs_gfdl_NDC_Tax_uct,2100,USA,water_td_irr_MissppRS_W,4.3494150000000005,14.31974,0.0592841,0.00849221,6.538953589999998,1.1700780000000002,0.02463682,0.1050851,5.105779999999998,0.0937906,0.03958307,3,1,1,2,2,3,3,1
ssp_ag3_soc3_gwhi_rs_hadgem_NDC_Tax_ffict,2100,USA,water_td_irr_MissppRS_W,4.74142,14.02528,0.0622031,0.00767222,7.14187399,1.3480219999999998,0.02535151,0.1035527,5.53463,0.0991233,0.03119448,3,1,2,1,2,3,3,1
ssp_ag3_soc3_gwhi_rs_hadgem_NDC_Tax_uct,2100,USA,water_td_irr_MissppRS_W,4.360657,14.27939,0.0589196,0.00847152,6.5439412699999995,1.16908,0.02474117,0.1048833,5.1119200000000005,0.0937556,0.0395612,3,1,2,2,2,3,3,1
ssp_ag3_soc3_gwhi_rs_ipsl_NDC_Tax_ffict,2100,USA,water_td_irr_MissppRS_W,4.74483,14.1317,0.0625285999999999,0.00772451,7.200776739999999,1.357916,0.02550574,0.1041077,5.58221,0.0995755,0.0314618,3,1,3,1,2,3,3,1
ssp_ag3_soc3_gwhi_rs_ipsl_NDC_Tax_uct,2100,USA,water_td_irr_MissppRS_W,4.337083,14.32695,0.0590275,0.00850632,6.56078695,1.1722199999999998,0.02478513,0.1051323999999999,5.12509,0.0938809,0.03967852,3,1,3,2,2,3,3,1
ssp_ag3_soc3_gwhi_rs_miroc_NDC_Tax_ffict,2100,USA,water_td_irr_MissppRS_W,4.81551,14.18526,0.063309,0.00777106,7.216742710000002,1.362082,0.02551201,0.1053823,5.591760000000002,0.1003049999999999,0.0317014,3,1,4,1,2,3,3,1
ssp_ag3_soc3_gwhi_rs_miroc_NDC_Tax_uct,2100,USA,water_td_irr_MissppRS_W,4.378539,14.35136,0.0594418,0.00852131,6.56379946,1.1679389999999998,0.02464614,0.1057494999999999,5.1319,0.0938263999999999,0.03973842,3,1,4,2,2,3,3,1
ssp_ag3_soc3_gwhi_rs_noresm_NDC_Tax_ffict,2100,USA,water_td_irr_MissppRS_W,4.78235,14.15915,0.0629289,0.00775131,7.23106043,1.368052,0.02577163,0.1053265,5.5993900000000005,0.1007671,0.0317531999999999,3,1,5,1,2,3,3,1
ssp_ag3_soc3_gwhi_rs_noresm_NDC_Tax_uct,2100,USA,water_td_irr_MissppRS_W,4.345362000000001,14.28672,0.0588271999999999,0.00847654,6.55938644,1.174955,0.02486119,0.1055412,5.12014,0.0941174,0.03977165,3,1,5,2,2,3,3,1
ssp_ag3_soc3_gwlo_exp_gfdl_NDC_Tax_ffict,2100,USA,water_td_irr_MissppRS_W,4.77918,14.02915,0.0620233,0.00762974,7.1011882,1.3624379999999998,0.02538932,0.1039841999999999,5.4789,0.0990525,0.03142418,1,2,1,1,2,3,3,1
ssp_ag3_soc3_gwlo_exp_gfdl_NDC_Tax_uct,2100,USA,water_td_irr_MissppRS_W,4.397652,14.3002,0.058937,0.00845508,6.531435990000001,1.168755,0.02462016,0.1054787,5.0993,0.0937659,0.03951623,1,2,1,2,2,3,3,1
ssp_ag3_soc3_gwlo_exp_hadgem_NDC_Tax_ffict,2100,USA,water_td_irr_MissppRS_W,4.77344,13.990470000000002,0.0619346,0.00763497,7.14425052,1.350376,0.02537707,0.103489,5.53463,0.0992002,0.03117825,1,2,2,1,2,3,3,1
ssp_ag3_soc3_gwlo_exp_hadgem_NDC_Tax_uct,2100,USA,water_td_irr_MissppRS_W,4.3861930000000005,14.26544,0.0587859,0.00844377,6.536012609999999,1.170015,0.02471059,0.1054317,5.10251,0.093817,0.03952832,1,2,2,2,2,3,3,1
ssp_ag3_soc3_gwlo_exp_ipsl_NDC_Tax_ffict,2100,USA,water_td_irr_MissppRS_W,4.77959,14.0731,0.0621108,0.00767109,7.186474150000002,1.361318,0.02557775,0.103744,5.564780000000002,0.099635,0.0314194,1,2,3,1,2,3,3,1
ssp_ag3_soc3_gwlo_exp_ipsl_NDC_Tax_uct,2100,USA,water_td_irr_MissppRS_W,4.368255,14.29278,0.0586942,0.00846598,6.5543381,1.173,0.02485535,0.1045789,5.11834,0.0939681,0.03959575,1,2,3,2,2,3,3,1
ssp_ag3_soc3_gwlo_exp_miroc_NDC_Tax_ffict,2100,USA,water_td_irr_MissppRS_W,4.87026,14.1849,0.0628817,0.00773099,7.21135936,1.361996,0.02549656,0.1058349,5.586080000000001,0.1002823,0.0316696,1,2,4,1,2,3,3,1
ssp_ag3_soc3_gwlo_exp_miroc_NDC_Tax_uct,2100,USA,water_td_irr_MissppRS_W,4.434519,14.36343,0.0592119,0.00848783,6.54401422,1.171003,0.02456507,0.1068971,5.10808,0.0937908,0.03967825,1,2,4,2,2,3,3,1
ssp_ag3_soc3_gwlo_exp_noresm_NDC_Tax_ffict,2100,USA,water_td_irr_MissppRS_W,4.85785,14.1627,0.0623858,0.00771519,7.225060170000001,1.3657709999999998,0.02575737,0.1054542,5.5959,0.1004911,0.0316865,1,2,5,1,2,3,3,1
ssp_ag3_soc3_gwlo_exp_noresm_NDC_Tax_uct,2100,USA,water_td_irr_MissppRS_W,4.415015,14.27972,0.0583281999999999,0.00844679,6.5578189700000005,1.171049,0.02486064,0.1054087,5.12288,0.0939643999999999,0.03965623,1,2,5,2,2,3,3,1
ssp_ag3_soc3_gwlo_rs_gfdl_NDC_Tax_ffict,2100,USA,water_td_irr_MissppRS_W,4.89655,14.1282,0.0621306,0.00767123,7.11252035,1.344947,0.02492861,0.1062653,5.506530000000001,0.0985054,0.03134404,1,1,1,1,2,3,3,1
ssp_ag3_soc3_gwlo_rs_gfdl_NDC_Tax_uct,2100,USA,water_td_irr_MissppRS_W,4.497336,14.37413,0.0589848,0.00847221,6.5186014000000005,1.1634449999999998,0.02427047,0.107726,5.09048,0.0931692,0.03951073,1,1,1,2,2,3,3,1
ssp_ag3_soc3_gwlo_rs_hadgem_NDC_Tax_ffict,2100,USA,water_td_irr_MissppRS_W,4.86476,14.07281,0.0618839,0.00766949,7.11430435,1.345918,0.02507255,0.1055482,5.5080100000000005,0.0985779,0.0311777,1,1,2,1,2,3,3,1
ssp_ag3_soc3_gwlo_rs_hadgem_NDC_Tax_uct,2100,USA,water_td_irr_MissppRS_W,4.473305,14.34009,0.05885,0.00845866,6.5185533,1.168381,0.02440803,0.1075778,5.08544,0.0932417,0.03950477,1,1,2,2,2,3,3,1
ssp_ag3_soc3_gwlo_rs_ipsl_NDC_Tax_ffict,2100,USA,water_td_irr_MissppRS_W,4.93956,14.1613,0.0620004,0.00770456,7.15566102,1.354598,0.02518072,0.1057565,5.53977,0.0989171,0.0314387,1,1,3,1,2,3,3,1
ssp_ag3_soc3_gwlo_rs_ipsl_NDC_Tax_uct,2100,USA,water_td_irr_MissppRS_W,4.514880000000001,14.38121,0.0588563999999999,0.0084866,6.539470780000001,1.170245,0.02446217,0.107614,5.104100000000002,0.0934332,0.03961641,1,1,3,2,2,3,3,1
ssp_ag3_soc3_gwlo_rs_miroc_NDC_Tax_ffict,2100,USA,water_td_irr_MissppRS_W,4.99213,14.252720000000002,0.0629036999999999,0.00776542,7.17691806,1.355017,0.02506136,0.1082401,5.55744,0.0994597,0.0316999,1,1,4,1,2,3,3,1
ssp_ag3_soc3_gwlo_rs_miroc_NDC_Tax_uct,2100,USA,water_td_irr_MissppRS_W,4.555029,14.424780000000002,0.0592073,0.00850391,6.526103980000002,1.167827,0.0242185999999999,0.1088671,5.092370000000002,0.093139,0.03968228,1,1,4,2,2,3,3,1
ssp_ag3_soc3_gwlo_rs_noresm_NDC_Tax_ffict,2100,USA,water_td_irr_MissppRS_W,4.97339,14.18535,0.0622052,0.00773237,7.18929497,1.361617,0.02546597,0.1066492999999999,5.56396,0.0999172,0.0316855,1,1,5,1,2,3,3,1
ssp_ag3_soc3_gwlo_rs_noresm_NDC_Tax_uct,2100,USA,water_td_irr_MissppRS_W,4.524336,14.34104,0.0583962,0.00845415,6.53463559,1.169771,0.0245154,0.1079854,5.09922,0.0934718,0.03967199,1,1,5,2,2,3,3,1
ssp_ag3_soc3_gwmed_exp_gfdl_NDC_Tax_ffict,2100,USA,water_td_irr_MissppRS_W,4.729419999999998,14.01555,0.0624380999999999,0.0076367999999999,7.14847461,1.352746,0.0254245,0.1032558,5.53622,0.0994743,0.03135401,2,2,1,1,2,3,3,1
ssp_ag3_soc3_gwmed_exp_gfdl_NDC_Tax_uct,2100,USA,water_td_irr_MissppRS_W,4.347662000000001,14.28051,0.059125,0.00845985,6.539571390000001,1.170557,0.02473256,0.1044525,5.10629,0.0939917,0.03954763,2,2,1,2,2,3,3,1
ssp_ag3_soc3_gwmed_exp_hadgem_NDC_Tax_ffict,2100,USA,water_td_irr_MissppRS_W,4.7328,13.98796,0.0621778,0.00764124,7.14581872,1.3544269999999998,0.02544532,0.1031468,5.53214,0.0994443,0.0312153,2,2,2,1,2,3,3,1
ssp_ag3_soc3_gwmed_exp_hadgem_NDC_Tax_uct,2100,USA,water_td_irr_MissppRS_W,4.348312,14.2432,0.0589106999999999,0.00844663,6.5461192299999995,1.170304,0.02481858,0.1042903,5.113169999999999,0.0939855,0.03955085,2,2,2,2,2,3,3,1
ssp_ag3_soc3_gwmed_exp_ipsl_NDC_Tax_ffict,2100,USA,water_td_irr_MissppRS_W,4.74965,14.06954,0.0622601999999999,0.00767502,7.197271260000001,1.36153,0.02563656,0.1034561,5.5753900000000005,0.0998321,0.0314264999999999,2,2,3,1,2,3,3,1
ssp_ag3_soc3_gwmed_exp_ipsl_NDC_Tax_uct,2100,USA,water_td_irr_MissppRS_W,4.354005,14.2893,0.0587361999999999,0.00846954,6.556363879999999,1.175209,0.0248965,0.1044431,5.118119999999999,0.0940841,0.03961118,2,2,3,2,2,3,3,1
ssp_ag3_soc3_gwmed_exp_miroc_NDC_Tax_ffict,2100,USA,water_td_irr_MissppRS_W,4.7941,14.166049999999998,0.0632235999999999,0.0077366999999999,7.2281317099999995,1.365206,0.02564371,0.1049127999999999,5.59999,0.1006791,0.0317000999999999,2,2,4,1,2,3,3,1
ssp_ag3_soc3_gwmed_exp_miroc_NDC_Tax_uct,2100,USA,water_td_irr_MissppRS_W,4.402767,14.33383,0.0591418,0.0084873999999999,6.55188955,1.172715,0.0247292,0.1055242,5.11526,0.0939911,0.03967005,2,2,4,2,2,3,3,1
ssp_ag3_soc3_gwmed_exp_noresm_NDC_Tax_ffict,2100,USA,water_td_irr_MissppRS_W,4.78655,14.15081,0.0627201,0.00772125,7.24118135,1.368812,0.02587205,0.1048555,5.609,0.1009229,0.0317189,2,2,5,1,2,3,3,1
ssp_ag3_soc3_gwmed_exp_noresm_NDC_Tax_uct,2100,USA,water_td_irr_MissppRS_W,4.389025,14.27789,0.0584612,0.0084491499999999,6.55750704,1.174294,0.02490369,0.1053275,5.11914,0.0941565,0.03968535,2,2,5,2,2,3,3,1
ssp_ag3_soc3_gwmed_rs_gfdl_NDC_Tax_ffict,2100,USA,water_td_irr_MissppRS_W,4.7508300000000006,14.085450000000002,0.0625947,0.00768208,7.142358710000001,1.351735,0.02524767,0.1042047,5.530620000000001,0.0991817,0.03136964,2,1,1,1,2,3,3,1
ssp_ag3_soc3_gwmed_rs_gfdl_NDC_Tax_uct,2100,USA,water_td_irr_MissppRS_W,4.370522,14.32964,0.0592182,0.00849,6.536700929999999,1.16943,0.02457903,0.1055591,5.10386,0.0937002,0.0395726,2,1,1,2,2,3,3,1
ssp_ag3_soc3_gwmed_rs_hadgem_NDC_Tax_ffict,2100,USA,water_td_irr_MissppRS_W,4.74736,14.03024,0.0622374,0.00767531,7.13982052,1.349316,0.02532826,0.1036339,5.531219999999999,0.099137,0.03118536,2,1,2,1,2,3,3,1
ssp_ag3_soc3_gwmed_rs_hadgem_NDC_Tax_uct,2100,USA,water_td_irr_MissppRS_W,4.3640170000000005,14.29341,0.0590065,0.00847541,6.53984425,1.171073,0.02469897,0.1053813999999999,5.1054,0.0937182,0.03957268,2,1,2,2,2,3,3,1
ssp_ag3_soc3_gwmed_rs_ipsl_NDC_Tax_ffict,2100,USA,water_td_irr_MissppRS_W,4.78207,14.14985,0.0624246999999999,0.00772522,7.19009403,1.360163,0.02541643,0.1045737,5.56909,0.0993903,0.0314606,2,1,3,1,2,3,3,1
ssp_ag3_soc3_gwmed_rs_ipsl_NDC_Tax_uct,2100,USA,water_td_irr_MissppRS_W,4.433866,14.35939,0.0587524,0.00849789,6.54651036,1.1716719999999998,0.02462156,0.1059321,5.11125,0.0934045,0.0396302,2,1,3,2,2,3,3,1
ssp_ag3_soc3_gwmed_rs_miroc_NDC_Tax_ffict,2100,USA,water_td_irr_MissppRS_W,4.8282,14.20338,0.0633749,0.0077764999999999,7.214055189999998,1.362161,0.02543119,0.1058475,5.5886999999999984,0.1002021999999999,0.0317133,2,1,4,1,2,3,3,1
ssp_ag3_soc3_gwmed_rs_miroc_NDC_Tax_uct,2100,USA,water_td_irr_MissppRS_W,4.459779,14.4003,0.0594791999999999,0.00851686,6.5483043599999995,1.166693,0.02434189,0.1080598999999999,5.11611,0.0933736999999999,0.03972587,2,1,4,2,2,3,3,1
ssp_ag3_soc3_gwmed_rs_noresm_NDC_Tax_ffict,2100,USA,water_td_irr_MissppRS_W,4.80134,14.17057,0.0628953999999999,0.0077535,7.22354324,1.36802,0.02572314,0.1056806,5.59173,0.1006392,0.0317502999999999,2,1,5,1,2,3,3,1
ssp_ag3_soc3_gwmed_rs_noresm_NDC_Tax_uct,2100,USA,water_td_irr_MissppRS_W,4.418997,14.2971,0.0584271999999999,0.00846708,6.55114255,1.172716,0.02478515,0.1059401,5.11417,0.0938262,0.0397051,2,1,5,2,2,3,3,1
ssp_socio3_ag3_gwhi_exp_gfdl_NDC_Tax_ffict,2100,USA,water_td_irr_MissppRS_W,4.72071,14.01457,0.0624366,0.0076352,7.13714345,1.356265,0.02544659,0.1032951,5.52131,0.0994451,0.03138166,3,2,1,1,1,3,3,1
ssp_socio3_ag3_gwhi_exp_gfdl_NDC_Tax_uct,2100,USA,water_td_irr_MissppRS_W,4.332026,14.27281,0.0591813,0.00845523,6.531818530000001,1.172667,0.02474985,0.1043266,5.0965,0.0940276,0.03954748,3,2,1,2,1,3,3,1
ssp_socio3_ag3_gwhi_exp_hadgem_NDC_Tax_ffict,2100,USA,water_td_irr_MissppRS_W,4.73001,13.979590000000002,0.0621549,0.00763709,7.152082139999998,1.351788,0.02546804,0.1029349,5.541169999999998,0.0995267,0.0311945,3,2,2,1,1,3,3,1
ssp_socio3_ag3_gwhi_exp_hadgem_NDC_Tax_uct,2100,USA,water_td_irr_MissppRS_W,4.3475660000000005,14.24247,0.0588818,0.00844783,6.54506504,1.170423,0.024831,0.1041819,5.11204,0.0940306,0.03955854,3,2,2,2,1,3,3,1
ssp_socio3_ag3_gwhi_exp_ipsl_NDC_Tax_ffict,2100,USA,water_td_irr_MissppRS_W,4.71893,14.06574,0.0624371,0.00767882,7.201925899999998,1.362455,0.0256785,0.1032444,5.579129999999998,0.0999686,0.0314494,3,2,3,1,1,3,3,1
ssp_socio3_ag3_gwhi_exp_ipsl_NDC_Tax_uct,2100,USA,water_td_irr_MissppRS_W,4.314627,14.285379999999998,0.0589432,0.00847781,6.56234025,1.175585,0.02493803,0.1041526,5.12374,0.0942684999999999,0.03965612,3,2,3,2,1,3,3,1
ssp_socio3_ag3_gwhi_exp_miroc_NDC_Tax_ffict,2100,USA,water_td_irr_MissppRS_W,4.78735,14.15983,0.0631863,0.00773495,7.2288614299999985,1.365274,0.02567153,0.1047191999999999,5.600759999999998,0.1007338999999999,0.0317028,3,2,4,1,1,3,3,1
ssp_socio3_ag3_gwhi_exp_miroc_NDC_Tax_uct,2100,USA,water_td_irr_MissppRS_W,4.354607,14.33029,0.0593791999999999,0.00849859,6.5552033000000005,1.176029,0.02479726,0.1050183,5.1153900000000005,0.0942378,0.03973094,3,2,4,2,1,3,3,1
ssp_socio3_ag3_gwhi_exp_noresm_NDC_Tax_ffict,2100,USA,water_td_irr_MissppRS_W,4.76871,14.14649,0.0627971,0.00772166,7.245480929999999,1.3692099999999998,0.02590813,0.1047688,5.61285,0.1009993999999999,0.0317446,3,2,5,1,1,3,3,1
ssp_socio3_ag3_gwhi_exp_noresm_NDC_Tax_uct,2100,USA,water_td_irr_MissppRS_W,4.334926,14.26711,0.0587528,0.00845685,6.5682463,1.172068,0.02493443,0.1049703999999999,5.13223,0.0943166,0.03972687,3,2,5,2,1,3,3,1
ssp_socio3_ag3_gwhi_rs_gfdl_NDC_Tax_ffict,2100,USA,water_td_irr_MissppRS_W,4.74545,14.073379999999998,0.0625901,0.00768005,7.145940980000001,1.351633,0.0252982,0.103834,5.53458,0.0992467,0.03134908,3,1,1,1,1,3,3,1
ssp_socio3_ag3_gwhi_rs_gfdl_NDC_Tax_uct,2100,USA,water_td_irr_MissppRS_W,4.3494150000000005,14.31974,0.0592841,0.00849221,6.538953589999998,1.1700780000000002,0.02463682,0.1050851,5.105779999999998,0.0937906,0.03958307,3,1,1,2,1,3,3,1
ssp_socio3_ag3_gwhi_rs_hadgem_NDC_Tax_ffict,2100,USA,water_td_irr_MissppRS_W,4.74142,14.02528,0.0622031,0.00767222,7.14187399,1.3480219999999998,0.02535151,0.1035527,5.53463,0.0991233,0.03119448,3,1,2,1,1,3,3,1
ssp_socio3_ag3_gwhi_rs_hadgem_NDC_Tax_uct,2100,USA,water_td_irr_MissppRS_W,4.360657,14.27939,0.0589196,0.00847152,6.5439412699999995,1.16908,0.02474117,0.1048833,5.1119200000000005,0.0937556,0.0395612,3,1,2,2,1,3,3,1
ssp_socio3_ag3_gwhi_rs_ipsl_NDC_Tax_ffict,2100,USA,water_td_irr_MissppRS_W,4.74483,14.1317,0.0625285999999999,0.00772451,7.200776739999999,1.357916,0.02550574,0.1041077,5.58221,0.0995755,0.0314618,3,1,3,1,1,3,3,1
ssp_socio3_ag3_gwhi_rs_ipsl_NDC_Tax_uct,2100,USA,water_td_irr_MissppRS_W,4.337083,14.32695,0.0590275,0.00850632,6.56078695,1.1722199999999998,0.02478513,0.1051323999999999,5.12509,0.0938809,0.03967852,3,1,3,2,1,3,3,1
ssp_socio3_ag3_gwhi_rs_miroc_NDC_Tax_ffict,2100,USA,water_td_irr_MissppRS_W,4.81551,14.18526,0.063309,0.00777106,7.216742710000002,1.362082,0.02551201,0.1053823,5.591760000000002,0.1003049999999999,0.0317014,3,1,4,1,1,3,3,1
ssp_socio3_ag3_gwhi_rs_miroc_NDC_Tax_uct,2100,USA,water_td_irr_MissppRS_W,4.378539,14.35136,0.0594418,0.00852131,6.56379946,1.1679389999999998,0.02464614,0.1057494999999999,5.1319,0.0938263999999999,0.03973842,3,1,4,2,1,3,3,1
ssp_socio3_ag3_gwhi_rs_noresm_NDC_Tax_ffict,2100,USA,water_td_irr_MissppRS_W,4.78235,14.15915,0.0629289,0.00775131,7.23106043,1.368052,0.02577163,0.1053265,5.5993900000000005,0.1007671,0.0317531999999999,3,1,5,1,1,3,3,1
ssp_socio3_ag3_gwhi_rs_noresm_NDC_Tax_uct,2100,USA,water_td_irr_MissppRS_W,4.345362000000001,14.28672,0.0588271999999999,0.00847654,6.55938644,1.174955,0.02486119,0.1055412,5.12014,0.0941174,0.03977165,3,1,5,2,1,3,3,1
ssp_socio3_ag3_gwlo_exp_gfdl_NDC_Tax_ffict,2100,USA,water_td_irr_MissppRS_W,4.77918,14.02915,0.0620233,0.00762974,7.1011882,1.3624379999999998,0.02538932,0.1039841999999999,5.4789,0.0990525,0.03142418,1,2,1,1,1,3,3,1
ssp_socio3_ag3_gwlo_exp_gfdl_NDC_Tax_uct,2100,USA,water_td_irr_MissppRS_W,4.397652,14.3002,0.058937,0.00845508,6.531435990000001,1.168755,0.02462016,0.1054787,5.0993,0.0937659,0.03951623,1,2,1,2,1,3,3,1
ssp_socio3_ag3_gwlo_exp_hadgem_NDC_Tax_ffict,2100,USA,water_td_irr_MissppRS_W,4.77344,13.990470000000002,0.0619346,0.00763497,7.14425052,1.350376,0.02537707,0.103489,5.53463,0.0992002,0.03117825,1,2,2,1,1,3,3,1
ssp_socio3_ag3_gwlo_exp_hadgem_NDC_Tax_uct,2100,USA,water_td_irr_MissppRS_W,4.3861930000000005,14.26544,0.0587859,0.00844377,6.536012609999999,1.170015,0.02471059,0.1054317,5.10251,0.093817,0.03952832,1,2,2,2,1,3,3,1
ssp_socio3_ag3_gwlo_exp_ipsl_NDC_Tax_ffict,2100,USA,water_td_irr_MissppRS_W,4.77959,14.0731,0.0621108,0.00767109,7.186474150000002,1.361318,0.02557775,0.103744,5.564780000000002,0.099635,0.0314194,1,2,3,1,1,3,3,1
ssp_socio3_ag3_gwlo_exp_ipsl_NDC_Tax_uct,2100,USA,water_td_irr_MissppRS_W,4.368255,14.29278,0.0586942,0.00846598,6.5543381,1.173,0.02485535,0.1045789,5.11834,0.0939681,0.03959575,1,2,3,2,1,3,3,1
ssp_socio3_ag3_gwlo_exp_miroc_NDC_Tax_ffict,2100,USA,water_td_irr_MissppRS_W,4.87026,14.1849,0.0628817,0.00773099,7.21135936,1.361996,0.02549656,0.1058349,5.586080000000001,0.1002823,0.0316696,1,2,4,1,1,3,3,1
ssp_socio3_ag3_gwlo_exp_miroc_NDC_Tax_uct,2100,USA,water_td_irr_MissppRS_W,4.434519,14.36343,0.0592119,0.00848783,6.54401422,1.171003,0.02456507,0.1068971,5.10808,0.0937908,0.03967825,1,2,4,2,1,3,3,1
ssp_socio3_ag3_gwlo_exp_noresm_NDC_Tax_ffict,2100,USA,water_td_irr_MissppRS_W,4.85785,14.1627,0.0623858,0.00771519,7.225060170000001,1.3657709999999998,0.02575737,0.1054542,5.5959,0.1004911,0.0316865,1,2,5,1,1,3,3,1
ssp_socio3_ag3_gwlo_exp_noresm_NDC_Tax_uct,2100,USA,water_td_irr_MissppRS_W,4.415015,14.27972,0.0583281999999999,0.00844679,6.5578189700000005,1.171049,0.02486064,0.1054087,5.12288,0.0939643999999999,0.03965623,1,2,5,2,1,3,3,1
ssp_socio3_ag3_gwlo_rs_gfdl_NDC_Tax_ffict,2100,USA,water_td_irr_MissppRS_W,4.89655,14.1282,0.0621306,0.00767123,7.11252035,1.344947,0.02492861,0.1062653,5.506530000000001,0.0985054,0.03134404,1,1,1,1,1,3,3,1
ssp_socio3_ag3_gwlo_rs_gfdl_NDC_Tax_uct,2100,USA,water_td_irr_MissppRS_W,4.497336,14.37413,0.0589848,0.00847221,6.5186014000000005,1.1634449999999998,0.02427047,0.107726,5.09048,0.0931692,0.03951073,1,1,1,2,1,3,3,1
ssp_socio3_ag3_gwlo_rs_hadgem_NDC_Tax_ffict,2100,USA,water_td_irr_MissppRS_W,4.86476,14.07281,0.0618839,0.00766949,7.11430435,1.345918,0.02507255,0.1055482,5.5080100000000005,0.0985779,0.0311777,1,1,2,1,1,3,3,1
ssp_socio3_ag3_gwlo_rs_hadgem_NDC_Tax_uct,2100,USA,water_td_irr_MissppRS_W,4.473305,14.34009,0.05885,0.00845866,6.5185533,1.168381,0.02440803,0.1075778,5.08544,0.0932417,0.03950477,1,1,2,2,1,3,3,1
ssp_socio3_ag3_gwlo_rs_ipsl_NDC_Tax_ffict,2100,USA,water_td_irr_MissppRS_W,4.93956,14.1613,0.0620004,0.00770456,7.15566102,1.354598,0.02518072,0.1057565,5.53977,0.0989171,0.0314387,1,1,3,1,1,3,3,1
ssp_socio3_ag3_gwlo_rs_ipsl_NDC_Tax_uct,2100,USA,water_td_irr_MissppRS_W,4.514880000000001,14.38121,0.0588563999999999,0.0084866,6.539470780000001,1.170245,0.02446217,0.107614,5.104100000000002,0.0934332,0.03961641,1,1,3,2,1,3,3,1
ssp_socio3_ag3_gwlo_rs_miroc_NDC_Tax_ffict,2100,USA,water_td_irr_MissppRS_W,4.99213,14.252720000000002,0.0629036999999999,0.00776542,7.17691806,1.355017,0.02506136,0.1082401,5.55744,0.0994597,0.0316999,1,1,4,1,1,3,3,1
ssp_socio3_ag3_gwlo_rs_miroc_NDC_Tax_uct,2100,USA,water_td_irr_MissppRS_W,4.555029,14.424780000000002,0.0592073,0.00850391,6.526103980000002,1.167827,0.0242185999999999,0.1088671,5.092370000000002,0.093139,0.03968228,1,1,4,2,1,3,3,1
ssp_socio3_ag3_gwlo_rs_noresm_NDC_Tax_ffict,2100,USA,water_td_irr_MissppRS_W,4.97339,14.18535,0.0622052,0.00773237,7.18929497,1.361617,0.02546597,0.1066492999999999,5.56396,0.0999172,0.0316855,1,1,5,1,1,3,3,1
ssp_socio3_ag3_gwlo_rs_noresm_NDC_Tax_uct,2100,USA,water_td_irr_MissppRS_W,4.524336,14.34104,0.0583962,0.00845415,6.53463559,1.169771,0.0245154,0.1079854,5.09922,0.0934718,0.03967199,1,1,5,2,1,3,3,1
ssp_socio3_ag3_gwmed_exp_gfdl_NDC_Tax_ffict,2100,USA,water_td_irr_MissppRS_W,4.729419999999998,14.01555,0.0624380999999999,0.0076367999999999,7.14847461,1.352746,0.0254245,0.1032558,5.53622,0.0994743,0.03135401,2,2,1,1,1,3,3,1
ssp_socio3_ag3_gwmed_exp_gfdl_NDC_Tax_uct,2100,USA,water_td_irr_MissppRS_W,4.347662000000001,14.28051,0.059125,0.00845985,6.539571390000001,1.170557,0.02473256,0.1044525,5.10629,0.0939917,0.03954763,2,2,1,2,1,3,3,1
ssp_socio3_ag3_gwmed_exp_hadgem_NDC_Tax_ffict,2100,USA,water_td_irr_MissppRS_W,4.7328,13.98796,0.0621778,0.00764124,7.14581872,1.3544269999999998,0.02544532,0.1031468,5.53214,0.0994443,0.0312153,2,2,2,1,1,3,3,1
ssp_socio3_ag3_gwmed_exp_hadgem_NDC_Tax_uct,2100,USA,water_td_irr_MissppRS_W,4.348312,14.2432,0.0589106999999999,0.00844663,6.5461192299999995,1.170304,0.02481858,0.1042903,5.113169999999999,0.0939855,0.03955085,2,2,2,2,1,3,3,1
ssp_socio3_ag3_gwmed_exp_ipsl_NDC_Tax_ffict,2100,USA,water_td_irr_MissppRS_W,4.74965,14.06954,0.0622601999999999,0.00767502,7.197271260000001,1.36153,0.02563656,0.1034561,5.5753900000000005,0.0998321,0.0314264999999999,2,2,3,1,1,3,3,1
ssp_socio3_ag3_gwmed_exp_ipsl_NDC_Tax_uct,2100,USA,water_td_irr_MissppRS_W,4.354005,14.2893,0.0587361999999999,0.00846954,6.556363879999999,1.175209,0.0248965,0.1044431,5.118119999999999,0.0940841,0.03961118,2,2,3,2,1,3,3,1
ssp_socio3_ag3_gwmed_exp_miroc_NDC_Tax_ffict,2100,USA,water_td_irr_MissppRS_W,4.7941,14.166049999999998,0.0632235999999999,0.0077366999999999,7.2281317099999995,1.365206,0.02564371,0.1049127999999999,5.59999,0.1006791,0.0317000999999999,2,2,4,1,1,3,3,1
ssp_socio3_ag3_gwmed_exp_miroc_NDC_Tax_uct,2100,USA,water_td_irr_MissppRS_W,4.402767,14.33383,0.0591418,0.0084873999999999,6.55188955,1.172715,0.0247292,0.1055242,5.11526,0.0939911,0.03967005,2,2,4,2,1,3,3,1
ssp_socio3_ag3_gwmed_exp_noresm_NDC_Tax_ffict,2100,USA,water_td_irr_MissppRS_W,4.78655,14.15081,0.0627201,0.00772125,7.24118135,1.368812,0.02587205,0.1048555,5.609,0.1009229,0.0317189,2,2,5,1,1,3,3,1
ssp_socio3_ag3_gwmed_exp_noresm_NDC_Tax_uct,2100,USA,water_td_irr_MissppRS_W,4.389025,14.27789,0.0584612,0.0084491499999999,6.55750704,1.174294,0.02490369,0.1053275,5.11914,0.0941565,0.03968535,2,2,5,2,1,3,3,1
ssp_socio3_ag3_gwmed_rs_gfdl_NDC_Tax_ffict,2100,USA,water_td_irr_MissppRS_W,4.7508300000000006,14.085450000000002,0.0625947,0.00768208,7.142358710000001,1.351735,0.02524767,0.1042047,5.530620000000001,0.0991817,0.03136964,2,1,1,1,1,3,3,1
ssp_socio3_ag3_gwmed_rs_gfdl_NDC_Tax_uct,2100,USA,water_td_irr_MissppRS_W,4.370522,14.32964,0.0592182,0.00849,6.536700929999999,1.16943,0.02457903,0.1055591,5.10386,0.0937002,0.0395726,2,1,1,2,1,3,3,1
ssp_socio3_ag3_gwmed_rs_hadgem_NDC_Tax_ffict,2100,USA,water_td_irr_MissppRS_W,4.74736,14.03024,0.0622374,0.00767531,7.13982052,1.349316,0.02532826,0.1036339,5.531219999999999,0.099137,0.03118536,2,1,2,1,1,3,3,1
ssp_socio3_ag3_gwmed_rs_hadgem_NDC_Tax_uct,2100,USA,water_td_irr_MissppRS_W,4.3640170000000005,14.29341,0.0590065,0.00847541,6.53984425,1.171073,0.02469897,0.1053813999999999,5.1054,0.0937182,0.03957268,2,1,2,2,1,3,3,1
ssp_socio3_ag3_gwmed_rs_ipsl_NDC_Tax_ffict,2100,USA,water_td_irr_MissppRS_W,4.78207,14.14985,0.0624246999999999,0.00772522,7.19009403,1.360163,0.02541643,0.1045737,5.56909,0.0993903,0.0314606,2,1,3,1,1,3,3,1
ssp_socio3_ag3_gwmed_rs_ipsl_NDC_Tax_uct,2100,USA,water_td_irr_MissppRS_W,4.433866,14.35939,0.0587524,0.00849789,6.54651036,1.1716719999999998,0.02462156,0.1059321,5.11125,0.0934045,0.0396302,2,1,3,2,1,3,3,1
ssp_socio3_ag3_gwmed_rs_miroc_NDC_Tax_ffict,2100,USA,water_td_irr_MissppRS_W,4.8282,14.20338,0.0633749,0.0077764999999999,7.214055189999998,1.362161,0.02543119,0.1058475,5.5886999999999984,0.1002021999999999,0.0317133,2,1,4,1,1,3,3,1
ssp_socio3_ag3_gwmed_rs_miroc_NDC_Tax_uct,2100,USA,water_td_irr_MissppRS_W,4.459779,14.4003,0.0594791999999999,0.00851686,6.5483043599999995,1.166693,0.02434189,0.1080598999999999,5.11611,0.0933736999999999,0.03972587,2,1,4,2,1,3,3,1
ssp_socio3_ag3_gwmed_rs_noresm_NDC_Tax_ffict,2100,USA,water_td_irr_MissppRS_W,4.80134,14.17057,0.0628953999999999,0.0077535,7.22354324,1.36802,0.02572314,0.1056806,5.59173,0.1006392,0.0317502999999999,2,1,5,1,1,3,3,1
ssp_socio3_ag3_gwmed_rs_noresm_NDC_Tax_uct,2100,USA,water_td_irr_MissppRS_W,4.418997,14.2971,0.0584271999999999,0.00846708,6.55114255,1.172716,0.02478515,0.1059401,5.11417,0.0938262,0.0397051,2,1,5,2,1,3,3,1
ssp_socio3_ag4_gwhi_exp_gfdl_NDC_Tax_ffict,2100,USA,water_td_irr_MissppRS_W,4.34438,13.439710000000002,0.0657463,0.00687974,9.53896701,1.5869209999999998,0.02551971,0.1562152,7.6509800000000014,0.0894539999999999,0.0298770999999999,3,2,1,1,1,4,3,1
ssp_socio3_ag4_gwhi_exp_gfdl_NDC_Tax_uct,2100,USA,water_td_irr_MissppRS_W,4.011412,14.1039,0.0627718999999999,0.00828324,8.56367271,1.306318,0.02616824,0.1594379,6.9464500000000005,0.0854323999999999,0.03986617,3,2,1,2,1,4,3,1
ssp_socio3_ag4_gwhi_exp_hadgem_NDC_Tax_ffict,2100,USA,water_td_irr_MissppRS_W,4.341,13.41378,0.0655434999999999,0.00689928,9.538467749999999,1.581482,0.02552315,0.1560727999999999,7.656239999999999,0.0894207,0.0297291,3,2,2,1,1,4,3,1
ssp_socio3_ag4_gwhi_exp_hadgem_NDC_Tax_uct,2100,USA,water_td_irr_MissppRS_W,4.016665,14.06693,0.0624780999999999,0.00827337,8.56642796,1.306295,0.02629738,0.1589892999999999,6.9495700000000005,0.0854197,0.03985658,3,2,2,2,1,4,3,1
ssp_socio3_ag4_gwhi_exp_ipsl_NDC_Tax_ffict,2100,USA,water_td_irr_MissppRS_W,4.34598,13.49473,0.0657367,0.0069357299999999,9.610409679999998,1.5957659999999998,0.02572068,0.1562849,7.71289,0.0897516,0.0299965,3,2,3,1,1,4,3,1
ssp_socio3_ag4_gwhi_exp_ipsl_NDC_Tax_uct,2100,USA,water_td_irr_MissppRS_W,3.998141,14.10993,0.0625434999999999,0.00830822,8.58785472,1.309086,0.02623044,0.15842,6.96847,0.0857227,0.03992558,3,2,3,2,1,4,3,1
ssp_socio3_ag4_gwhi_exp_miroc_NDC_Tax_ffict,2100,USA,water_td_irr_MissppRS_W,4.4063300000000005,13.59909,0.0667963,0.00699736,9.66680618,1.599028,0.02576918,0.1598587,7.76077,0.0910699,0.0303104,3,2,4,1,1,4,3,1
ssp_socio3_ag4_gwhi_exp_miroc_NDC_Tax_uct,2100,USA,water_td_irr_MissppRS_W,4.036021,14.18284,0.0631659,0.00833343,8.59052978,1.3089540000000002,0.02599463,0.1640687,6.96576,0.0856593,0.04009315,3,2,4,2,1,4,3,1
ssp_socio3_ag4_gwhi_exp_noresm_NDC_Tax_ffict,2100,USA,water_td_irr_MissppRS_W,4.3919,13.59986,0.066456,0.00698289,9.68131852,1.606513,0.02613882,0.1589049,7.768489999999999,0.0909362,0.0303356,3,2,5,1,1,4,3,1
ssp_socio3_ag4_gwhi_exp_noresm_NDC_Tax_uct,2100,USA,water_td_irr_MissppRS_W,4.050341,14.13279,0.0626775,0.00829634,8.597420589999999,1.308644,0.02645101,0.1592515,6.97744,0.0856218,0.04001228,3,2,5,2,1,4,3,1
ssp_socio3_ag4_gwhi_rs_gfdl_NDC_Tax_ffict,2100,USA,water_td_irr_MissppRS_W,4.36407,13.52012,0.065889,0.00693926,9.52610504,1.581537,0.02527804,0.1592256,7.641059999999999,0.0891184,0.029886,3,1,1,1,1,4,3,1
ssp_socio3_ag4_gwhi_rs_gfdl_NDC_Tax_uct,2100,USA,water_td_irr_MissppRS_W,4.028211,14.19019,0.0629726999999999,0.00831761,8.556144940000001,1.3031700000000002,0.02577203,0.1655769,6.9366400000000015,0.0850508,0.03993521,3,1,1,2,1,4,3,1
ssp_socio3_ag4_gwhi_rs_hadgem_NDC_Tax_ffict,2100,USA,water_td_irr_MissppRS_W,4.35579,13.47571,0.0656141,0.00695137,9.512541480000001,1.579363,0.02535858,0.1580339999999999,7.631010000000001,0.089069,0.0297069,3,1,2,1,1,4,3,1
ssp_socio3_ag4_gwhi_rs_hadgem_NDC_Tax_uct,2100,USA,water_td_irr_MissppRS_W,4.033512,14.15624,0.0626703,0.00831739,8.55866055,1.305792,0.0259199,0.164974,6.93703,0.0850385999999999,0.03990605,3,1,2,2,1,4,3,1
ssp_socio3_ag4_gwhi_rs_ipsl_NDC_Tax_ffict,2100,USA,water_td_irr_MissppRS_W,4.36827,13.62708,0.0658631,0.0070058399999999,9.59019148,1.612255,0.02553338,0.1596182,7.6733,0.0893626,0.0301223,3,1,3,1,1,4,3,1
ssp_socio3_ag4_gwhi_rs_ipsl_NDC_Tax_uct,2100,USA,water_td_irr_MissppRS_W,4.027929,14.234229999999998,0.0629516,0.00835876,8.58488499,1.308947,0.02571967,0.1657391,6.95908,0.0853265,0.04007272,3,1,3,2,1,4,3,1
ssp_socio3_ag4_gwhi_rs_miroc_NDC_Tax_ffict,2100,USA,water_td_irr_MissppRS_W,4.42569,13.66708,0.0669398,0.00705437,9.64335189,1.600695,0.02554339,0.1630437,7.73314,0.0905588,0.030371,3,1,4,1,1,4,3,1
ssp_socio3_ag4_gwhi_rs_miroc_NDC_Tax_uct,2100,USA,water_td_irr_MissppRS_W,4.065361,14.2539,0.0635005999999999,0.00837006,8.591164090000001,1.307517,0.02566492,0.1680376999999999,6.9645100000000015,0.0852286,0.04020587,3,1,4,2,1,4,3,1
ssp_socio3_ag4_gwhi_rs_noresm_NDC_Tax_ffict,2100,USA,water_td_irr_MissppRS_W,4.41036,13.60974,0.0666322999999999,0.0070207399999999,9.661095989999998,1.602393,0.02596609,0.1610193,7.750739999999999,0.0906516,0.030326,3,1,5,1,1,4,3,1
ssp_socio3_ag4_gwhi_rs_noresm_NDC_Tax_uct,2100,USA,water_td_irr_MissppRS_W,4.031443,14.14937,0.0626611,0.00831469,8.59328522,1.309516,0.02622875,0.1639233,6.968030000000001,0.0854561,0.04013107,3,1,5,2,1,4,3,1
ssp_socio3_ag4_gwlo_exp_gfdl_NDC_Tax_ffict,2100,USA,water_td_irr_MissppRS_W,4.40551,13.486629999999998,0.0656369,0.00688361,9.519107609999999,1.585487,0.02534161,0.1594629,7.629709999999998,0.0892025999999999,0.0299035,1,2,1,1,1,4,3,1
ssp_socio3_ag4_gwlo_exp_gfdl_NDC_Tax_uct,2100,USA,water_td_irr_MissppRS_W,4.071269999999999,14.15243,0.0626039999999999,0.00827792,8.551217099999999,1.303427,0.0259333,0.1630754999999999,6.9338,0.0851214,0.0398599,1,2,1,2,1,4,3,1
ssp_socio3_ag4_gwlo_exp_hadgem_NDC_Tax_ffict,2100,USA,water_td_irr_MissppRS_W,4.37639,13.44489,0.0654684,0.00690142,9.52792605,1.5804870000000002,0.02538285,0.1589429,7.644139999999999,0.0892206,0.0297527,1,2,2,1,1,4,3,1
ssp_socio3_ag4_gwlo_exp_hadgem_NDC_Tax_uct,2100,USA,water_td_irr_MissppRS_W,4.058038,14.1212,0.062463,0.00827636,8.55871149,1.304415,0.02603525,0.1629953,6.940230000000001,0.0851783,0.03985764,1,2,2,2,1,4,3,1
ssp_socio3_ag4_gwlo_exp_ipsl_NDC_Tax_ffict,2100,USA,water_td_irr_MissppRS_W,4.4,13.52451,0.0655981,0.0069345899999999,9.597144850000001,1.59304,0.02557015,0.1585525,7.70046,0.0895112999999999,0.0300109,1,2,3,1,1,4,3,1
ssp_socio3_ag4_gwlo_exp_ipsl_NDC_Tax_uct,2100,USA,water_td_irr_MissppRS_W,4.046363,14.15143,0.0624635999999999,0.00830124,8.57838769,1.307041,0.02599868,0.1617553,6.958209999999999,0.0854515,0.03993121,1,2,3,2,1,4,3,1
ssp_socio3_ag4_gwlo_exp_miroc_NDC_Tax_ffict,2100,USA,water_td_irr_MissppRS_W,4.47945,13.65643,0.0667103,0.00700115,9.638510339999998,1.600222,0.02554114,0.1638522999999999,7.727819999999999,0.0906985,0.0303764,1,2,4,1,1,4,3,1
ssp_socio3_ag4_gwlo_exp_miroc_NDC_Tax_uct,2100,USA,water_td_irr_MissppRS_W,4.106875,14.22325,0.0629338,0.00832078,8.576550040000003,1.30652,0.02584286,0.1656527,6.9531600000000005,0.0853001999999999,0.04007428,1,2,4,2,1,4,3,1
ssp_socio3_ag4_gwlo_exp_noresm_NDC_Tax_ffict,2100,USA,water_td_irr_MissppRS_W,4.46341,13.62614,0.0661838,0.00697807,9.66280193,1.602411,0.02601783,0.1606797,7.7528000000000015,0.0905762,0.0303172,1,2,5,1,1,4,3,1
ssp_socio3_ag4_gwlo_exp_noresm_NDC_Tax_uct,2100,USA,water_td_irr_MissppRS_W,4.087405,14.1526,0.0622328,0.00828103,8.587064770000001,1.308561,0.02626805,0.1631846,6.96364,0.085378,0.04003312,1,2,5,2,1,4,3,1
ssp_socio3_ag4_gwlo_rs_gfdl_NDC_Tax_ffict,2100,USA,water_td_irr_MissppRS_W,4.48274,13.604309999999998,0.0657947,0.0069463,9.49586089,1.579002,0.02490489,0.1647235,7.608569999999999,0.0886825,0.029978,1,1,1,1,1,4,3,1
ssp_socio3_ag4_gwlo_rs_gfdl_NDC_Tax_uct,2100,USA,water_td_irr_MissppRS_W,4.1609750000000005,14.265059999999998,0.0627159,0.00831004,8.54405121,1.300843,0.02552738,0.1683922999999999,6.92465,0.0846698999999999,0.03996863,1,1,1,2,1,4,3,1
ssp_socio3_ag4_gwlo_rs_hadgem_NDC_Tax_ffict,2100,USA,water_td_irr_MissppRS_W,4.44795,13.555879999999998,0.0655985,0.00695718,9.491054759999999,1.574411,0.02500156,0.163767,7.609389999999999,0.0886979,0.0297873,1,1,2,1,1,4,3,1
ssp_socio3_ag4_gwlo_rs_hadgem_NDC_Tax_uct,2100,USA,water_td_irr_MissppRS_W,4.138757,14.22412,0.0625439,0.0083069,8.54336497,1.300567,0.0256575,0.1676401,6.924910000000001,0.0846697999999999,0.03992057,1,1,2,2,1,4,3,1
ssp_socio3_ag4_gwlo_rs_ipsl_NDC_Tax_ffict,2100,USA,water_td_irr_MissppRS_W,4.513669999999999,13.68433,0.0657385,0.00700686,9.5787925,1.586081,0.0250875999999999,0.16537,7.682869999999999,0.0891947,0.0301892,1,1,3,1,1,4,3,1
ssp_socio3_ag4_gwlo_rs_ipsl_NDC_Tax_uct,2100,USA,water_td_irr_MissppRS_W,4.176335,14.28347,0.0625932999999999,0.00834163,8.566657580000001,1.305542,0.02554748,0.1686677999999999,6.94172,0.0850884,0.0400919,1,1,3,2,1,4,3,1
ssp_socio3_ag4_gwlo_rs_miroc_NDC_Tax_ffict,2100,USA,water_td_irr_MissppRS_W,4.56652,13.74544,0.0667741999999999,0.0070552099999999,9.6072028,1.592018,0.0251381,0.1682835999999999,7.70118,0.090136,0.0304471,1,1,4,1,1,4,3,1
ssp_socio3_ag4_gwlo_rs_miroc_NDC_Tax_uct,2100,USA,water_td_irr_MissppRS_W,4.207152,14.31304,0.0629728,0.0083468999999999,8.566474030000002,1.303664,0.02547299,0.170595,6.94172,0.084822,0.04020004,1,1,4,2,1,4,3,1
ssp_socio3_ag4_gwlo_rs_noresm_NDC_Tax_ffict,2100,USA,water_td_irr_MissppRS_W,4.556710000000002,13.69887,0.0663691,0.00702359,9.608155179999999,1.604704,0.02560548,0.1670466,7.69015,0.0901733999999999,0.0304757,1,1,5,1,1,4,3,1
ssp_socio3_ag4_gwlo_rs_noresm_NDC_Tax_uct,2100,USA,water_td_irr_MissppRS_W,4.1872810000000005,14.23399,0.0623337,0.00829448,8.56509021,1.305705,0.02583797,0.1687796,6.93964,0.0849785,0.04014914,1,1,5,2,1,4,3,1
ssp_socio3_ag4_gwmed_exp_gfdl_NDC_Tax_ffict,2100,USA,water_td_irr_MissppRS_W,4.34941,13.45669,0.0658218999999999,0.00688506,9.52971172,1.592068,0.02549442,0.1569986,7.63578,0.0894648999999999,0.0299058,2,2,1,1,1,4,3,1
ssp_socio3_ag4_gwmed_exp_gfdl_NDC_Tax_uct,2100,USA,water_td_irr_MissppRS_W,4.0334660000000016,14.133120000000002,0.0627371,0.00828286,8.55937607,1.304936,0.02599399,0.1623372,6.940930000000001,0.0853087999999999,0.03987008,2,2,1,2,1,4,3,1
ssp_socio3_ag4_gwmed_exp_hadgem_NDC_Tax_ffict,2100,USA,water_td_irr_MissppRS_W,4.3423,13.418029999999998,0.0655905,0.0069003999999999,9.53769602,1.581738,0.02549532,0.1567281999999999,7.654610000000001,0.0893847,0.0297397999999999,2,2,2,1,1,4,3,1
ssp_socio3_ag4_gwmed_exp_hadgem_NDC_Tax_uct,2100,USA,water_td_irr_MissppRS_W,4.021369,14.09796,0.0626241999999999,0.00827966,8.56531625,1.305487,0.02610135,0.1621816999999999,6.94632,0.0853406999999999,0.0398855,2,2,2,2,1,4,3,1
ssp_socio3_ag4_gwmed_exp_ipsl_NDC_Tax_ffict,2100,USA,water_td_irr_MissppRS_W,4.34325,13.55376,0.0657155,0.0069442199999999,9.5668894,1.634799,0.0258397999999999,0.1576965,7.628760000000001,0.0895895,0.0302045999999999,2,2,3,1,1,4,3,1
ssp_socio3_ag4_gwmed_exp_ipsl_NDC_Tax_uct,2100,USA,water_td_irr_MissppRS_W,4.033015,14.12921,0.0624306,0.00830858,8.58558134,1.309189,0.02614433,0.1596645,6.965070000000001,0.0855967,0.03991681,2,2,3,2,1,4,3,1
ssp_socio3_ag4_gwmed_exp_miroc_NDC_Tax_ffict,2100,USA,water_td_irr_MissppRS_W,4.412719999999999,13.62774,0.0669068,0.00700484,9.649147169999999,1.61265,0.02573827,0.1616019,7.72775,0.0910142,0.0303928,2,2,4,1,1,4,3,1
ssp_socio3_ag4_gwmed_exp_miroc_NDC_Tax_uct,2100,USA,water_td_irr_MissppRS_W,4.07907,14.199470000000002,0.0629228,0.00832424,8.58180541,1.3074629999999998,0.02593512,0.1648610999999999,6.957999999999999,0.0854871,0.04005909,2,2,4,2,1,4,3,1
ssp_socio3_ag4_gwmed_exp_noresm_NDC_Tax_ffict,2100,USA,water_td_irr_MissppRS_W,4.39834,13.60419,0.0664381999999999,0.00698221,9.67930529,1.606106,0.02612299,0.1592524,7.7666,0.0908896999999999,0.0303342,2,2,5,1,1,4,3,1
ssp_socio3_ag4_gwmed_exp_noresm_NDC_Tax_uct,2100,USA,water_td_irr_MissppRS_W,4.063818,14.121860000000002,0.062255,0.00827521,8.59066379,1.311456,0.02645066,0.1604632,6.96677,0.0855145,0.04000943,2,2,5,2,1,4,3,1
ssp_socio3_ag4_gwmed_rs_gfdl_NDC_Tax_ffict,2100,USA,water_td_irr_MissppRS_W,4.3721,13.54493,0.0660244,0.00694926,9.523499710000001,1.581457,0.02515151,0.1611688999999999,7.6367,0.0890818,0.0299405,2,1,1,1,1,4,3,1
ssp_socio3_ag4_gwmed_rs_gfdl_NDC_Tax_uct,2100,USA,water_td_irr_MissppRS_W,4.063488,14.22638,0.063029,0.00832652,8.560909549999998,1.303432,0.02563686,0.1669378,6.939989999999999,0.0849348,0.03997809,2,1,1,2,1,4,3,1
ssp_socio3_ag4_gwmed_rs_hadgem_NDC_Tax_ffict,2100,USA,water_td_irr_MissppRS_W,4.35953,13.492679999999998,0.0657143999999999,0.00695615,9.510792959999998,1.578569,0.02526006,0.1599577999999999,7.628239999999999,0.0890265,0.0297395999999999,2,1,2,1,1,4,3,1
ssp_socio3_ag4_gwmed_rs_hadgem_NDC_Tax_uct,2100,USA,water_td_irr_MissppRS_W,4.040074,14.1667,0.0627608,0.00832031,8.561366849999999,1.303821,0.02585587,0.16573,6.94105,0.0849887,0.03992128,2,1,2,2,1,4,3,1
ssp_socio3_ag4_gwmed_rs_ipsl_NDC_Tax_ffict,2100,USA,water_td_irr_MissppRS_W,4.38702,13.636590000000002,0.0659586,0.00700931,9.60551969,1.597777,0.02535759,0.1616339,7.70125,0.0893813,0.0301199,2,1,3,1,1,4,3,1
ssp_socio3_ag4_gwmed_rs_ipsl_NDC_Tax_uct,2100,USA,water_td_irr_MissppRS_W,4.091904,14.26634,0.0627441,0.00836542,8.58138516,1.306162,0.02560029,0.1672915999999999,6.95715,0.0851093,0.04007197,2,1,3,2,1,4,3,1
ssp_socio3_ag4_gwmed_rs_miroc_NDC_Tax_ffict,2100,USA,water_td_irr_MissppRS_W,4.44036,13.68688,0.0671146,0.0070608999999999,9.637612609999998,1.59743,0.02539601,0.1651425999999999,7.728689999999999,0.0905519,0.0304020999999999,2,1,4,1,1,4,3,1
ssp_socio3_ag4_gwmed_rs_miroc_NDC_Tax_uct,2100,USA,water_td_irr_MissppRS_W,4.133249,14.28104,0.0631711,0.0083591699999999,8.57634058,1.305512,0.02556473,0.169264,6.950880000000001,0.084938,0.04018185,2,1,4,2,1,4,3,1
ssp_socio3_ag4_gwmed_rs_noresm_NDC_Tax_ffict,2100,USA,water_td_irr_MissppRS_W,4.41735,13.63076,0.0666273999999999,0.0070268899999999,9.65024524,1.603789,0.02589784,0.1625299,7.73706,0.0905743,0.0303942,2,1,5,1,1,4,3,1
ssp_socio3_ag4_gwmed_rs_noresm_NDC_Tax_uct,2100,USA,water_td_irr_MissppRS_W,4.089983999999999,14.18588,0.0624766,0.0083116199999999,8.581420839999996,1.307452,0.026014,0.1669829,6.955629999999998,0.0852107,0.04013124,2,1,5,2,1,4,3,1
